date,index_name,close
2026-08-14,發行量加權股價指數,45811.01
2026-08-14,水泥窯製類指數,615.47
2026-08-14,塑膠化工類指數,1105.04
2026-08-14,機電類指數,16098.88
2026-08-14,水泥類指數,119.82
2026-08-14,食品類指數,1913.47
2026-08-14,塑膠類指數,346.83
2026-08-14,紡織纖維類指數,479.57
2026-08-14,電機機械類指數,552.23
2026-08-14,電器電纜類指數,110.9
2026-08-14,化學生技醫療類指數,175.74
2026-08-14,化學類指數,189.69
2026-08-14,生技醫療類指數,102.54
2026-08-14,玻璃陶瓷類指數,138.18
2026-08-14,造紙類指數,277.68
2026-08-14,鋼鐵類指數,119.72
2026-08-14,橡膠類指數,191.93
2026-08-14,汽車類指數,293.62
2026-08-14,電子工業類指數,2924.89
2026-08-14,半導體類指數,1539.15
2026-08-14,電腦及週邊設備類指數,465.79
2026-08-14,光電類指數,63.59
2026-08-14,通信網路類指數,237.45
2026-08-14,電子零組件類指數,945.87
2026-08-14,電子通路類指數,371.32
2026-08-14,資訊服務類指數,226.29
2026-08-14,其他電子類指數,286.1
2026-08-14,建材營造類指數,454.13
2026-08-14,航運類指數,194.49
2026-08-14,觀光餐旅類指數,99.76
2026-08-14,金融保險類指數,3196.52
2026-08-14,貿易百貨類指數,235.25
2026-08-14,油電燃氣類指數,96.69
2026-08-14,綠能環保類指數,133.38
2026-08-14,數位雲端類指數,41.44
2026-08-14,運動休閒類指數,59.2
2026-08-14,居家生活類指數,101.64
2026-08-14,其他類指數,280.26
2026-08-13,發行量加權股價指數,46021.48
2026-08-13,水泥窯製類指數,602.99
2026-08-13,塑膠化工類指數,1064.29
2026-08-13,機電類指數,16225.25
2026-08-13,水泥類指數,117.31
2026-08-13,食品類指數,1928.2
2026-08-13,塑膠類指數,323.69
2026-08-13,紡織纖維類指數,481.06
2026-08-13,電機機械類指數,555.37
2026-08-13,電器電纜類指數,111.1
2026-08-13,化學生技醫療類指數,175.08
2026-08-13,化學類指數,194.55
2026-08-13,生技醫療類指數,100.98
2026-08-13,玻璃陶瓷類指數,135.54
2026-08-13,造紙類指數,280.15
2026-08-13,鋼鐵類指數,122.71
2026-08-13,橡膠類指數,196.1
2026-08-13,汽車類指數,295.34
2026-08-13,電子工業類指數,2947.99
2026-08-13,半導體類指數,1561.75
2026-08-13,電腦及週邊設備類指數,459.48
2026-08-13,光電類指數,63.93
2026-08-13,通信網路類指數,237.35
2026-08-13,電子零組件類指數,933.79
2026-08-13,電子通路類指數,381.57
2026-08-13,資訊服務類指數,218.79
2026-08-13,其他電子類指數,287.79
2026-08-13,建材營造類指數,458.48
2026-08-13,航運類指數,191.62
2026-08-13,觀光餐旅類指數,100.02
2026-08-13,金融保險類指數,3167.17
2026-08-13,貿易百貨類指數,232.63
2026-08-13,油電燃氣類指數,95.3
2026-08-13,綠能環保類指數,135.67
2026-08-13,數位雲端類指數,42.07
2026-08-13,運動休閒類指數,59.85
2026-08-13,居家生活類指數,100.13
2026-08-13,其他類指數,279.19
2026-08-12,發行量加權股價指數,45518.07
2026-08-12,水泥窯製類指數,611.08
2026-08-12,塑膠化工類指數,1066.16
2026-08-12,機電類指數,16002.42
2026-08-12,水泥類指數,119.11
2026-08-12,食品類指數,1931.67
2026-08-12,塑膠類指數,322.6
2026-08-12,紡織纖維類指數,483.29
2026-08-12,電機機械類指數,556.38
2026-08-12,電器電纜類指數,112.49
2026-08-12,化學生技醫療類指數,176.08
2026-08-12,化學類指數,195.81
2026-08-12,生技醫療類指數,101.54
2026-08-12,玻璃陶瓷類指數,136.88
2026-08-12,造紙類指數,283.03
2026-08-12,鋼鐵類指數,122.81
2026-08-12,橡膠類指數,200.49
2026-08-12,汽車類指數,291.55
2026-08-12,電子工業類指數,2906.62
2026-08-12,半導體類指數,1541.0
2026-08-12,電腦及週邊設備類指數,445.96
2026-08-12,光電類指數,63.89
2026-08-12,通信網路類指數,236.44
2026-08-12,電子零組件類指數,911.43
2026-08-12,電子通路類指數,382.23
2026-08-12,資訊服務類指數,210.21
2026-08-12,其他電子類指數,290.5
2026-08-12,建材營造類指數,456.45
2026-08-12,航運類指數,192.36
2026-08-12,觀光餐旅類指數,100.14
2026-08-12,金融保險類指數,3175.77
2026-08-12,貿易百貨類指數,235.05
2026-08-12,油電燃氣類指數,95.87
2026-08-12,綠能環保類指數,137.7
2026-08-12,數位雲端類指數,42.17
2026-08-12,運動休閒類指數,60.45
2026-08-12,居家生活類指數,104.63
2026-08-12,其他類指數,277.91
2026-08-11,發行量加權股價指數,45120.72
2026-08-11,水泥窯製類指數,608.0
2026-08-11,塑膠化工類指數,1062.92
2026-08-11,機電類指數,15833.95
2026-08-11,水泥類指數,119.77
2026-08-11,食品類指數,1930.39
2026-08-11,塑膠類指數,321.92
2026-08-11,紡織纖維類指數,483.48
2026-08-11,電機機械類指數,543.62
2026-08-11,電器電纜類指數,108.84
2026-08-11,化學生技醫療類指數,175.31
2026-08-11,化學類指數,190.79
2026-08-11,生技醫療類指數,101.96
2026-08-11,玻璃陶瓷類指數,133.52
2026-08-11,造紙類指數,280.54
2026-08-11,鋼鐵類指數,123.31
2026-08-11,橡膠類指數,200.31
2026-08-11,汽車類指數,291.8
2026-08-11,電子工業類指數,2876.73
2026-08-11,半導體類指數,1529.65
2026-08-11,電腦及週邊設備類指數,433.94
2026-08-11,光電類指數,62.4
2026-08-11,通信網路類指數,232.85
2026-08-11,電子零組件類指數,901.73
2026-08-11,電子通路類指數,383.66
2026-08-11,資訊服務類指數,210.38
2026-08-11,其他電子類指數,284.32
2026-08-11,建材營造類指數,453.14
2026-08-11,航運類指數,193.29
2026-08-11,觀光餐旅類指數,100.71
2026-08-11,金融保險類指數,3174.73
2026-08-11,貿易百貨類指數,233.97
2026-08-11,油電燃氣類指數,96.84
2026-08-11,綠能環保類指數,136.91
2026-08-11,數位雲端類指數,42.4
2026-08-11,運動休閒類指數,60.95
2026-08-11,居家生活類指數,105.92
2026-08-11,其他類指數,278.53
2026-08-10,發行量加權股價指數,44928.76
2026-08-10,水泥窯製類指數,605.06
2026-08-10,塑膠化工類指數,1040.66
2026-08-10,機電類指數,15751.19
2026-08-10,水泥類指數,120.16
2026-08-10,食品類指數,1919.01
2026-08-10,塑膠類指數,317.11
2026-08-10,紡織纖維類指數,485.58
2026-08-10,電機機械類指數,547.35
2026-08-10,電器電纜類指數,108.03
2026-08-10,化學生技醫療類指數,170.02
2026-08-10,化學類指數,189.19
2026-08-10,生技醫療類指數,98.01
2026-08-10,玻璃陶瓷類指數,130.82
2026-08-10,造紙類指數,282.27
2026-08-10,鋼鐵類指數,123.81
2026-08-10,橡膠類指數,199.08
2026-08-10,汽車類指數,291.97
2026-08-10,電子工業類指數,2861.19
2026-08-10,半導體類指數,1520.75
2026-08-10,電腦及週邊設備類指數,436.28
2026-08-10,光電類指數,63.6
2026-08-10,通信網路類指數,235.11
2026-08-10,電子零組件類指數,885.1
2026-08-10,電子通路類指數,389.07
2026-08-10,資訊服務類指數,211.76
2026-08-10,其他電子類指數,284.21
2026-08-10,建材營造類指數,456.84
2026-08-10,航運類指數,192.85
2026-08-10,觀光餐旅類指數,101.29
2026-08-10,金融保險類指數,3211.03
2026-08-10,貿易百貨類指數,234.49
2026-08-10,油電燃氣類指數,94.47
2026-08-10,綠能環保類指數,140.08
2026-08-10,數位雲端類指數,42.69
2026-08-10,運動休閒類指數,59.62
2026-08-10,居家生活類指數,102.71
2026-08-10,其他類指數,274.67
2026-08-07,發行量加權股價指數,44225.91
2026-08-07,水泥窯製類指數,596.49
2026-08-07,塑膠化工類指數,1029.77
2026-08-07,機電類指數,15470.28
2026-08-07,水泥類指數,119.41
2026-08-07,食品類指數,1920.4
2026-08-07,塑膠類指數,320.61
2026-08-07,紡織纖維類指數,482.38
2026-08-07,電機機械類指數,536.22
2026-08-07,電器電纜類指數,102.0
2026-08-07,化學生技醫療類指數,163.75
2026-08-07,化學類指數,184.56
2026-08-07,生技醫療類指數,93.9
2026-08-07,玻璃陶瓷類指數,126.94
2026-08-07,造紙類指數,278.15
2026-08-07,鋼鐵類指數,121.74
2026-08-07,橡膠類指數,195.89
2026-08-07,汽車類指數,291.29
2026-08-07,電子工業類指數,2810.55
2026-08-07,半導體類指數,1502.35
2026-08-07,電腦及週邊設備類指數,426.29
2026-08-07,光電類指數,60.99
2026-08-07,通信網路類指數,235.95
2026-08-07,電子零組件類指數,844.07
2026-08-07,電子通路類指數,373.47
2026-08-07,資訊服務類指數,212.74
2026-08-07,其他電子類指數,280.11
2026-08-07,建材營造類指數,459.31
2026-08-07,航運類指數,192.73
2026-08-07,觀光餐旅類指數,100.41
2026-08-07,金融保險類指數,3191.74
2026-08-07,貿易百貨類指數,234.17
2026-08-07,油電燃氣類指數,97.36
2026-08-07,綠能環保類指數,137.0
2026-08-07,數位雲端類指數,43.52
2026-08-07,運動休閒類指數,58.46
2026-08-07,居家生活類指數,102.66
2026-08-07,其他類指數,274.29
2026-08-06,發行量加權股價指數,44396.7
2026-08-06,水泥窯製類指數,601.73
2026-08-06,塑膠化工類指數,1015.51
2026-08-06,機電類指數,15579.5
2026-08-06,水泥類指數,119.43
2026-08-06,食品類指數,1884.59
2026-08-06,塑膠類指數,309.0
2026-08-06,紡織纖維類指數,484.57
2026-08-06,電機機械類指數,541.17
2026-08-06,電器電纜類指數,101.04
2026-08-06,化學生技醫療類指數,166.45
2026-08-06,化學類指數,185.85
2026-08-06,生技醫療類指數,95.82
2026-08-06,玻璃陶瓷類指數,130.24
2026-08-06,造紙類指數,275.66
2026-08-06,鋼鐵類指數,120.15
2026-08-06,橡膠類指數,191.99
2026-08-06,汽車類指數,291.86
2026-08-06,電子工業類指數,2830.41
2026-08-06,半導體類指數,1505.44
2026-08-06,電腦及週邊設備類指數,435.05
2026-08-06,光電類指數,62.88
2026-08-06,通信網路類指數,243.48
2026-08-06,電子零組件類指數,854.78
2026-08-06,電子通路類指數,388.57
2026-08-06,資訊服務類指數,212.04
2026-08-06,其他電子類指數,284.18
2026-08-06,建材營造類指數,456.76
2026-08-06,航運類指數,190.27
2026-08-06,觀光餐旅類指數,99.26
2026-08-06,金融保險類指數,3160.38
2026-08-06,貿易百貨類指數,232.78
2026-08-06,油電燃氣類指數,92.91
2026-08-06,綠能環保類指數,135.3
2026-08-06,數位雲端類指數,40.73
2026-08-06,運動休閒類指數,58.21
2026-08-06,居家生活類指數,102.69
2026-08-06,其他類指數,272.58
2026-08-05,發行量加權股價指數,44611.6
2026-08-05,水泥窯製類指數,595.69
2026-08-05,塑膠化工類指數,1017.84
2026-08-05,機電類指數,15639.63
2026-08-05,水泥類指數,118.22
2026-08-05,食品類指數,1881.57
2026-08-05,塑膠類指數,308.41
2026-08-05,紡織纖維類指數,480.25
2026-08-05,電機機械類指數,535.59
2026-08-05,電器電纜類指數,101.77
2026-08-05,化學生技醫療類指數,167.95
2026-08-05,化學類指數,184.13
2026-08-05,生技醫療類指數,97.4
2026-08-05,玻璃陶瓷類指數,128.95
2026-08-05,造紙類指數,269.98
2026-08-05,鋼鐵類指數,117.68
2026-08-05,橡膠類指數,190.06
2026-08-05,汽車類指數,288.55
2026-08-05,電子工業類指數,2841.92
2026-08-05,半導體類指數,1524.6
2026-08-05,電腦及週邊設備類指數,430.33
2026-08-05,光電類指數,62.05
2026-08-05,通信網路類指數,242.96
2026-08-05,電子零組件類指數,839.72
2026-08-05,電子通路類指數,387.84
2026-08-05,資訊服務類指數,214.72
2026-08-05,其他電子類指數,276.7
2026-08-05,建材營造類指數,459.5
2026-08-05,航運類指數,191.86
2026-08-05,觀光餐旅類指數,98.94
2026-08-05,金融保險類指數,3229.71
2026-08-05,貿易百貨類指數,234.63
2026-08-05,油電燃氣類指數,93.47
2026-08-05,綠能環保類指數,132.18
2026-08-05,數位雲端類指數,40.9
2026-08-05,運動休閒類指數,57.02
2026-08-05,居家生活類指數,101.24
2026-08-05,其他類指數,274.2
2026-08-04,發行量加權股價指數,43360.66
2026-08-04,水泥窯製類指數,585.02
2026-08-04,塑膠化工類指數,984.76
2026-08-04,機電類指數,15143.17
2026-08-04,水泥類指數,116.7
2026-08-04,食品類指數,1891.83
2026-08-04,塑膠類指數,299.97
2026-08-04,紡織纖維類指數,481.3
2026-08-04,電機機械類指數,516.51
2026-08-04,電器電纜類指數,100.09
2026-08-04,化學生技醫療類指數,160.89
2026-08-04,化學類指數,180.87
2026-08-04,生技醫療類指數,92.37
2026-08-04,玻璃陶瓷類指數,125.37
2026-08-04,造紙類指數,269.8
2026-08-04,鋼鐵類指數,117.8
2026-08-04,橡膠類指數,188.96
2026-08-04,汽車類指數,288.66
2026-08-04,電子工業類指數,2751.77
2026-08-04,半導體類指數,1471.0
2026-08-04,電腦及週邊設備類指數,421.69
2026-08-04,光電類指數,60.22
2026-08-04,通信網路類指數,239.51
2026-08-04,電子零組件類指數,816.95
2026-08-04,電子通路類指數,370.42
2026-08-04,資訊服務類指數,211.97
2026-08-04,其他電子類指數,270.75
2026-08-04,建材營造類指數,457.04
2026-08-04,航運類指數,191.17
2026-08-04,觀光餐旅類指數,99.01
2026-08-04,金融保險類指數,3203.06
2026-08-04,貿易百貨類指數,234.51
2026-08-04,油電燃氣類指數,94.13
2026-08-04,綠能環保類指數,129.28
2026-08-04,數位雲端類指數,40.19
2026-08-04,運動休閒類指數,56.17
2026-08-04,居家生活類指數,101.4
2026-08-04,其他類指數,272.46
2026-08-03,發行量加權股價指數,43386.41
2026-08-03,水泥窯製類指數,572.27
2026-08-03,塑膠化工類指數,962.34
2026-08-03,機電類指數,15158.62
2026-08-03,水泥類指數,117.92
2026-08-03,食品類指數,1884.08
2026-08-03,塑膠類指數,291.02
2026-08-03,紡織纖維類指數,475.53
2026-08-03,電機機械類指數,507.34
2026-08-03,電器電纜類指數,97.63
2026-08-03,化學生技醫療類指數,158.31
2026-08-03,化學類指數,178.6
2026-08-03,生技醫療類指數,90.75
2026-08-03,玻璃陶瓷類指數,114.66
2026-08-03,造紙類指數,266.98
2026-08-03,鋼鐵類指數,117.78
2026-08-03,橡膠類指數,188.05
2026-08-03,汽車類指數,291.42
2026-08-03,電子工業類指數,2755.52
2026-08-03,半導體類指數,1491.44
2026-08-03,電腦及週邊設備類指數,409.39
2026-08-03,光電類指數,57.42
2026-08-03,通信網路類指數,240.31
2026-08-03,電子零組件類指數,782.07
2026-08-03,電子通路類指數,360.87
2026-08-03,資訊服務類指數,210.14
2026-08-03,其他電子類指數,270.59
2026-08-03,建材營造類指數,466.48
2026-08-03,航運類指數,191.23
2026-08-03,觀光餐旅類指數,100.31
2026-08-03,金融保險類指數,3220.6
2026-08-03,貿易百貨類指數,235.23
2026-08-03,油電燃氣類指數,93.47
2026-08-03,綠能環保類指數,124.34
2026-08-03,數位雲端類指數,39.57
2026-08-03,運動休閒類指數,57.0
2026-08-03,居家生活類指數,101.35
2026-08-03,其他類指數,274.1
2026-07-31,發行量加權股價指數,43119.75
2026-07-31,水泥窯製類指數,571.38
2026-07-31,塑膠化工類指數,936.17
2026-07-31,機電類指數,15041.77
2026-07-31,水泥類指數,119.56
2026-07-31,食品類指數,1900.78
2026-07-31,塑膠類指數,286.96
2026-07-31,紡織纖維類指數,475.14
2026-07-31,電機機械類指數,485.66
2026-07-31,電器電纜類指數,94.75
2026-07-31,化學生技醫療類指數,150.81
2026-07-31,化學類指數,174.1
2026-07-31,生技醫療類指數,85.62
2026-07-31,玻璃陶瓷類指數,110.61
2026-07-31,造紙類指數,265.44
2026-07-31,鋼鐵類指數,116.82
2026-07-31,橡膠類指數,188.6
2026-07-31,汽車類指數,300.16
2026-07-31,電子工業類指數,2735.83
2026-07-31,半導體類指數,1494.81
2026-07-31,電腦及週邊設備類指數,390.98
2026-07-31,光電類指數,56.93
2026-07-31,通信網路類指數,231.34
2026-07-31,電子零組件類指數,754.93
2026-07-31,電子通路類指數,353.31
2026-07-31,資訊服務類指數,217.49
2026-07-31,其他電子類指數,269.92
2026-07-31,建材營造類指數,468.25
2026-07-31,航運類指數,189.57
2026-07-31,觀光餐旅類指數,101.26
2026-07-31,金融保險類指數,3251.17
2026-07-31,貿易百貨類指數,237.4
2026-07-31,油電燃氣類指數,96.86
2026-07-31,綠能環保類指數,120.64
2026-07-31,數位雲端類指數,39.36
2026-07-31,運動休閒類指數,56.92
2026-07-31,居家生活類指數,102.55
2026-07-31,其他類指數,272.49
2026-07-30,發行量加權股價指數,39933.3
2026-07-30,水泥窯製類指數,559.19
2026-07-30,塑膠化工類指數,896.52
2026-07-30,機電類指數,13783.14
2026-07-30,水泥類指數,119.24
2026-07-30,食品類指數,1934.28
2026-07-30,塑膠類指數,269.07
2026-07-30,紡織纖維類指數,475.48
2026-07-30,電機機械類指數,461.43
2026-07-30,電器電纜類指數,88.63
2026-07-30,化學生技醫療類指數,147.6
2026-07-30,化學類指數,168.78
2026-07-30,生技醫療類指數,84.14
2026-07-30,玻璃陶瓷類指數,103.51
2026-07-30,造紙類指數,266.49
2026-07-30,鋼鐵類指數,116.76
2026-07-30,橡膠類指數,187.3
2026-07-30,汽車類指數,294.81
2026-07-30,電子工業類指數,2505.48
2026-07-30,半導體類指數,1361.31
2026-07-30,電腦及週邊設備類指數,364.48
2026-07-30,光電類指數,52.79
2026-07-30,通信網路類指數,223.3
2026-07-30,電子零組件類指數,694.68
2026-07-30,電子通路類指數,330.79
2026-07-30,資訊服務類指數,206.82
2026-07-30,其他電子類指數,247.86
2026-07-30,建材營造類指數,468.37
2026-07-30,航運類指數,185.95
2026-07-30,觀光餐旅類指數,100.58
2026-07-30,金融保險類指數,3112.75
2026-07-30,貿易百貨類指數,240.76
2026-07-30,油電燃氣類指數,97.78
2026-07-30,綠能環保類指數,115.02
2026-07-30,數位雲端類指數,39.19
2026-07-30,運動休閒類指數,57.54
2026-07-30,居家生活類指數,102.61
2026-07-30,其他類指數,269.67
2026-07-29,發行量加權股價指數,40039.18
2026-07-29,水泥窯製類指數,565.33
2026-07-29,塑膠化工類指數,904.62
2026-07-29,機電類指數,13834.2
2026-07-29,水泥類指數,119.47
2026-07-29,食品類指數,1973.82
2026-07-29,塑膠類指數,269.19
2026-07-29,紡織纖維類指數,473.54
2026-07-29,電機機械類指數,472.18
2026-07-29,電器電纜類指數,90.35
2026-07-29,化學生技醫療類指數,150.71
2026-07-29,化學類指數,170.75
2026-07-29,生技醫療類指數,86.24
2026-07-29,玻璃陶瓷類指數,106.94
2026-07-29,造紙類指數,264.69
2026-07-29,鋼鐵類指數,116.76
2026-07-29,橡膠類指數,187.0
2026-07-29,汽車類指數,288.72
2026-07-29,電子工業類指數,2513.96
2026-07-29,半導體類指數,1357.93
2026-07-29,電腦及週邊設備類指數,378.04
2026-07-29,光電類指數,54.51
2026-07-29,通信網路類指數,223.83
2026-07-29,電子零組件類指數,698.96
2026-07-29,電子通路類指數,334.27
2026-07-29,資訊服務類指數,206.71
2026-07-29,其他電子類指數,254.13
2026-07-29,建材營造類指數,469.75
2026-07-29,航運類指數,187.1
2026-07-29,觀光餐旅類指數,100.45
2026-07-29,金融保險類指數,3067.13
2026-07-29,貿易百貨類指數,247.42
2026-07-29,油電燃氣類指數,101.83
2026-07-29,綠能環保類指數,119.23
2026-07-29,數位雲端類指數,39.67
2026-07-29,運動休閒類指數,58.49
2026-07-29,居家生活類指數,101.88
2026-07-29,其他類指數,272.23
2026-07-28,發行量加權股價指數,41603.36
2026-07-28,水泥窯製類指數,584.32
2026-07-28,塑膠化工類指數,951.62
2026-07-28,機電類指數,14456.6
2026-07-28,水泥類指數,120.87
2026-07-28,食品類指數,1960.77
2026-07-28,塑膠類指數,289.57
2026-07-28,紡織纖維類指數,476.73
2026-07-28,電機機械類指數,485.65
2026-07-28,電器電纜類指數,93.44
2026-07-28,化學生技醫療類指數,155.01
2026-07-28,化學類指數,177.31
2026-07-28,生技醫療類指數,88.35
2026-07-28,玻璃陶瓷類指數,116.08
2026-07-28,造紙類指數,265.59
2026-07-28,鋼鐵類指數,116.61
2026-07-28,橡膠類指數,189.17
2026-07-28,汽車類指數,285.12
2026-07-28,電子工業類指數,2627.74
2026-07-28,半導體類指數,1420.31
2026-07-28,電腦及週邊設備類指數,385.99
2026-07-28,光電類指數,56.68
2026-07-28,通信網路類指數,230.88
2026-07-28,電子零組件類指數,749.07
2026-07-28,電子通路類指數,345.17
2026-07-28,資訊服務類指數,207.58
2026-07-28,其他電子類指數,259.48
2026-07-28,建材營造類指數,464.92
2026-07-28,航運類指數,187.88
2026-07-28,觀光餐旅類指數,99.95
2026-07-28,金融保險類指數,3096.84
2026-07-28,貿易百貨類指數,244.34
2026-07-28,油電燃氣類指數,101.69
2026-07-28,綠能環保類指數,123.79
2026-07-28,數位雲端類指數,38.8
2026-07-28,運動休閒類指數,57.7
2026-07-28,居家生活類指數,101.47
2026-07-28,其他類指數,277.45
2026-07-27,發行量加權股價指數,43634.19
2026-07-27,水泥窯製類指數,596.99
2026-07-27,塑膠化工類指數,1015.97
2026-07-27,機電類指數,15237.79
2026-07-27,水泥類指數,119.95
2026-07-27,食品類指數,1961.23
2026-07-27,塑膠類指數,315.79
2026-07-27,紡織纖維類指數,483.23
2026-07-27,電機機械類指數,518.39
2026-07-27,電器電纜類指數,97.89
2026-07-27,化學生技醫療類指數,162.17
2026-07-27,化學類指數,185.17
2026-07-27,生技醫療類指數,92.5
2026-07-27,玻璃陶瓷類指數,126.11
2026-07-27,造紙類指數,266.96
2026-07-27,鋼鐵類指數,118.71
2026-07-27,橡膠類指數,190.74
2026-07-27,汽車類指數,289.68
2026-07-27,電子工業類指數,2769.26
2026-07-27,半導體類指數,1485.92
2026-07-27,電腦及週邊設備類指數,407.45
2026-07-27,光電類指數,59.51
2026-07-27,通信網路類指數,240.4
2026-07-27,電子零組件類指數,823.03
2026-07-27,電子通路類指數,364.05
2026-07-27,資訊服務類指數,211.02
2026-07-27,其他電子類指數,275.1
2026-07-27,建材營造類指數,465.89
2026-07-27,航運類指數,188.98
2026-07-27,觀光餐旅類指數,100.32
2026-07-27,金融保險類指數,3157.5
2026-07-27,貿易百貨類指數,246.61
2026-07-27,油電燃氣類指數,105.76
2026-07-27,綠能環保類指數,131.05
2026-07-27,數位雲端類指數,40.16
2026-07-27,運動休閒類指數,58.32
2026-07-27,居家生活類指數,102.03
2026-07-27,其他類指數,280.07
2026-07-24,發行量加權股價指數,43654.84
2026-07-24,水泥窯製類指數,586.1
2026-07-24,塑膠化工類指數,1022.51
2026-07-24,機電類指數,15255.58
2026-07-24,水泥類指數,117.96
2026-07-24,食品類指數,1969.22
2026-07-24,塑膠類指數,323.29
2026-07-24,紡織纖維類指數,482.05
2026-07-24,電機機械類指數,511.91
2026-07-24,電器電纜類指數,98.39
2026-07-24,化學生技醫療類指數,159.42
2026-07-24,化學類指數,185.95
2026-07-24,生技醫療類指數,90.11
2026-07-24,玻璃陶瓷類指數,123.39
2026-07-24,造紙類指數,267.67
2026-07-24,鋼鐵類指數,117.96
2026-07-24,橡膠類指數,192.84
2026-07-24,汽車類指數,288.29
2026-07-24,電子工業類指數,2773.03
2026-07-24,半導體類指數,1486.11
2026-07-24,電腦及週邊設備類指數,410.86
2026-07-24,光電類指數,59.86
2026-07-24,通信網路類指數,238.37
2026-07-24,電子零組件類指數,827.23
2026-07-24,電子通路類指數,368.71
2026-07-24,資訊服務類指數,208.17
2026-07-24,其他電子類指數,276.0
2026-07-24,建材營造類指數,464.01
2026-07-24,航運類指數,190.14
2026-07-24,觀光餐旅類指數,99.92
2026-07-24,金融保險類指數,3112.36
2026-07-24,貿易百貨類指數,246.98
2026-07-24,油電燃氣類指數,115.25
2026-07-24,綠能環保類指數,133.86
2026-07-24,數位雲端類指數,39.59
2026-07-24,運動休閒類指數,58.1
2026-07-24,居家生活類指數,100.47
2026-07-24,其他類指數,279.67
2026-07-23,發行量加權股價指數,44850.81
2026-07-23,水泥窯製類指數,599.55
2026-07-23,塑膠化工類指數,1078.86
2026-07-23,機電類指數,15723.67
2026-07-23,水泥類指數,118.38
2026-07-23,食品類指數,1963.34
2026-07-23,塑膠類指數,351.44
2026-07-23,紡織纖維類指數,482.5
2026-07-23,電機機械類指數,524.35
2026-07-23,電器電纜類指數,100.1
2026-07-23,化學生技醫療類指數,162.25
2026-07-23,化學類指數,190.31
2026-07-23,生技醫療類指數,91.49
2026-07-23,玻璃陶瓷類指數,131.09
2026-07-23,造紙類指數,268.56
2026-07-23,鋼鐵類指數,118.15
2026-07-23,橡膠類指數,193.69
2026-07-23,汽車類指數,288.69
2026-07-23,電子工業類指數,2858.46
2026-07-23,半導體類指數,1529.48
2026-07-23,電腦及週邊設備類指數,412.06
2026-07-23,光電類指數,62.2
2026-07-23,通信網路類指數,241.56
2026-07-23,電子零組件類指數,878.22
2026-07-23,電子通路類指數,373.37
2026-07-23,資訊服務類指數,208.66
2026-07-23,其他電子類指數,282.52
2026-07-23,建材營造類指數,462.33
2026-07-23,航運類指數,188.03
2026-07-23,觀光餐旅類指數,99.77
2026-07-23,金融保險類指數,3115.1
2026-07-23,貿易百貨類指數,244.18
2026-07-23,油電燃氣類指數,123.96
2026-07-23,綠能環保類指數,135.59
2026-07-23,數位雲端類指數,40.24
2026-07-23,運動休閒類指數,57.57
2026-07-23,居家生活類指數,99.28
2026-07-23,其他類指數,280.96
2026-07-22,發行量加權股價指數,44825.78
2026-07-22,水泥窯製類指數,603.44
2026-07-22,塑膠化工類指數,1100.94
2026-07-22,機電類指數,15702.62
2026-07-22,水泥類指數,117.79
2026-07-22,食品類指數,1951.47
2026-07-22,塑膠類指數,360.05
2026-07-22,紡織纖維類指數,483.78
2026-07-22,電機機械類指數,525.14
2026-07-22,電器電纜類指數,100.05
2026-07-22,化學生技醫療類指數,165.02
2026-07-22,化學類指數,191.47
2026-07-22,生技醫療類指數,93.48
2026-07-22,玻璃陶瓷類指數,134.82
2026-07-22,造紙類指數,268.24
2026-07-22,鋼鐵類指數,117.18
2026-07-22,橡膠類指數,193.82
2026-07-22,汽車類指數,290.01
2026-07-22,電子工業類指數,2854.51
2026-07-22,半導體類指數,1530.42
2026-07-22,電腦及週邊設備類指數,403.03
2026-07-22,光電類指數,61.93
2026-07-22,通信網路類指數,240.25
2026-07-22,電子零組件類指數,885.07
2026-07-22,電子通路類指數,367.71
2026-07-22,資訊服務類指數,209.57
2026-07-22,其他電子類指數,276.76
2026-07-22,建材營造類指數,464.26
2026-07-22,航運類指數,190.9
2026-07-22,觀光餐旅類指數,100.16
2026-07-22,金融保險類指數,3119.18
2026-07-22,貿易百貨類指數,246.23
2026-07-22,油電燃氣類指數,114.37
2026-07-22,綠能環保類指數,138.33
2026-07-22,數位雲端類指數,40.58
2026-07-22,運動休閒類指數,57.86
2026-07-22,居家生活類指數,99.14
2026-07-22,其他類指數,283.21
2026-07-21,發行量加權股價指數,44232.87
2026-07-21,水泥窯製類指數,602.2
2026-07-21,塑膠化工類指數,1074.41
2026-07-21,機電類指數,15469.8
2026-07-21,水泥類指數,119.3
2026-07-21,食品類指數,2004.05
2026-07-21,塑膠類指數,344.11
2026-07-21,紡織纖維類指數,487.75
2026-07-21,電機機械類指數,513.27
2026-07-21,電器電纜類指數,99.51
2026-07-21,化學生技醫療類指數,165.15
2026-07-21,化學類指數,192.47
2026-07-21,生技醫療類指數,93.38
2026-07-21,玻璃陶瓷類指數,130.81
2026-07-21,造紙類指數,269.59
2026-07-21,鋼鐵類指數,116.21
2026-07-21,橡膠類指數,196.83
2026-07-21,汽車類指數,291.9
2026-07-21,電子工業類指數,2812.45
2026-07-21,半導體類指數,1519.21
2026-07-21,電腦及週邊設備類指數,389.58
2026-07-21,光電類指數,60.89
2026-07-21,通信網路類指數,236.32
2026-07-21,電子零組件類指數,850.89
2026-07-21,電子通路類指數,357.88
2026-07-21,資訊服務類指數,210.96
2026-07-21,其他電子類指數,268.96
2026-07-21,建材營造類指數,470.33
2026-07-21,航運類指數,192.13
2026-07-21,觀光餐旅類指數,101.2
2026-07-21,金融保險類指數,3089.57
2026-07-21,貿易百貨類指數,249.76
2026-07-21,油電燃氣類指數,114.86
2026-07-21,綠能環保類指數,140.19
2026-07-21,數位雲端類指數,40.61
2026-07-21,運動休閒類指數,58.38
2026-07-21,居家生活類指數,99.35
2026-07-21,其他類指數,285.63
2026-07-20,發行量加權股價指數,42449.7
2026-07-20,水泥窯製類指數,595.18
2026-07-20,塑膠化工類指數,1043.72
2026-07-20,機電類指數,14765.37
2026-07-20,水泥類指數,118.35
2026-07-20,食品類指數,2008.14
2026-07-20,塑膠類指數,328.36
2026-07-20,紡織纖維類指數,483.07
2026-07-20,電機機械類指數,500.98
2026-07-20,電器電纜類指數,97.21
2026-07-20,化學生技醫療類指數,163.67
2026-07-20,化學類指數,188.05
2026-07-20,生技醫療類指數,93.11
2026-07-20,玻璃陶瓷類指數,128.35
2026-07-20,造紙類指數,265.8
2026-07-20,鋼鐵類指數,114.72
2026-07-20,橡膠類指數,198.51
2026-07-20,汽車類指數,290.08
2026-07-20,電子工業類指數,2683.35
2026-07-20,半導體類指數,1453.72
2026-07-20,電腦及週邊設備類指數,368.58
2026-07-20,光電類指數,59.64
2026-07-20,通信網路類指數,230.82
2026-07-20,電子零組件類指數,795.14
2026-07-20,電子通路類指數,346.42
2026-07-20,資訊服務類指數,206.02
2026-07-20,其他電子類指數,255.44
2026-07-20,建材營造類指數,467.21
2026-07-20,航運類指數,185.26
2026-07-20,觀光餐旅類指數,99.94
2026-07-20,金融保險類指數,3063.44
2026-07-20,貿易百貨類指數,248.39
2026-07-20,油電燃氣類指數,105.61
2026-07-20,綠能環保類指數,142.08
2026-07-20,數位雲端類指數,40.85
2026-07-20,運動休閒類指數,57.74
2026-07-20,居家生活類指數,98.71
2026-07-20,其他類指數,282.79
2026-07-17,發行量加權股價指數,42671.27
2026-07-17,水泥窯製類指數,604.45
2026-07-17,塑膠化工類指數,1078.68
2026-07-17,機電類指數,14823.79
2026-07-17,水泥類指數,117.84
2026-07-17,食品類指數,2010.74
2026-07-17,塑膠類指數,345.86
2026-07-17,紡織纖維類指數,486.2
2026-07-17,電機機械類指數,495.47
2026-07-17,電器電纜類指數,98.92
2026-07-17,化學生技醫療類指數,165.25
2026-07-17,化學類指數,192.27
2026-07-17,生技醫療類指數,93.5
2026-07-17,玻璃陶瓷類指數,135.35
2026-07-17,造紙類指數,270.23
2026-07-17,鋼鐵類指數,115.53
2026-07-17,橡膠類指數,200.43
2026-07-17,汽車類指數,290.54
2026-07-17,電子工業類指數,2694.47
2026-07-17,半導體類指數,1449.47
2026-07-17,電腦及週邊設備類指數,372.54
2026-07-17,光電類指數,61.64
2026-07-17,通信網路類指數,230.38
2026-07-17,電子零組件類指數,824.93
2026-07-17,電子通路類指數,352.95
2026-07-17,資訊服務類指數,206.17
2026-07-17,其他電子類指數,256.2
2026-07-17,建材營造類指數,467.35
2026-07-17,航運類指數,185.17
2026-07-17,觀光餐旅類指數,99.42
2026-07-17,金融保險類指數,3080.89
2026-07-17,貿易百貨類指數,247.66
2026-07-17,油電燃氣類指數,110.01
2026-07-17,綠能環保類指數,147.17
2026-07-17,數位雲端類指數,40.71
2026-07-17,運動休閒類指數,57.69
2026-07-17,居家生活類指數,98.4
2026-07-17,其他類指數,281.05
2026-07-16,發行量加權股價指數,45624.98
2026-07-16,水泥窯製類指數,626.46
2026-07-16,塑膠化工類指數,1154.05
2026-07-16,機電類指數,16005.38
2026-07-16,水泥類指數,118.94
2026-07-16,食品類指數,2004.49
2026-07-16,塑膠類指數,375.34
2026-07-16,紡織纖維類指數,494.61
2026-07-16,電機機械類指數,528.67
2026-07-16,電器電纜類指數,103.88
2026-07-16,化學生技醫療類指數,174.41
2026-07-16,化學類指數,203.33
2026-07-16,生技醫療類指數,98.6
2026-07-16,玻璃陶瓷類指數,147.04
2026-07-16,造紙類指數,274.3
2026-07-16,鋼鐵類指數,117.32
2026-07-16,橡膠類指數,202.86
2026-07-16,汽車類指數,296.89
2026-07-16,電子工業類指數,2909.94
2026-07-16,半導體類指數,1570.52
2026-07-16,電腦及週邊設備類指數,393.13
2026-07-16,光電類指數,66.15
2026-07-16,通信網路類指數,239.52
2026-07-16,電子零組件類指數,904.38
2026-07-16,電子通路類指數,368.81
2026-07-16,資訊服務類指數,210.54
2026-07-16,其他電子類指數,269.93
2026-07-16,建材營造類指數,473.14
2026-07-16,航運類指數,189.11
2026-07-16,觀光餐旅類指數,100.4
2026-07-16,金融保險類指數,3107.12
2026-07-16,貿易百貨類指數,251.19
2026-07-16,油電燃氣類指數,108.62
2026-07-16,綠能環保類指數,154.96
2026-07-16,數位雲端類指數,42.43
2026-07-16,運動休閒類指數,58.37
2026-07-16,居家生活類指數,98.65
2026-07-16,其他類指數,286.34
2026-07-15,發行量加權股價指數,45631.59
2026-07-15,水泥窯製類指數,637.06
2026-07-15,塑膠化工類指數,1172.28
2026-07-15,機電類指數,16009.97
2026-07-15,水泥類指數,120.31
2026-07-15,食品類指數,1984.65
2026-07-15,塑膠類指數,383.69
2026-07-15,紡織纖維類指數,492.04
2026-07-15,電機機械類指數,535.51
2026-07-15,電器電纜類指數,104.88
2026-07-15,化學生技醫療類指數,176.12
2026-07-15,化學類指數,205.4
2026-07-15,生技醫療類指數,99.55
2026-07-15,玻璃陶瓷類指數,150.91
2026-07-15,造紙類指數,277.12
2026-07-15,鋼鐵類指數,117.22
2026-07-15,橡膠類指數,200.44
2026-07-15,汽車類指數,294.49
2026-07-15,電子工業類指數,2910.18
2026-07-15,半導體類指數,1564.63
2026-07-15,電腦及週邊設備類指數,398.28
2026-07-15,光電類指數,66.06
2026-07-15,通信網路類指數,238.57
2026-07-15,電子零組件類指數,922.25
2026-07-15,電子通路類指數,372.39
2026-07-15,資訊服務類指數,211.31
2026-07-15,其他電子類指數,266.67
2026-07-15,建材營造類指數,466.31
2026-07-15,航運類指數,190.83
2026-07-15,觀光餐旅類指數,101.55
2026-07-15,金融保險類指數,3107.98
2026-07-15,貿易百貨類指數,250.29
2026-07-15,油電燃氣類指數,100.21
2026-07-15,綠能環保類指數,151.59
2026-07-15,數位雲端類指數,42.21
2026-07-15,運動休閒類指數,57.51
2026-07-15,居家生活類指數,97.47
2026-07-15,其他類指數,285.04
2026-07-14,發行量加權股價指數,44737.95
2026-07-14,水泥窯製類指數,622.98
2026-07-14,塑膠化工類指數,1108.8
2026-07-14,機電類指數,15695.56
2026-07-14,水泥類指數,117.18
2026-07-14,食品類指數,1972.78
2026-07-14,塑膠類指數,359.44
2026-07-14,紡織纖維類指數,485.54
2026-07-14,電機機械類指數,518.88
2026-07-14,電器電纜類指數,101.43
2026-07-14,化學生技醫療類指數,167.98
2026-07-14,化學類指數,199.56
2026-07-14,生技醫療類指數,94.19
2026-07-14,玻璃陶瓷類指數,148.57
2026-07-14,造紙類指數,269.92
2026-07-14,鋼鐵類指數,115.13
2026-07-14,橡膠類指數,198.64
2026-07-14,汽車類指數,293.14
2026-07-14,電子工業類指數,2853.61
2026-07-14,半導體類指數,1537.07
2026-07-14,電腦及週邊設備類指數,392.53
2026-07-14,光電類指數,65.81
2026-07-14,通信網路類指數,234.54
2026-07-14,電子零組件類指數,894.07
2026-07-14,電子通路類指數,368.52
2026-07-14,資訊服務類指數,209.31
2026-07-14,其他電子類指數,258.72
2026-07-14,建材營造類指數,458.42
2026-07-14,航運類指數,186.23
2026-07-14,觀光餐旅類指數,100.92
2026-07-14,金融保險類指數,3096.33
2026-07-14,貿易百貨類指數,246.87
2026-07-14,油電燃氣類指數,92.37
2026-07-14,綠能環保類指數,148.99
2026-07-14,數位雲端類指數,41.75
2026-07-14,運動休閒類指數,57.23
2026-07-14,居家生活類指數,99.47
2026-07-14,其他類指數,281.44
2026-07-13,發行量加權股價指數,45380.52
2026-07-13,水泥窯製類指數,633.3
2026-07-13,塑膠化工類指數,1088.57
2026-07-13,機電類指數,15961.98
2026-07-13,水泥類指數,118.57
2026-07-13,食品類指數,1978.01
2026-07-13,塑膠類指數,343.6
2026-07-13,紡織纖維類指數,489.07
2026-07-13,電機機械類指數,535.41
2026-07-13,電器電纜類指數,103.5
2026-07-13,化學生技醫療類指數,170.8
2026-07-13,化學類指數,200.96
2026-07-13,生技醫療類指數,96.18
2026-07-13,玻璃陶瓷類指數,152.2
2026-07-13,造紙類指數,268.24
2026-07-13,鋼鐵類指數,115.12
2026-07-13,橡膠類指數,198.75
2026-07-13,汽車類指數,293.26
2026-07-13,電子工業類指數,2901.41
2026-07-13,半導體類指數,1558.32
2026-07-13,電腦及週邊設備類指數,398.75
2026-07-13,光電類指數,68.4
2026-07-13,通信網路類指數,241.03
2026-07-13,電子零組件類指數,919.29
2026-07-13,電子通路類指數,372.58
2026-07-13,資訊服務類指數,211.49
2026-07-13,其他電子類指數,262.43
2026-07-13,建材營造類指數,460.52
2026-07-13,航運類指數,188.23
2026-07-13,觀光餐旅類指數,101.5
2026-07-13,金融保險類指數,3129.31
2026-07-13,貿易百貨類指數,244.68
2026-07-13,油電燃氣類指數,88.84
2026-07-13,綠能環保類指數,151.82
2026-07-13,數位雲端類指數,42.26
2026-07-13,運動休閒類指數,57.45
2026-07-13,居家生活類指數,100.34
2026-07-13,其他類指數,279.63
2026-07-09,發行量加權股價指數,45354.61
2026-07-09,水泥窯製類指數,637.18
2026-07-09,塑膠化工類指數,1048.1
2026-07-09,機電類指數,15972.09
2026-07-09,水泥類指數,119.1
2026-07-09,食品類指數,1972.79
2026-07-09,塑膠類指數,315.41
2026-07-09,紡織纖維類指數,490.48
2026-07-09,電機機械類指數,532.83
2026-07-09,電器電纜類指數,104.11
2026-07-09,化學生技醫療類指數,174.31
2026-07-09,化學類指數,203.26
2026-07-09,生技醫療類指數,98.53
2026-07-09,玻璃陶瓷類指數,153.55
2026-07-09,造紙類指數,277.56
2026-07-09,鋼鐵類指數,115.6
2026-07-09,橡膠類指數,196.83
2026-07-09,汽車類指數,295.56
2026-07-09,電子工業類指數,2903.44
2026-07-09,半導體類指數,1554.72
2026-07-09,電腦及週邊設備類指數,401.35
2026-07-09,光電類指數,69.06
2026-07-09,通信網路類指數,243.39
2026-07-09,電子零組件類指數,929.81
2026-07-09,電子通路類指數,365.88
2026-07-09,資訊服務類指數,212.18
2026-07-09,其他電子類指數,262.66
2026-07-09,建材營造類指數,458.39
2026-07-09,航運類指數,187.06
2026-07-09,觀光餐旅類指數,101.79
2026-07-09,金融保險類指數,3144.8
2026-07-09,貿易百貨類指數,247.25
2026-07-09,油電燃氣類指數,84.43
2026-07-09,綠能環保類指數,145.99
2026-07-09,數位雲端類指數,43.11
2026-07-09,運動休閒類指數,57.94
2026-07-09,居家生活類指數,98.46
2026-07-09,其他類指數,277.98
2026-07-08,發行量加權股價指數,45734.41
2026-07-08,水泥窯製類指數,645.15
2026-07-08,塑膠化工類指數,1072.83
2026-07-08,機電類指數,16096.07
2026-07-08,水泥類指數,120.37
2026-07-08,食品類指數,1976.46
2026-07-08,塑膠類指數,323.33
2026-07-08,紡織纖維類指數,499.98
2026-07-08,電機機械類指數,544.67
2026-07-08,電器電纜類指數,105.24
2026-07-08,化學生技醫療類指數,178.54
2026-07-08,化學類指數,205.94
2026-07-08,生技醫療類指數,101.39
2026-07-08,玻璃陶瓷類指數,155.93
2026-07-08,造紙類指數,279.7
2026-07-08,鋼鐵類指數,116.09
2026-07-08,橡膠類指數,197.26
2026-07-08,汽車類指數,298.61
2026-07-08,電子工業類指數,2925.35
2026-07-08,半導體類指數,1572.23
2026-07-08,電腦及週邊設備類指數,401.85
2026-07-08,光電類指數,68.37
2026-07-08,通信網路類指數,244.78
2026-07-08,電子零組件類指數,926.19
2026-07-08,電子通路類指數,366.0
2026-07-08,資訊服務類指數,208.73
2026-07-08,其他電子類指數,263.63
2026-07-08,建材營造類指數,458.23
2026-07-08,航運類指數,187.9
2026-07-08,觀光餐旅類指數,102.0
2026-07-08,金融保險類指數,3184.91
2026-07-08,貿易百貨類指數,246.45
2026-07-08,油電燃氣類指數,85.29
2026-07-08,綠能環保類指數,142.21
2026-07-08,數位雲端類指數,43.51
2026-07-08,運動休閒類指數,57.84
2026-07-08,居家生活類指數,98.34
2026-07-08,其他類指數,278.72
2026-07-07,發行量加權股價指數,45479.11
2026-07-07,水泥窯製類指數,645.17
2026-07-07,塑膠化工類指數,1042.02
2026-07-07,機電類指數,16031.24
2026-07-07,水泥類指數,121.86
2026-07-07,食品類指數,1982.37
2026-07-07,塑膠類指數,305.0
2026-07-07,紡織纖維類指數,511.65
2026-07-07,電機機械類指數,552.29
2026-07-07,電器電纜類指數,106.63
2026-07-07,化學生技醫療類指數,178.73
2026-07-07,化學類指數,207.36
2026-07-07,生技醫療類指數,101.25
2026-07-07,玻璃陶瓷類指數,152.79
2026-07-07,造紙類指數,282.45
2026-07-07,鋼鐵類指數,116.04
2026-07-07,橡膠類指數,199.25
2026-07-07,汽車類指數,298.36
2026-07-07,電子工業類指數,2912.67
2026-07-07,半導體類指數,1561.91
2026-07-07,電腦及週邊設備類指數,400.03
2026-07-07,光電類指數,67.65
2026-07-07,通信網路類指數,249.58
2026-07-07,電子零組件類指數,921.43
2026-07-07,電子通路類指數,374.47
2026-07-07,資訊服務類指數,207.67
2026-07-07,其他電子類指數,266.91
2026-07-07,建材營造類指數,459.78
2026-07-07,航運類指數,184.81
2026-07-07,觀光餐旅類指數,102.64
2026-07-07,金融保險類指數,3135.85
2026-07-07,貿易百貨類指數,246.1
2026-07-07,油電燃氣類指數,83.73
2026-07-07,綠能環保類指數,141.4
2026-07-07,數位雲端類指數,43.27
2026-07-07,運動休閒類指數,58.42
2026-07-07,居家生活類指數,100.61
2026-07-07,其他類指數,276.77
2026-07-06,發行量加權股價指數,46556.39
2026-07-06,水泥窯製類指數,660.66
2026-07-06,塑膠化工類指數,1085.69
2026-07-06,機電類指數,16460.87
2026-07-06,水泥類指數,123.06
2026-07-06,食品類指數,1991.14
2026-07-06,塑膠類指數,332.07
2026-07-06,紡織纖維類指數,512.4
2026-07-06,電機機械類指數,574.34
2026-07-06,電器電纜類指數,110.29
2026-07-06,化學生技醫療類指數,177.35
2026-07-06,化學類指數,218.05
2026-07-06,生技醫療類指數,97.91
2026-07-06,玻璃陶瓷類指數,160.12
2026-07-06,造紙類指數,286.73
2026-07-06,鋼鐵類指數,117.88
2026-07-06,橡膠類指數,200.01
2026-07-06,汽車類指數,303.4
2026-07-06,電子工業類指數,2990.1
2026-07-06,半導體類指數,1589.42
2026-07-06,電腦及週邊設備類指數,412.96
2026-07-06,光電類指數,71.97
2026-07-06,通信網路類指數,258.39
2026-07-06,電子零組件類指數,977.33
2026-07-06,電子通路類指數,381.19
2026-07-06,資訊服務類指數,210.79
2026-07-06,其他電子類指數,276.44
2026-07-06,建材營造類指數,466.77
2026-07-06,航運類指數,190.64
2026-07-06,觀光餐旅類指數,103.37
2026-07-06,金融保險類指數,3100.28
2026-07-06,貿易百貨類指數,246.83
2026-07-06,油電燃氣類指數,85.79
2026-07-06,綠能環保類指數,145.77
2026-07-06,數位雲端類指數,44.14
2026-07-06,運動休閒類指數,58.87
2026-07-06,居家生活類指數,100.86
2026-07-06,其他類指數,280.76
2026-07-03,發行量加權股價指數,46780.62
2026-07-03,水泥窯製類指數,662.72
2026-07-03,塑膠化工類指數,1103.31
2026-07-03,機電類指數,16569.08
2026-07-03,水泥類指數,122.72
2026-07-03,食品類指數,1964.31
2026-07-03,塑膠類指數,347.38
2026-07-03,紡織纖維類指數,514.03
2026-07-03,電機機械類指數,570.7
2026-07-03,電器電纜類指數,107.78
2026-07-03,化學生技醫療類指數,174.12
2026-07-03,化學類指數,215.03
2026-07-03,生技醫療類指數,95.92
2026-07-03,玻璃陶瓷類指數,162.17
2026-07-03,造紙類指數,281.7
2026-07-03,鋼鐵類指數,117.75
2026-07-03,橡膠類指數,197.54
2026-07-03,汽車類指數,301.67
2026-07-03,電子工業類指數,3010.56
2026-07-03,半導體類指數,1587.68
2026-07-03,電腦及週邊設備類指數,416.32
2026-07-03,光電類指數,70.99
2026-07-03,通信網路類指數,262.21
2026-07-03,電子零組件類指數,1022.84
2026-07-03,電子通路類指數,383.67
2026-07-03,資訊服務類指數,208.71
2026-07-03,其他電子類指數,278.53
2026-07-03,建材營造類指數,463.45
2026-07-03,航運類指數,190.1
2026-07-03,觀光餐旅類指數,103.55
2026-07-03,金融保險類指數,3066.77
2026-07-03,貿易百貨類指數,240.1
2026-07-03,油電燃氣類指數,84.43
2026-07-03,綠能環保類指數,145.34
2026-07-03,數位雲端類指數,45.09
2026-07-03,運動休閒類指數,58.63
2026-07-03,居家生活類指數,100.98
2026-07-03,其他類指數,279.91
2026-07-02,發行量加權股價指數,46744.16
2026-07-02,水泥窯製類指數,661.61
2026-07-02,塑膠化工類指數,1077.75
2026-07-02,機電類指數,16609.12
2026-07-02,水泥類指數,120.96
2026-07-02,食品類指數,1931.65
2026-07-02,塑膠類指數,338.83
2026-07-02,紡織纖維類指數,496.16
2026-07-02,電機機械類指數,563.7
2026-07-02,電器電纜類指數,105.36
2026-07-02,化學生技醫療類指數,170.52
2026-07-02,化學類指數,207.51
2026-07-02,生技醫療類指數,94.59
2026-07-02,玻璃陶瓷類指數,165.18
2026-07-02,造紙類指數,272.95
2026-07-02,鋼鐵類指數,115.8
2026-07-02,橡膠類指數,192.07
2026-07-02,汽車類指數,293.35
2026-07-02,電子工業類指數,3018.68
2026-07-02,半導體類指數,1605.83
2026-07-02,電腦及週邊設備類指數,412.35
2026-07-02,光電類指數,71.69
2026-07-02,通信網路類指數,262.02
2026-07-02,電子零組件類指數,992.57
2026-07-02,電子通路類指數,378.59
2026-07-02,資訊服務類指數,206.75
2026-07-02,其他電子類指數,276.68
2026-07-02,建材營造類指數,457.18
2026-07-02,航運類指數,183.72
2026-07-02,觀光餐旅類指數,102.8
2026-07-02,金融保險類指數,3033.12
2026-07-02,貿易百貨類指數,238.08
2026-07-02,油電燃氣類指數,82.67
2026-07-02,綠能環保類指數,143.11
2026-07-02,數位雲端類指數,44.07
2026-07-02,運動休閒類指數,56.94
2026-07-02,居家生活類指數,102.69
2026-07-02,其他類指數,275.26
2026-07-01,發行量加權股價指數,47018.99
2026-07-01,水泥窯製類指數,657.26
2026-07-01,塑膠化工類指數,1026.16
2026-07-01,機電類指數,16746.81
2026-07-01,水泥類指數,119.02
2026-07-01,食品類指數,1924.62
2026-07-01,塑膠類指數,313.46
2026-07-01,紡織纖維類指數,485.95
2026-07-01,電機機械類指數,561.41
2026-07-01,電器電纜類指數,106.21
2026-07-01,化學生技醫療類指數,168.32
2026-07-01,化學類指數,202.46
2026-07-01,生技醫療類指數,93.86
2026-07-01,玻璃陶瓷類指數,166.53
2026-07-01,造紙類指數,266.94
2026-07-01,鋼鐵類指數,116.24
2026-07-01,橡膠類指數,185.01
2026-07-01,汽車類指數,291.69
2026-07-01,電子工業類指數,3044.26
2026-07-01,半導體類指數,1622.05
2026-07-01,電腦及週邊設備類指數,406.97
2026-07-01,光電類指數,71.05
2026-07-01,通信網路類指數,258.42
2026-07-01,電子零組件類指數,1006.89
2026-07-01,電子通路類指數,374.57
2026-07-01,資訊服務類指數,202.76
2026-07-01,其他電子類指數,282.05
2026-07-01,建材營造類指數,458.71
2026-07-01,航運類指數,183.82
2026-07-01,觀光餐旅類指數,103.01
2026-07-01,金融保險類指數,3065.67
2026-07-01,貿易百貨類指數,234.24
2026-07-01,油電燃氣類指數,78.08
2026-07-01,綠能環保類指數,141.16
2026-07-01,數位雲端類指數,43.47
2026-07-01,運動休閒類指數,58.38
2026-07-01,居家生活類指數,98.13
2026-07-01,其他類指數,275.68
2026-06-30,發行量加權股價指數,46125.91
2026-06-30,水泥窯製類指數,678.43
2026-06-30,塑膠化工類指數,993.54
2026-06-30,機電類指數,16354.23
2026-06-30,水泥類指數,121.68
2026-06-30,食品類指數,1923.25
2026-06-30,塑膠類指數,294.46
2026-06-30,紡織纖維類指數,485.07
2026-06-30,電機機械類指數,557.46
2026-06-30,電器電纜類指數,108.42
2026-06-30,化學生技醫療類指數,168.51
2026-06-30,化學類指數,203.97
2026-06-30,生技醫療類指數,93.69
2026-06-30,玻璃陶瓷類指數,174.38
2026-06-30,造紙類指數,269.4
2026-06-30,鋼鐵類指數,116.0
2026-06-30,橡膠類指數,184.58
2026-06-30,汽車類指數,289.71
2026-06-30,電子工業類指數,2971.85
2026-06-30,半導體類指數,1571.57
2026-06-30,電腦及週邊設備類指數,401.86
2026-06-30,光電類指數,72.33
2026-06-30,通信網路類指數,253.4
2026-06-30,電子零組件類指數,999.74
2026-06-30,電子通路類指數,374.21
2026-06-30,資訊服務類指數,204.78
2026-06-30,其他電子類指數,280.83
2026-06-30,建材營造類指數,457.77
2026-06-30,航運類指數,185.19
2026-06-30,觀光餐旅類指數,103.12
2026-06-30,金融保險類指數,3119.05
2026-06-30,貿易百貨類指數,235.01
2026-06-30,油電燃氣類指數,80.05
2026-06-30,綠能環保類指數,139.25
2026-06-30,數位雲端類指數,45.44
2026-06-30,運動休閒類指數,58.29
2026-06-30,居家生活類指數,95.97
2026-06-30,其他類指數,277.28
2026-06-29,發行量加權股價指數,44999.9
2026-06-29,水泥窯製類指數,657.1
2026-06-29,塑膠化工類指數,954.09
2026-06-29,機電類指數,15901.1
2026-06-29,水泥類指數,122.41
2026-06-29,食品類指數,1939.8
2026-06-29,塑膠類指數,276.94
2026-06-29,紡織纖維類指數,489.85
2026-06-29,電機機械類指數,551.2
2026-06-29,電器電纜類指數,104.49
2026-06-29,化學生技醫療類指數,164.95
2026-06-29,化學類指數,200.96
2026-06-29,生技醫療類指數,91.44
2026-06-29,玻璃陶瓷類指數,159.24
2026-06-29,造紙類指數,270.42
2026-06-29,鋼鐵類指數,116.71
2026-06-29,橡膠類指數,185.48
2026-06-29,汽車類指數,290.31
2026-06-29,電子工業類指數,2888.84
2026-06-29,半導體類指數,1531.87
2026-06-29,電腦及週邊設備類指數,389.39
2026-06-29,光電類指數,70.78
2026-06-29,通信網路類指數,246.95
2026-06-29,電子零組件類指數,954.85
2026-06-29,電子通路類指數,367.62
2026-06-29,資訊服務類指數,199.77
2026-06-29,其他電子類指數,275.64
2026-06-29,建材營造類指數,455.29
2026-06-29,航運類指數,182.21
2026-06-29,觀光餐旅類指數,103.29
2026-06-29,金融保險類指數,3121.88
2026-06-29,貿易百貨類指數,236.51
2026-06-29,油電燃氣類指數,80.36
2026-06-29,綠能環保類指數,136.8
2026-06-29,數位雲端類指數,45.68
2026-06-29,運動休閒類指數,58.57
2026-06-29,居家生活類指數,96.17
2026-06-29,其他類指數,275.01
2026-06-26,發行量加權股價指數,44571.76
2026-06-26,水泥窯製類指數,650.52
2026-06-26,塑膠化工類指數,924.7
2026-06-26,機電類指數,15732.28
2026-06-26,水泥類指數,122.64
2026-06-26,食品類指數,1920.43
2026-06-26,塑膠類指數,271.6
2026-06-26,紡織纖維類指數,480.89
2026-06-26,電機機械類指數,540.96
2026-06-26,電器電纜類指數,103.59
2026-06-26,化學生技醫療類指數,157.44
2026-06-26,化學類指數,194.94
2026-06-26,生技醫療類指數,86.61
2026-06-26,玻璃陶瓷類指數,154.56
2026-06-26,造紙類指數,267.36
2026-06-26,鋼鐵類指數,116.24
2026-06-26,橡膠類指數,181.97
2026-06-26,汽車類指數,290.07
2026-06-26,電子工業類指數,2858.5
2026-06-26,半導體類指數,1516.72
2026-06-26,電腦及週邊設備類指數,380.57
2026-06-26,光電類指數,71.01
2026-06-26,通信網路類指數,249.49
2026-06-26,電子零組件類指數,937.55
2026-06-26,電子通路類指數,369.21
2026-06-26,資訊服務類指數,198.6
2026-06-26,其他電子類指數,274.4
2026-06-26,建材營造類指數,451.91
2026-06-26,航運類指數,179.73
2026-06-26,觀光餐旅類指數,103.08
2026-06-26,金融保險類指數,3150.96
2026-06-26,貿易百貨類指數,235.31
2026-06-26,油電燃氣類指數,78.14
2026-06-26,綠能環保類指數,135.85
2026-06-26,數位雲端類指數,47.64
2026-06-26,運動休閒類指數,58.33
2026-06-26,居家生活類指數,96.7
2026-06-26,其他類指數,271.92
2026-06-25,發行量加權股價指數,46255.26
2026-06-25,水泥窯製類指數,669.46
2026-06-25,塑膠化工類指數,966.72
2026-06-25,機電類指數,16373.19
2026-06-25,水泥類指數,124.41
2026-06-25,食品類指數,1945.63
2026-06-25,塑膠類指數,288.82
2026-06-25,紡織纖維類指數,487.41
2026-06-25,電機機械類指數,564.31
2026-06-25,電器電纜類指數,108.54
2026-06-25,化學生技醫療類指數,161.82
2026-06-25,化學類指數,201.2
2026-06-25,生技醫療類指數,88.84
2026-06-25,玻璃陶瓷類指數,162.87
2026-06-25,造紙類指數,271.21
2026-06-25,鋼鐵類指數,117.2
2026-06-25,橡膠類指數,184.83
2026-06-25,汽車類指數,295.05
2026-06-25,電子工業類指數,2974.8
2026-06-25,半導體類指數,1570.27
2026-06-25,電腦及週邊設備類指數,400.81
2026-06-25,光電類指數,76.66
2026-06-25,通信網路類指數,253.9
2026-06-25,電子零組件類指數,997.44
2026-06-25,電子通路類指數,375.96
2026-06-25,資訊服務類指數,201.06
2026-06-25,其他電子類指數,285.34
2026-06-25,建材營造類指數,460.3
2026-06-25,航運類指數,183.96
2026-06-25,觀光餐旅類指數,104.45
2026-06-25,金融保險類指數,3205.32
2026-06-25,貿易百貨類指數,238.63
2026-06-25,油電燃氣類指數,81.21
2026-06-25,綠能環保類指數,142.56
2026-06-25,數位雲端類指數,49.22
2026-06-25,運動休閒類指數,59.72
2026-06-25,居家生活類指數,98.03
2026-06-25,其他類指數,276.95
2026-06-24,發行量加權股價指數,46043.6
2026-06-24,水泥窯製類指數,665.37
2026-06-24,塑膠化工類指數,961.88
2026-06-24,機電類指數,16311.3
2026-06-24,水泥類指數,123.32
2026-06-24,食品類指數,1932.43
2026-06-24,塑膠類指數,285.32
2026-06-24,紡織纖維類指數,486.26
2026-06-24,電機機械類指數,569.19
2026-06-24,電器電纜類指數,109.64
2026-06-24,化學生技醫療類指數,162.39
2026-06-24,化學類指數,202.47
2026-06-24,生技醫療類指數,89.04
2026-06-24,玻璃陶瓷類指數,162.58
2026-06-24,造紙類指數,274.5
2026-06-24,鋼鐵類指數,118.11
2026-06-24,橡膠類指數,184.11
2026-06-24,汽車類指數,296.2
2026-06-24,電子工業類指數,2962.9
2026-06-24,半導體類指數,1567.15
2026-06-24,電腦及週邊設備類指數,404.42
2026-06-24,光電類指數,75.55
2026-06-24,通信網路類指數,253.67
2026-06-24,電子零組件類指數,980.79
2026-06-24,電子通路類指數,374.94
2026-06-24,資訊服務類指數,202.73
2026-06-24,其他電子類指數,282.86
2026-06-24,建材營造類指數,461.5
2026-06-24,航運類指數,183.47
2026-06-24,觀光餐旅類指數,103.91
2026-06-24,金融保險類指數,3155.94
2026-06-24,貿易百貨類指數,237.51
2026-06-24,油電燃氣類指數,80.8
2026-06-24,綠能環保類指數,144.66
2026-06-24,數位雲端類指數,49.39
2026-06-24,運動休閒類指數,59.56
2026-06-24,居家生活類指數,96.53
2026-06-24,其他類指數,274.27
2026-06-23,發行量加權股價指數,47100.65
2026-06-23,水泥窯製類指數,667.3
2026-06-23,塑膠化工類指數,938.22
2026-06-23,機電類指數,16743.02
2026-06-23,水泥類指數,123.33
2026-06-23,食品類指數,1929.8
2026-06-23,塑膠類指數,275.18
2026-06-23,紡織纖維類指數,485.46
2026-06-23,電機機械類指數,565.85
2026-06-23,電器電纜類指數,108.82
2026-06-23,化學生技醫療類指數,160.17
2026-06-23,化學類指數,201.45
2026-06-23,生技醫療類指數,87.44
2026-06-23,玻璃陶瓷類指數,163.78
2026-06-23,造紙類指數,270.12
2026-06-23,鋼鐵類指數,117.56
2026-06-23,橡膠類指數,183.14
2026-06-23,汽車類指數,297.8
2026-06-23,電子工業類指數,3043.03
2026-06-23,半導體類指數,1622.75
2026-06-23,電腦及週邊設備類指數,403.69
2026-06-23,光電類指數,74.65
2026-06-23,通信網路類指數,256.02
2026-06-23,電子零組件類指數,995.19
2026-06-23,電子通路類指數,375.66
2026-06-23,資訊服務類指數,202.48
2026-06-23,其他電子類指數,286.28
2026-06-23,建材營造類指數,462.02
2026-06-23,航運類指數,182.74
2026-06-23,觀光餐旅類指數,103.53
2026-06-23,金融保險類指數,3222.97
2026-06-23,貿易百貨類指數,239.03
2026-06-23,油電燃氣類指數,77.16
2026-06-23,綠能環保類指數,147.86
2026-06-23,數位雲端類指數,48.06
2026-06-23,運動休閒類指數,60.22
2026-06-23,居家生活類指數,95.65
2026-06-23,其他類指數,278.17
2026-06-22,發行量加權股價指數,47741.51
2026-06-22,水泥窯製類指數,695.11
2026-06-22,塑膠化工類指數,952.42
2026-06-22,機電類指數,17003.22
2026-06-22,水泥類指數,124.7
2026-06-22,食品類指數,1915.96
2026-06-22,塑膠類指數,278.68
2026-06-22,紡織纖維類指數,487.57
2026-06-22,電機機械類指數,578.27
2026-06-22,電器電纜類指數,114.38
2026-06-22,化學生技醫療類指數,162.95
2026-06-22,化學類指數,206.58
2026-06-22,生技醫療類指數,88.61
2026-06-22,玻璃陶瓷類指數,178.61
2026-06-22,造紙類指數,278.84
2026-06-22,鋼鐵類指數,119.12
2026-06-22,橡膠類指數,186.82
2026-06-22,汽車類指數,299.28
2026-06-22,電子工業類指數,3089.77
2026-06-22,半導體類指數,1636.92
2026-06-22,電腦及週邊設備類指數,412.1
2026-06-22,光電類指數,76.84
2026-06-22,通信網路類指數,263.96
2026-06-22,電子零組件類指數,1030.59
2026-06-22,電子通路類指數,386.59
2026-06-22,資訊服務類指數,209.51
2026-06-22,其他電子類指數,293.97
2026-06-22,建材營造類指數,462.34
2026-06-22,航運類指數,183.56
2026-06-22,觀光餐旅類指數,104.12
2026-06-22,金融保險類指數,3211.25
2026-06-22,貿易百貨類指數,235.13
2026-06-22,油電燃氣類指數,79.05
2026-06-22,綠能環保類指數,149.96
2026-06-22,數位雲端類指數,48.92
2026-06-22,運動休閒類指數,60.26
2026-06-22,居家生活類指數,96.08
2026-06-22,其他類指數,281.41
2026-06-18,發行量加權股價指數,46465.2
2026-06-18,水泥窯製類指數,675.28
2026-06-18,塑膠化工類指數,912.43
2026-06-18,機電類指數,16469.69
2026-06-18,水泥類指數,124.48
2026-06-18,食品類指數,1925.88
2026-06-18,塑膠類指數,261.34
2026-06-18,紡織纖維類指數,489.36
2026-06-18,電機機械類指數,574.97
2026-06-18,電器電纜類指數,111.29
2026-06-18,化學生技醫療類指數,159.2
2026-06-18,化學類指數,203.68
2026-06-18,生技醫療類指數,86.18
2026-06-18,玻璃陶瓷類指數,166.43
2026-06-18,造紙類指數,280.65
2026-06-18,鋼鐵類指數,117.77
2026-06-18,橡膠類指數,186.36
2026-06-18,汽車類指數,302.68
2026-06-18,電子工業類指數,2991.61
2026-06-18,半導體類指數,1569.2
2026-06-18,電腦及週邊設備類指數,410.61
2026-06-18,光電類指數,75.16
2026-06-18,通信網路類指數,257.48
2026-06-18,電子零組件類指數,1017.67
2026-06-18,電子通路類指數,380.33
2026-06-18,資訊服務類指數,209.84
2026-06-18,其他電子類指數,294.17
2026-06-18,建材營造類指數,476.69
2026-06-18,航運類指數,183.24
2026-06-18,觀光餐旅類指數,104.06
2026-06-18,金融保險類指數,3237.51
2026-06-18,貿易百貨類指數,237.94
2026-06-18,油電燃氣類指數,78.46
2026-06-18,綠能環保類指數,145.52
2026-06-18,數位雲端類指數,49.69
2026-06-18,運動休閒類指數,60.78
2026-06-18,居家生活類指數,98.41
2026-06-18,其他類指數,279.37
2026-06-17,發行量加權股價指數,45877.39
2026-06-17,水泥窯製類指數,668.29
2026-06-17,塑膠化工類指數,869.28
2026-06-17,機電類指數,16267.87
2026-06-17,水泥類指數,124.34
2026-06-17,食品類指數,1948.54
2026-06-17,塑膠類指數,243.63
2026-06-17,紡織纖維類指數,491.45
2026-06-17,電機機械類指數,557.01
2026-06-17,電器電纜類指數,110.7
2026-06-17,化學生技醫療類指數,154.36
2026-06-17,化學類指數,200.24
2026-06-17,生技醫療類指數,82.97
2026-06-17,玻璃陶瓷類指數,162.27
2026-06-17,造紙類指數,273.62
2026-06-17,鋼鐵類指數,117.36
2026-06-17,橡膠類指數,186.88
2026-06-17,汽車類指數,296.22
2026-06-17,電子工業類指數,2955.76
2026-06-17,半導體類指數,1550.0
2026-06-17,電腦及週邊設備類指數,408.73
2026-06-17,光電類指數,72.62
2026-06-17,通信網路類指數,260.14
2026-06-17,電子零組件類指數,997.17
2026-06-17,電子通路類指數,376.23
2026-06-17,資訊服務類指數,208.52
2026-06-17,其他電子類指數,293.98
2026-06-17,建材營造類指數,481.65
2026-06-17,航運類指數,183.62
2026-06-17,觀光餐旅類指數,104.09
2026-06-17,金融保險類指數,3193.94
2026-06-17,貿易百貨類指數,241.19
2026-06-17,油電燃氣類指數,77.44
2026-06-17,綠能環保類指數,141.4
2026-06-17,數位雲端類指數,47.5
2026-06-17,運動休閒類指數,60.98
2026-06-17,居家生活類指數,96.95
2026-06-17,其他類指數,279.39
2026-06-16,發行量加權股價指數,45809.19
2026-06-16,水泥窯製類指數,663.75
2026-06-16,塑膠化工類指數,840.09
2026-06-16,機電類指數,16279.48
2026-06-16,水泥類指數,124.25
2026-06-16,食品類指數,1942.66
2026-06-16,塑膠類指數,228.77
2026-06-16,紡織纖維類指數,494.09
2026-06-16,電機機械類指數,549.7
2026-06-16,電器電纜類指數,111.13
2026-06-16,化學生技醫療類指數,151.68
2026-06-16,化學類指數,196.95
2026-06-16,生技醫療類指數,81.49
2026-06-16,玻璃陶瓷類指數,159.58
2026-06-16,造紙類指數,268.17
2026-06-16,鋼鐵類指數,117.03
2026-06-16,橡膠類指數,200.28
2026-06-16,汽車類指數,296.37
2026-06-16,電子工業類指數,2958.46
2026-06-16,半導體類指數,1557.62
2026-06-16,電腦及週邊設備類指數,402.18
2026-06-16,光電類指數,68.99
2026-06-16,通信網路類指數,261.73
2026-06-16,電子零組件類指數,992.75
2026-06-16,電子通路類指數,374.69
2026-06-16,資訊服務類指數,208.45
2026-06-16,其他電子類指數,293.72
2026-06-16,建材營造類指數,478.71
2026-06-16,航運類指數,187.42
2026-06-16,觀光餐旅類指數,103.78
2026-06-16,金融保險類指數,3138.34
2026-06-16,貿易百貨類指數,240.52
2026-06-16,油電燃氣類指數,77.31
2026-06-16,綠能環保類指數,137.45
2026-06-16,數位雲端類指數,48.26
2026-06-16,運動休閒類指數,61.53
2026-06-16,居家生活類指數,97.32
2026-06-16,其他類指數,279.32
2026-06-15,發行量加權股價指數,45396.99
2026-06-15,水泥窯製類指數,664.17
2026-06-15,塑膠化工類指數,839.43
2026-06-15,機電類指數,16131.21
2026-06-15,水泥類指數,125.0
2026-06-15,食品類指數,1953.48
2026-06-15,塑膠類指數,230.98
2026-06-15,紡織纖維類指數,485.69
2026-06-15,電機機械類指數,551.02
2026-06-15,電器電纜類指數,113.0
2026-06-15,化學生技醫療類指數,149.83
2026-06-15,化學類指數,197.37
2026-06-15,生技醫療類指數,79.89
2026-06-15,玻璃陶瓷類指數,158.25
2026-06-15,造紙類指數,261.71
2026-06-15,鋼鐵類指數,119.0
2026-06-15,橡膠類指數,200.94
2026-06-15,汽車類指數,296.0
2026-06-15,電子工業類指數,2930.82
2026-06-15,半導體類指數,1538.77
2026-06-15,電腦及週邊設備類指數,407.52
2026-06-15,光電類指數,67.11
2026-06-15,通信網路類指數,257.78
2026-06-15,電子零組件類指數,983.92
2026-06-15,電子通路類指數,377.04
2026-06-15,資訊服務類指數,211.86
2026-06-15,其他電子類指數,295.65
2026-06-15,建材營造類指數,481.58
2026-06-15,航運類指數,190.18
2026-06-15,觀光餐旅類指數,103.44
2026-06-15,金融保險類指數,3072.19
2026-06-15,貿易百貨類指數,241.62
2026-06-15,油電燃氣類指數,77.56
2026-06-15,綠能環保類指數,135.59
2026-06-15,數位雲端類指數,48.25
2026-06-15,運動休閒類指數,61.92
2026-06-15,居家生活類指數,96.08
2026-06-15,其他類指數,281.3
2026-06-12,發行量加權股價指數,44169.04
2026-06-12,水泥窯製類指數,648.51
2026-06-12,塑膠化工類指數,808.64
2026-06-12,機電類指數,15668.02
2026-06-12,水泥類指數,123.81
2026-06-12,食品類指數,1959.43
2026-06-12,塑膠類指數,215.66
2026-06-12,紡織纖維類指數,484.07
2026-06-12,電機機械類指數,540.28
2026-06-12,電器電纜類指數,108.67
2026-06-12,化學生技醫療類指數,148.16
2026-06-12,化學類指數,194.73
2026-06-12,生技醫療類指數,79.1
2026-06-12,玻璃陶瓷類指數,150.8
2026-06-12,造紙類指數,260.36
2026-06-12,鋼鐵類指數,118.43
2026-06-12,橡膠類指數,201.91
2026-06-12,汽車類指數,290.84
2026-06-12,電子工業類指數,2846.33
2026-06-12,半導體類指數,1489.55
2026-06-12,電腦及週邊設備類指數,406.58
2026-06-12,光電類指數,63.72
2026-06-12,通信網路類指數,252.69
2026-06-12,電子零組件類指數,955.15
2026-06-12,電子通路類指數,375.25
2026-06-12,資訊服務類指數,212.54
2026-06-12,其他電子類指數,289.69
2026-06-12,建材營造類指數,478.74
2026-06-12,航運類指數,190.01
2026-06-12,觀光餐旅類指數,103.37
2026-06-12,金融保險類指數,2989.81
2026-06-12,貿易百貨類指數,240.34
2026-06-12,油電燃氣類指數,77.13
2026-06-12,綠能環保類指數,132.71
2026-06-12,數位雲端類指數,51.34
2026-06-12,運動休閒類指數,64.5
2026-06-12,居家生活類指數,96.99
2026-06-12,其他類指數,282.97
2026-06-11,發行量加權股價指數,43149.46
2026-06-11,水泥窯製類指數,626.8
2026-06-11,塑膠化工類指數,776.39
2026-06-11,機電類指數,15269.14
2026-06-11,水泥類指數,122.06
2026-06-11,食品類指數,1941.88
2026-06-11,塑膠類指數,201.61
2026-06-11,紡織纖維類指數,483.45
2026-06-11,電機機械類指數,528.93
2026-06-11,電器電纜類指數,102.53
2026-06-11,化學生技醫療類指數,145.01
2026-06-11,化學類指數,189.46
2026-06-11,生技醫療類指數,77.65
2026-06-11,玻璃陶瓷類指數,140.68
2026-06-11,造紙類指數,258.37
2026-06-11,鋼鐵類指數,116.36
2026-06-11,橡膠類指數,203.17
2026-06-11,汽車類指數,295.98
2026-06-11,電子工業類指數,2773.91
2026-06-11,半導體類指數,1444.66
2026-06-11,電腦及週邊設備類指數,402.56
2026-06-11,光電類指數,63.12
2026-06-11,通信網路類指數,249.67
2026-06-11,電子零組件類指數,938.69
2026-06-11,電子通路類指數,379.12
2026-06-11,資訊服務類指數,210.48
2026-06-11,其他電子類指數,282.39
2026-06-11,建材營造類指數,477.04
2026-06-11,航運類指數,187.03
2026-06-11,觀光餐旅類指數,102.73
2026-06-11,金融保險類指數,2973.03
2026-06-11,貿易百貨類指數,237.2
2026-06-11,油電燃氣類指數,75.6
2026-06-11,綠能環保類指數,130.89
2026-06-11,數位雲端類指數,55.25
2026-06-11,運動休閒類指數,65.84
2026-06-11,居家生活類指數,94.74
2026-06-11,其他類指數,282.44
2026-06-10,發行量加權股價指數,43225.54
2026-06-10,水泥窯製類指數,626.64
2026-06-10,塑膠化工類指數,780.12
2026-06-10,機電類指數,15303.75
2026-06-10,水泥類指數,121.02
2026-06-10,食品類指數,1924.83
2026-06-10,塑膠類指數,199.88
2026-06-10,紡織纖維類指數,485.29
2026-06-10,電機機械類指數,536.99
2026-06-10,電器電纜類指數,103.78
2026-06-10,化學生技醫療類指數,147.94
2026-06-10,化學類指數,189.87
2026-06-10,生技醫療類指數,79.95
2026-06-10,玻璃陶瓷類指數,142.77
2026-06-10,造紙類指數,261.6
2026-06-10,鋼鐵類指數,116.52
2026-06-10,橡膠類指數,200.53
2026-06-10,汽車類指數,296.27
2026-06-10,電子工業類指數,2779.59
2026-06-10,半導體類指數,1444.15
2026-06-10,電腦及週邊設備類指數,409.3
2026-06-10,光電類指數,62.26
2026-06-10,通信網路類指數,252.29
2026-06-10,電子零組件類指數,941.62
2026-06-10,電子通路類指數,382.98
2026-06-10,資訊服務類指數,211.91
2026-06-10,其他電子類指數,285.31
2026-06-10,建材營造類指數,481.03
2026-06-10,航運類指數,185.86
2026-06-10,觀光餐旅類指數,102.13
2026-06-10,金融保險類指數,2965.05
2026-06-10,貿易百貨類指數,236.26
2026-06-10,油電燃氣類指數,75.03
2026-06-10,綠能環保類指數,133.22
2026-06-10,數位雲端類指數,59.48
2026-06-10,運動休閒類指數,65.13
2026-06-10,居家生活類指數,94.73
2026-06-10,其他類指數,280.24
2026-06-09,發行量加權股價指數,44704.44
2026-06-09,水泥窯製類指數,635.97
2026-06-09,塑膠化工類指數,799.87
2026-06-09,機電類指數,15894.48
2026-06-09,水泥類指數,120.57
2026-06-09,食品類指數,1916.81
2026-06-09,塑膠類指數,207.36
2026-06-09,紡織纖維類指數,489.05
2026-06-09,電機機械類指數,563.73
2026-06-09,電器電纜類指數,107.43
2026-06-09,化學生技醫療類指數,150.69
2026-06-09,化學類指數,196.31
2026-06-09,生技醫療類指數,80.82
2026-06-09,玻璃陶瓷類指數,149.68
2026-06-09,造紙類指數,257.31
2026-06-09,鋼鐵類指數,117.24
2026-06-09,橡膠類指數,199.39
2026-06-09,汽車類指數,296.73
2026-06-09,電子工業類指數,2886.43
2026-06-09,半導體類指數,1491.5
2026-06-09,電腦及週邊設備類指數,425.18
2026-06-09,光電類指數,64.0
2026-06-09,通信網路類指數,257.64
2026-06-09,電子零組件類指數,1004.4
2026-06-09,電子通路類指數,391.15
2026-06-09,資訊服務類指數,213.8
2026-06-09,其他電子類指數,299.75
2026-06-09,建材營造類指數,460.53
2026-06-09,航運類指數,186.84
2026-06-09,觀光餐旅類指數,101.97
2026-06-09,金融保險類指數,3026.92
2026-06-09,貿易百貨類指數,233.28
2026-06-09,油電燃氣類指數,76.53
2026-06-09,綠能環保類指數,137.11
2026-06-09,數位雲端類指數,57.26
2026-06-09,運動休閒類指數,63.65
2026-06-09,居家生活類指數,93.82
2026-06-09,其他類指數,278.45
2026-06-08,發行量加權股價指數,43502.78
2026-06-08,水泥窯製類指數,630.41
2026-06-08,塑膠化工類指數,789.15
2026-06-08,機電類指數,15493.12
2026-06-08,水泥類指數,120.01
2026-06-08,食品類指數,1895.39
2026-06-08,塑膠類指數,206.24
2026-06-08,紡織纖維類指數,480.68
2026-06-08,電機機械類指數,549.0
2026-06-08,電器電纜類指數,105.5
2026-06-08,化學生技醫療類指數,147.52
2026-06-08,化學類指數,193.86
2026-06-08,生技醫療類指數,78.76
2026-06-08,玻璃陶瓷類指數,147.32
2026-06-08,造紙類指數,254.13
2026-06-08,鋼鐵類指數,116.19
2026-06-08,橡膠類指數,196.84
2026-06-08,汽車類指數,291.47
2026-06-08,電子工業類指數,2813.53
2026-06-08,半導體類指數,1465.62
2026-06-08,電腦及週邊設備類指數,419.1
2026-06-08,光電類指數,61.64
2026-06-08,通信網路類指數,250.42
2026-06-08,電子零組件類指數,938.73
2026-06-08,電子通路類指數,380.74
2026-06-08,資訊服務類指數,213.05
2026-06-08,其他電子類指數,293.29
2026-06-08,建材營造類指數,454.8
2026-06-08,航運類指數,185.58
2026-06-08,觀光餐旅類指數,102.37
2026-06-08,金融保險類指數,2847.48
2026-06-08,貿易百貨類指數,231.12
2026-06-08,油電燃氣類指數,76.13
2026-06-08,綠能環保類指數,133.07
2026-06-08,數位雲端類指數,53.24
2026-06-08,運動休閒類指數,61.07
2026-06-08,居家生活類指數,93.04
2026-06-08,其他類指數,273.98
2026-06-05,發行量加權股價指數,45070.94
2026-06-05,水泥窯製類指數,659.21
2026-06-05,塑膠化工類指數,823.37
2026-06-05,機電類指數,16069.31
2026-06-05,水泥類指數,122.63
2026-06-05,食品類指數,1925.06
2026-06-05,塑膠類指數,220.37
2026-06-05,紡織纖維類指數,495.16
2026-06-05,電機機械類指數,572.23
2026-06-05,電器電纜類指數,113.57
2026-06-05,化學生技醫療類指數,150.77
2026-06-05,化學類指數,201.07
2026-06-05,生技醫療類指數,79.87
2026-06-05,玻璃陶瓷類指數,160.12
2026-06-05,造紙類指數,259.7
2026-06-05,鋼鐵類指數,120.05
2026-06-05,橡膠類指數,201.63
2026-06-05,汽車類指數,301.35
2026-06-05,電子工業類指數,2917.66
2026-06-05,半導體類指數,1521.49
2026-06-05,電腦及週邊設備類指數,439.75
2026-06-05,光電類指數,66.19
2026-06-05,通信網路類指數,257.33
2026-06-05,電子零組件類指數,952.2
2026-06-05,電子通路類指數,409.76
2026-06-05,資訊服務類指數,216.7
2026-06-05,其他電子類指數,309.55
2026-06-05,建材營造類指數,465.53
2026-06-05,航運類指數,191.74
2026-06-05,觀光餐旅類指數,103.92
2026-06-05,金融保險類指數,2930.55
2026-06-05,貿易百貨類指數,239.63
2026-06-05,油電燃氣類指數,79.66
2026-06-05,綠能環保類指數,135.64
2026-06-05,數位雲端類指數,50.99
2026-06-05,運動休閒類指數,61.23
2026-06-05,居家生活類指數,93.7
2026-06-05,其他類指數,277.62
2026-06-04,發行量加權股價指數,45677.46
2026-06-04,水泥窯製類指數,662.99
2026-06-04,塑膠化工類指數,842.42
2026-06-04,機電類指數,16324.1
2026-06-04,水泥類指數,122.72
2026-06-04,食品類指數,1922.64
2026-06-04,塑膠類指數,231.29
2026-06-04,紡織纖維類指數,501.57
2026-06-04,電機機械類指數,594.85
2026-06-04,電器電纜類指數,119.49
2026-06-04,化學生技醫療類指數,150.55
2026-06-04,化學類指數,202.33
2026-06-04,生技醫療類指數,79.42
2026-06-04,玻璃陶瓷類指數,162.33
2026-06-04,造紙類指數,265.3
2026-06-04,鋼鐵類指數,120.2
2026-06-04,橡膠類指數,203.62
2026-06-04,汽車類指數,299.68
2026-06-04,電子工業類指數,2962.57
2026-06-04,半導體類指數,1541.18
2026-06-04,電腦及週邊設備類指數,450.01
2026-06-04,光電類指數,68.31
2026-06-04,通信網路類指數,259.32
2026-06-04,電子零組件類指數,972.04
2026-06-04,電子通路類指數,415.57
2026-06-04,資訊服務類指數,220.12
2026-06-04,其他電子類指數,316.22
2026-06-04,建材營造類指數,461.41
2026-06-04,航運類指數,191.1
2026-06-04,觀光餐旅類指數,104.18
2026-06-04,金融保險類指數,2907.52
2026-06-04,貿易百貨類指數,248.25
2026-06-04,油電燃氣類指數,82.59
2026-06-04,綠能環保類指數,136.37
2026-06-04,數位雲端類指數,47.72
2026-06-04,運動休閒類指數,61.41
2026-06-04,居家生活類指數,94.3
2026-06-04,其他類指數,277.96
2026-06-03,發行量加權股價指數,46459.16
2026-06-03,水泥窯製類指數,674.25
2026-06-03,塑膠化工類指數,843.34
2026-06-03,機電類指數,16674.34
2026-06-03,水泥類指數,123.39
2026-06-03,食品類指數,1918.88
2026-06-03,塑膠類指數,235.83
2026-06-03,紡織纖維類指數,505.65
2026-06-03,電機機械類指數,594.32
2026-06-03,電器電纜類指數,121.12
2026-06-03,化學生技醫療類指數,147.91
2026-06-03,化學類指數,201.43
2026-06-03,生技醫療類指數,77.46
2026-06-03,玻璃陶瓷類指數,168.09
2026-06-03,造紙類指數,250.26
2026-06-03,鋼鐵類指數,120.1
2026-06-03,橡膠類指數,202.62
2026-06-03,汽車類指數,299.2
2026-06-03,電子工業類指數,3027.25
2026-06-03,半導體類指數,1570.85
2026-06-03,電腦及週邊設備類指數,466.96
2026-06-03,光電類指數,70.23
2026-06-03,通信網路類指數,262.18
2026-06-03,電子零組件類指數,996.73
2026-06-03,電子通路類指數,421.3
2026-06-03,資訊服務類指數,222.16
2026-06-03,其他電子類指數,325.99
2026-06-03,建材營造類指數,458.42
2026-06-03,航運類指數,192.0
2026-06-03,觀光餐旅類指數,102.68
2026-06-03,金融保險類指數,2881.65
2026-06-03,貿易百貨類指數,242.62
2026-06-03,油電燃氣類指數,80.44
2026-06-03,綠能環保類指數,133.12
2026-06-03,數位雲端類指數,45.36
2026-06-03,運動休閒類指數,61.25
2026-06-03,居家生活類指數,92.46
2026-06-03,其他類指數,276.15
2026-06-02,發行量加權股價指數,45557.31
2026-06-02,水泥窯製類指數,665.83
2026-06-02,塑膠化工類指數,833.06
2026-06-02,機電類指數,16374.22
2026-06-02,水泥類指數,121.94
2026-06-02,食品類指數,1925.2
2026-06-02,塑膠類指數,231.47
2026-06-02,紡織纖維類指數,485.72
2026-06-02,電機機械類指數,559.4
2026-06-02,電器電纜類指數,114.16
2026-06-02,化學生技醫療類指數,147.34
2026-06-02,化學類指數,199.11
2026-06-02,生技醫療類指數,77.49
2026-06-02,玻璃陶瓷類指數,165.8
2026-06-02,造紙類指數,244.65
2026-06-02,鋼鐵類指數,117.66
2026-06-02,橡膠類指數,198.16
2026-06-02,汽車類指數,295.83
2026-06-02,電子工業類指數,2975.0
2026-06-02,半導體類指數,1548.97
2026-06-02,電腦及週邊設備類指數,451.66
2026-06-02,光電類指數,67.41
2026-06-02,通信網路類指數,255.47
2026-06-02,電子零組件類指數,979.3
2026-06-02,電子通路類指數,419.43
2026-06-02,資訊服務類指數,224.85
2026-06-02,其他電子類指數,316.87
2026-06-02,建材營造類指數,452.4
2026-06-02,航運類指數,189.89
2026-06-02,觀光餐旅類指數,101.61
2026-06-02,金融保險類指數,2763.11
2026-06-02,貿易百貨類指數,236.46
2026-06-02,油電燃氣類指數,78.44
2026-06-02,綠能環保類指數,131.2
2026-06-02,數位雲端類指數,42.93
2026-06-02,運動休閒類指數,59.79
2026-06-02,居家生活類指數,91.77
2026-06-02,其他類指數,269.32
2026-06-01,發行量加權股價指數,45337.91
2026-06-01,水泥窯製類指數,676.42
2026-06-01,塑膠化工類指數,827.35
2026-06-01,機電類指數,16319.89
2026-06-01,水泥類指數,121.55
2026-06-01,食品類指數,1907.46
2026-06-01,塑膠類指數,224.11
2026-06-01,紡織纖維類指數,472.47
2026-06-01,電機機械類指數,573.87
2026-06-01,電器電纜類指數,113.03
2026-06-01,化學生技醫療類指數,150.66
2026-06-01,化學類指數,201.41
2026-06-01,生技醫療類指數,79.7
2026-06-01,玻璃陶瓷類指數,173.37
2026-06-01,造紙類指數,243.81
2026-06-01,鋼鐵類指數,118.23
2026-06-01,橡膠類指數,193.22
2026-06-01,汽車類指數,296.14
2026-06-01,電子工業類指數,2963.89
2026-06-01,半導體類指數,1539.49
2026-06-01,電腦及週邊設備類指數,438.5
2026-06-01,光電類指數,66.9
2026-06-01,通信網路類指數,257.01
2026-06-01,電子零組件類指數,999.67
2026-06-01,電子通路類指數,409.51
2026-06-01,資訊服務類指數,215.12
2026-06-01,其他電子類指數,314.75
2026-06-01,建材營造類指數,456.02
2026-06-01,航運類指數,189.66
2026-06-01,觀光餐旅類指數,101.12
2026-06-01,金融保險類指數,2703.64
2026-06-01,貿易百貨類指數,231.71
2026-06-01,油電燃氣類指數,76.99
2026-06-01,綠能環保類指數,131.25
2026-06-01,數位雲端類指數,41.4
2026-06-01,運動休閒類指數,57.77
2026-06-01,居家生活類指數,92.03
2026-06-01,其他類指數,264.92
2026-05-29,發行量加權股價指數,44732.94
2026-05-29,水泥窯製類指數,664.9
2026-05-29,塑膠化工類指數,792.84
2026-05-29,機電類指數,16128.92
2026-05-29,水泥類指數,121.32
2026-05-29,食品類指數,1878.28
2026-05-29,塑膠類指數,207.91
2026-05-29,紡織纖維類指數,464.82
2026-05-29,電機機械類指數,577.39
2026-05-29,電器電纜類指數,111.28
2026-05-29,化學生技醫療類指數,148.65
2026-05-29,化學類指數,198.68
2026-05-29,生技醫療類指數,78.65
2026-05-29,玻璃陶瓷類指數,166.52
2026-05-29,造紙類指數,240.3
2026-05-29,鋼鐵類指數,117.28
2026-05-29,橡膠類指數,189.09
2026-05-29,汽車類指數,297.59
2026-05-29,電子工業類指數,2928.42
2026-05-29,半導體類指數,1530.59
2026-05-29,電腦及週邊設備類指數,414.75
2026-05-29,光電類指數,63.54
2026-05-29,通信網路類指數,250.87
2026-05-29,電子零組件類指數,987.16
2026-05-29,電子通路類指數,408.28
2026-05-29,資訊服務類指數,200.17
2026-05-29,其他電子類指數,309.17
2026-05-29,建材營造類指數,450.85
2026-05-29,航運類指數,182.73
2026-05-29,觀光餐旅類指數,100.26
2026-05-29,金融保險類指數,2653.63
2026-05-29,貿易百貨類指數,221.75
2026-05-29,油電燃氣類指數,74.65
2026-05-29,綠能環保類指數,128.52
2026-05-29,數位雲端類指數,39.57
2026-05-29,運動休閒類指數,56.57
2026-05-29,居家生活類指數,90.51
2026-05-29,其他類指數,262.46
2026-05-28,發行量加權股價指數,43636.44
2026-05-28,水泥窯製類指數,645.79
2026-05-28,塑膠化工類指數,758.64
2026-05-28,機電類指數,15718.24
2026-05-28,水泥類指數,117.14
2026-05-28,食品類指數,1859.08
2026-05-28,塑膠類指數,193.89
2026-05-28,紡織纖維類指數,453.84
2026-05-28,電機機械類指數,567.56
2026-05-28,電器電纜類指數,105.34
2026-05-28,化學生技醫療類指數,145.11
2026-05-28,化學類指數,197.2
2026-05-28,生技醫療類指數,76.07
2026-05-28,玻璃陶瓷類指數,163.21
2026-05-28,造紙類指數,239.72
2026-05-28,鋼鐵類指數,115.86
2026-05-28,橡膠類指數,186.7
2026-05-28,汽車類指數,285.57
2026-05-28,電子工業類指數,2853.68
2026-05-28,半導體類指數,1498.32
2026-05-28,電腦及週邊設備類指數,388.69
2026-05-28,光電類指數,60.85
2026-05-28,通信網路類指數,249.29
2026-05-28,電子零組件類指數,963.8
2026-05-28,電子通路類指數,409.78
2026-05-28,資訊服務類指數,197.83
2026-05-28,其他電子類指數,292.75
2026-05-28,建材營造類指數,442.52
2026-05-28,航運類指數,180.76
2026-05-28,觀光餐旅類指數,99.51
2026-05-28,金融保險類指數,2622.39
2026-05-28,貿易百貨類指數,216.82
2026-05-28,油電燃氣類指數,72.94
2026-05-28,綠能環保類指數,124.44
2026-05-28,數位雲端類指數,37.62
2026-05-28,運動休閒類指數,55.75
2026-05-28,居家生活類指數,88.65
2026-05-28,其他類指數,260.6
2026-05-27,發行量加權股價指數,44256.8
2026-05-27,水泥窯製類指數,658.49
2026-05-27,塑膠化工類指數,774.16
2026-05-27,機電類指數,15968.21
2026-05-27,水泥類指數,118.4
2026-05-27,食品類指數,1855.67
2026-05-27,塑膠類指數,199.18
2026-05-27,紡織纖維類指數,440.83
2026-05-27,電機機械類指數,586.27
2026-05-27,電器電纜類指數,107.91
2026-05-27,化學生技醫療類指數,147.69
2026-05-27,化學類指數,201.73
2026-05-27,生技醫療類指數,77.2
2026-05-27,玻璃陶瓷類指數,168.62
2026-05-27,造紙類指數,238.91
2026-05-27,鋼鐵類指數,116.99
2026-05-27,橡膠類指數,185.64
2026-05-27,汽車類指數,281.89
2026-05-27,電子工業類指數,2898.24
2026-05-27,半導體類指數,1511.91
2026-05-27,電腦及週邊設備類指數,397.22
2026-05-27,光電類指數,62.99
2026-05-27,通信網路類指數,257.22
2026-05-27,電子零組件類指數,1001.75
2026-05-27,電子通路類指數,414.43
2026-05-27,資訊服務類指數,198.6
2026-05-27,其他電子類指數,296.62
2026-05-27,建材營造類指數,443.12
2026-05-27,航運類指數,180.98
2026-05-27,觀光餐旅類指數,99.84
2026-05-27,金融保險類指數,2635.23
2026-05-27,貿易百貨類指數,216.36
2026-05-27,油電燃氣類指數,73.68
2026-05-27,綠能環保類指數,122.97
2026-05-27,數位雲端類指數,36.02
2026-05-27,運動休閒類指數,55.67
2026-05-27,居家生活類指數,88.17
2026-05-27,其他類指數,260.49
2026-05-26,發行量加權股價指數,43525.37
2026-05-26,水泥窯製類指數,659.05
2026-05-26,塑膠化工類指數,764.75
2026-05-26,機電類指數,15685.3
2026-05-26,水泥類指數,119.0
2026-05-26,食品類指數,1875.51
2026-05-26,塑膠類指數,192.79
2026-05-26,紡織纖維類指數,452.47
2026-05-26,電機機械類指數,590.15
2026-05-26,電器電纜類指數,106.98
2026-05-26,化學生技醫療類指數,148.27
2026-05-26,化學類指數,201.26
2026-05-26,生技醫療類指數,77.78
2026-05-26,玻璃陶瓷類指數,167.7
2026-05-26,造紙類指數,241.61
2026-05-26,鋼鐵類指數,117.6
2026-05-26,橡膠類指數,186.8
2026-05-26,汽車類指數,282.2
2026-05-26,電子工業類指數,2845.7
2026-05-26,半導體類指數,1479.87
2026-05-26,電腦及週邊設備類指數,401.22
2026-05-26,光電類指數,63.23
2026-05-26,通信網路類指數,258.28
2026-05-26,電子零組件類指數,975.1
2026-05-26,電子通路類指數,413.43
2026-05-26,資訊服務類指數,199.99
2026-05-26,其他電子類指數,293.13
2026-05-26,建材營造類指數,443.19
2026-05-26,航運類指數,180.76
2026-05-26,觀光餐旅類指數,100.0
2026-05-26,金融保險類指數,2580.59
2026-05-26,貿易百貨類指數,219.03
2026-05-26,油電燃氣類指數,72.35
2026-05-26,綠能環保類指數,123.83
2026-05-26,數位雲端類指數,35.98
2026-05-26,運動休閒類指數,56.0
2026-05-26,居家生活類指數,90.13
2026-05-26,其他類指數,260.95
2026-05-25,發行量加權股價指數,43644.4
2026-05-25,水泥窯製類指數,668.59
2026-05-25,塑膠化工類指數,759.32
2026-05-25,機電類指數,15750.25
2026-05-25,水泥類指數,120.36
2026-05-25,食品類指數,1872.59
2026-05-25,塑膠類指數,189.46
2026-05-25,紡織纖維類指數,460.08
2026-05-25,電機機械類指數,578.58
2026-05-25,電器電纜類指數,108.03
2026-05-25,化學生技醫療類指數,148.31
2026-05-25,化學類指數,202.7
2026-05-25,生技醫療類指數,77.5
2026-05-25,玻璃陶瓷類指數,170.91
2026-05-25,造紙類指數,244.62
2026-05-25,鋼鐵類指數,120.6
2026-05-25,橡膠類指數,187.94
2026-05-25,汽車類指數,283.09
2026-05-25,電子工業類指數,2858.55
2026-05-25,半導體類指數,1493.38
2026-05-25,電腦及週邊設備類指數,401.0
2026-05-25,光電類指數,65.52
2026-05-25,通信網路類指數,255.07
2026-05-25,電子零組件類指數,961.85
2026-05-25,電子通路類指數,416.67
2026-05-25,資訊服務類指數,199.22
2026-05-25,其他電子類指數,293.58
2026-05-25,建材營造類指數,444.48
2026-05-25,航運類指數,182.24
2026-05-25,觀光餐旅類指數,99.46
2026-05-25,金融保險類指數,2541.87
2026-05-25,貿易百貨類指數,219.73
2026-05-25,油電燃氣類指數,71.95
2026-05-25,綠能環保類指數,123.05
2026-05-25,數位雲端類指數,35.91
2026-05-25,運動休閒類指數,56.22
2026-05-25,居家生活類指數,90.93
2026-05-25,其他類指數,261.81
2026-05-22,發行量加權股價指數,42267.97
2026-05-22,水泥窯製類指數,658.19
2026-05-22,塑膠化工類指數,756.11
2026-05-22,機電類指數,15169.77
2026-05-22,水泥類指數,120.85
2026-05-22,食品類指數,1880.18
2026-05-22,塑膠類指數,189.96
2026-05-22,紡織纖維類指數,460.36
2026-05-22,電機機械類指數,565.61
2026-05-22,電器電纜類指數,105.32
2026-05-22,化學生技醫療類指數,146.62
2026-05-22,化學類指數,200.73
2026-05-22,生技醫療類指數,76.55
2026-05-22,玻璃陶瓷類指數,163.23
2026-05-22,造紙類指數,241.22
2026-05-22,鋼鐵類指數,113.82
2026-05-22,橡膠類指數,188.66
2026-05-22,汽車類指數,282.68
2026-05-22,電子工業類指數,2752.45
2026-05-22,半導體類指數,1444.1
2026-05-22,電腦及週邊設備類指數,388.72
2026-05-22,光電類指數,61.96
2026-05-22,通信網路類指數,251.57
2026-05-22,電子零組件類指數,905.46
2026-05-22,電子通路類指數,405.6
2026-05-22,資訊服務類指數,199.7
2026-05-22,其他電子類指數,278.83
2026-05-22,建材營造類指數,450.18
2026-05-22,航運類指數,183.55
2026-05-22,觀光餐旅類指數,99.97
2026-05-22,金融保險類指數,2536.33
2026-05-22,貿易百貨類指數,225.16
2026-05-22,油電燃氣類指數,73.59
2026-05-22,綠能環保類指數,122.71
2026-05-22,數位雲端類指數,36.22
2026-05-22,運動休閒類指數,56.61
2026-05-22,居家生活類指數,90.55
2026-05-22,其他類指數,264.04
2026-05-21,發行量加權股價指數,41368.21
2026-05-21,水泥窯製類指數,642.98
2026-05-21,塑膠化工類指數,752.99
2026-05-21,機電類指數,14791.1
2026-05-21,水泥類指數,121.8
2026-05-21,食品類指數,1906.53
2026-05-21,塑膠類指數,191.07
2026-05-21,紡織纖維類指數,460.86
2026-05-21,電機機械類指數,552.0
2026-05-21,電器電纜類指數,103.34
2026-05-21,化學生技醫療類指數,144.35
2026-05-21,化學類指數,195.8
2026-05-21,生技醫療類指數,75.75
2026-05-21,玻璃陶瓷類指數,151.54
2026-05-21,造紙類指數,242.11
2026-05-21,鋼鐵類指數,114.21
2026-05-21,橡膠類指數,191.27
2026-05-21,汽車類指數,280.66
2026-05-21,電子工業類指數,2683.66
2026-05-21,半導體類指數,1413.44
2026-05-21,電腦及週邊設備類指數,377.64
2026-05-21,光電類指數,59.05
2026-05-21,通信網路類指數,250.52
2026-05-21,電子零組件類指數,860.17
2026-05-21,電子通路類指數,406.57
2026-05-21,資訊服務類指數,197.13
2026-05-21,其他電子類指數,274.67
2026-05-21,建材營造類指數,452.98
2026-05-21,航運類指數,180.32
2026-05-21,觀光餐旅類指數,100.15
2026-05-21,金融保險類指數,2539.22
2026-05-21,貿易百貨類指數,225.98
2026-05-21,油電燃氣類指數,73.96
2026-05-21,綠能環保類指數,122.09
2026-05-21,數位雲端類指數,35.85
2026-05-21,運動休閒類指數,56.87
2026-05-21,居家生活類指數,90.82
2026-05-21,其他類指數,264.52
2026-05-20,發行量加權股價指數,40020.82
2026-05-20,水泥窯製類指數,635.97
2026-05-20,塑膠化工類指數,729.74
2026-05-20,機電類指數,14242.57
2026-05-20,水泥類指數,121.02
2026-05-20,食品類指數,1904.46
2026-05-20,塑膠類指數,182.7
2026-05-20,紡織纖維類指數,452.79
2026-05-20,電機機械類指數,538.75
2026-05-20,電器電纜類指數,98.4
2026-05-20,化學生技醫療類指數,141.21
2026-05-20,化學類指數,187.5
2026-05-20,生技醫療類指數,74.98
2026-05-20,玻璃陶瓷類指數,148.71
2026-05-20,造紙類指數,237.84
2026-05-20,鋼鐵類指數,113.05
2026-05-20,橡膠類指數,188.98
2026-05-20,汽車類指數,276.98
2026-05-20,電子工業類指數,2583.64
2026-05-20,半導體類指數,1369.36
2026-05-20,電腦及週邊設備類指數,359.57
2026-05-20,光電類指數,55.28
2026-05-20,通信網路類指數,247.08
2026-05-20,電子零組件類指數,806.74
2026-05-20,電子通路類指數,392.93
2026-05-20,資訊服務類指數,194.64
2026-05-20,其他電子類指數,261.66
2026-05-20,建材營造類指數,448.92
2026-05-20,航運類指數,178.29
2026-05-20,觀光餐旅類指數,99.81
2026-05-20,金融保險類指數,2539.21
2026-05-20,貿易百貨類指數,226.31
2026-05-20,油電燃氣類指數,73.73
2026-05-20,綠能環保類指數,117.68
2026-05-20,數位雲端類指數,35.72
2026-05-20,運動休閒類指數,56.8
2026-05-20,居家生活類指數,89.04
2026-05-20,其他類指數,262.34
2026-05-19,發行量加權股價指數,40175.56
2026-05-19,水泥窯製類指數,642.66
2026-05-19,塑膠化工類指數,734.59
2026-05-19,機電類指數,14307.68
2026-05-19,水泥類指數,121.6
2026-05-19,食品類指數,1928.51
2026-05-19,塑膠類指數,184.46
2026-05-19,紡織纖維類指數,447.57
2026-05-19,電機機械類指數,545.16
2026-05-19,電器電纜類指數,98.9
2026-05-19,化學生技醫療類指數,141.85
2026-05-19,化學類指數,188.58
2026-05-19,生技醫療類指數,75.27
2026-05-19,玻璃陶瓷類指數,151.75
2026-05-19,造紙類指數,240.29
2026-05-19,鋼鐵類指數,113.2
2026-05-19,橡膠類指數,189.48
2026-05-19,汽車類指數,277.77
2026-05-19,電子工業類指數,2595.13
2026-05-19,半導體類指數,1375.89
2026-05-19,電腦及週邊設備類指數,361.2
2026-05-19,光電類指數,56.42
2026-05-19,通信網路類指數,250.57
2026-05-19,電子零組件類指數,804.09
2026-05-19,電子通路類指數,376.19
2026-05-19,資訊服務類指數,194.61
2026-05-19,其他電子類指數,265.84
2026-05-19,建材營造類指數,447.68
2026-05-19,航運類指數,174.34
2026-05-19,觀光餐旅類指數,100.04
2026-05-19,金融保險類指數,2539.81
2026-05-19,貿易百貨類指數,230.48
2026-05-19,油電燃氣類指數,73.57
2026-05-19,綠能環保類指數,116.24
2026-05-19,數位雲端類指數,36.01
2026-05-19,運動休閒類指數,57.21
2026-05-19,居家生活類指數,90.55
2026-05-19,其他類指數,262.34
2026-05-18,發行量加權股價指數,40891.82
2026-05-18,水泥窯製類指數,637.35
2026-05-18,塑膠化工類指數,738.76
2026-05-18,機電類指數,14628.31
2026-05-18,水泥類指數,120.59
2026-05-18,食品類指數,1922.7
2026-05-18,塑膠類指數,187.5
2026-05-18,紡織纖維類指數,449.48
2026-05-18,電機機械類指數,554.78
2026-05-18,電器電纜類指數,101.15
2026-05-18,化學生技醫療類指數,141.37
2026-05-18,化學類指數,189.21
2026-05-18,生技醫療類指數,74.74
2026-05-18,玻璃陶瓷類指數,150.51
2026-05-18,造紙類指數,240.18
2026-05-18,鋼鐵類指數,112.92
2026-05-18,橡膠類指數,189.71
2026-05-18,汽車類指數,274.89
2026-05-18,電子工業類指數,2653.49
2026-05-18,半導體類指數,1410.76
2026-05-18,電腦及週邊設備類指數,367.52
2026-05-18,光電類指數,56.23
2026-05-18,通信網路類指數,251.08
2026-05-18,電子零組件類指數,821.22
2026-05-18,電子通路類指數,376.83
2026-05-18,資訊服務類指數,195.03
2026-05-18,其他電子類指數,271.26
2026-05-18,建材營造類指數,450.12
2026-05-18,航運類指數,172.76
2026-05-18,觀光餐旅類指數,99.84
2026-05-18,金融保險類指數,2508.68
2026-05-18,貿易百貨類指數,228.74
2026-05-18,油電燃氣類指數,73.47
2026-05-18,綠能環保類指數,117.55
2026-05-18,數位雲端類指數,35.47
2026-05-18,運動休閒類指數,57.29
2026-05-18,居家生活類指數,90.38
2026-05-18,其他類指數,261.4
2026-05-15,發行量加權股價指數,41172.36
2026-05-15,水泥窯製類指數,639.01
2026-05-15,塑膠化工類指數,743.41
2026-05-15,機電類指數,14731.51
2026-05-15,水泥類指數,120.78
2026-05-15,食品類指數,1940.87
2026-05-15,塑膠類指數,187.62
2026-05-15,紡織纖維類指數,457.23
2026-05-15,電機機械類指數,560.8
2026-05-15,電器電纜類指數,101.59
2026-05-15,化學生技醫療類指數,143.07
2026-05-15,化學類指數,193.26
2026-05-15,生技醫療類指數,75.25
2026-05-15,玻璃陶瓷類指數,151.16
2026-05-15,造紙類指數,246.5
2026-05-15,鋼鐵類指數,113.32
2026-05-15,橡膠類指數,190.22
2026-05-15,汽車類指數,277.7
2026-05-15,電子工業類指數,2672.06
2026-05-15,半導體類指數,1422.02
2026-05-15,電腦及週邊設備類指數,370.19
2026-05-15,光電類指數,56.02
2026-05-15,通信網路類指數,250.69
2026-05-15,電子零組件類指數,826.21
2026-05-15,電子通路類指數,379.3
2026-05-15,資訊服務類指數,194.33
2026-05-15,其他電子類指數,272.79
2026-05-15,建材營造類指數,450.1
2026-05-15,航運類指數,172.97
2026-05-15,觀光餐旅類指數,100.3
2026-05-15,金融保險類指數,2529.76
2026-05-15,貿易百貨類指數,229.2
2026-05-15,油電燃氣類指數,73.97
2026-05-15,綠能環保類指數,116.5
2026-05-15,數位雲端類指數,34.98
2026-05-15,運動休閒類指數,57.27
2026-05-15,居家生活類指數,90.32
2026-05-15,其他類指數,259.05
2026-05-14,發行量加權股價指數,41751.75
2026-05-14,水泥窯製類指數,653.61
2026-05-14,塑膠化工類指數,745.57
2026-05-14,機電類指數,14970.36
2026-05-14,水泥類指數,123.24
2026-05-14,食品類指數,1931.92
2026-05-14,塑膠類指數,188.67
2026-05-14,紡織纖維類指數,461.47
2026-05-14,電機機械類指數,571.17
2026-05-14,電器電纜類指數,103.28
2026-05-14,化學生技醫療類指數,143.07
2026-05-14,化學類指數,196.35
2026-05-14,生技醫療類指數,74.59
2026-05-14,玻璃陶瓷類指數,155.26
2026-05-14,造紙類指數,243.44
2026-05-14,鋼鐵類指數,114.6
2026-05-14,橡膠類指數,191.31
2026-05-14,汽車類指數,278.96
2026-05-14,電子工業類指數,2715.28
2026-05-14,半導體類指數,1435.67
2026-05-14,電腦及週邊設備類指數,386.68
2026-05-14,光電類指數,54.91
2026-05-14,通信網路類指數,257.37
2026-05-14,電子零組件類指數,864.41
2026-05-14,電子通路類指數,381.98
2026-05-14,資訊服務類指數,195.55
2026-05-14,其他電子類指數,273.28
2026-05-14,建材營造類指數,450.37
2026-05-14,航運類指數,177.04
2026-05-14,觀光餐旅類指數,101.07
2026-05-14,金融保險類指數,2521.32
2026-05-14,貿易百貨類指數,228.56
2026-05-14,油電燃氣類指數,74.93
2026-05-14,綠能環保類指數,116.5
2026-05-14,數位雲端類指數,35.41
2026-05-14,運動休閒類指數,56.74
2026-05-14,居家生活類指數,92.9
2026-05-14,其他類指數,260.93
2026-05-13,發行量加權股價指數,41374.5
2026-05-13,水泥窯製類指數,659.4
2026-05-13,塑膠化工類指數,753.13
2026-05-13,機電類指數,14795.86
2026-05-13,水泥類指數,123.87
2026-05-13,食品類指數,1941.52
2026-05-13,塑膠類指數,191.91
2026-05-13,紡織纖維類指數,465.38
2026-05-13,電機機械類指數,575.17
2026-05-13,電器電纜類指數,103.29
2026-05-13,化學生技醫療類指數,144.04
2026-05-13,化學類指數,196.23
2026-05-13,生技醫療類指數,75.41
2026-05-13,玻璃陶瓷類指數,157.62
2026-05-13,造紙類指數,242.43
2026-05-13,鋼鐵類指數,113.87
2026-05-13,橡膠類指數,189.21
2026-05-13,汽車類指數,282.14
2026-05-13,電子工業類指數,2682.71
2026-05-13,半導體類指數,1408.31
2026-05-13,電腦及週邊設備類指數,391.2
2026-05-13,光電類指數,54.34
2026-05-13,通信網路類指數,247.77
2026-05-13,電子零組件類指數,864.54
2026-05-13,電子通路類指數,385.83
2026-05-13,資訊服務類指數,195.82
2026-05-13,其他電子類指數,282.09
2026-05-13,建材營造類指數,454.34
2026-05-13,航運類指數,176.91
2026-05-13,觀光餐旅類指數,102.04
2026-05-13,金融保險類指數,2531.03
2026-05-13,貿易百貨類指數,228.37
2026-05-13,油電燃氣類指數,75.45
2026-05-13,綠能環保類指數,118.1
2026-05-13,數位雲端類指數,35.97
2026-05-13,運動休閒類指數,57.38
2026-05-13,居家生活類指數,94.18
2026-05-13,其他類指數,261.65
2026-05-12,發行量加權股價指數,41898.32
2026-05-12,水泥窯製類指數,669.58
2026-05-12,塑膠化工類指數,756.38
2026-05-12,機電類指數,15024.99
2026-05-12,水泥類指數,123.84
2026-05-12,食品類指數,1912.72
2026-05-12,塑膠類指數,196.35
2026-05-12,紡織纖維類指數,464.1
2026-05-12,電機機械類指數,591.61
2026-05-12,電器電纜類指數,102.62
2026-05-12,化學生技醫療類指數,141.96
2026-05-12,化學類指數,198.8
2026-05-12,生技醫療類指數,73.14
2026-05-12,玻璃陶瓷類指數,164.15
2026-05-12,造紙類指數,236.29
2026-05-12,鋼鐵類指數,114.95
2026-05-12,橡膠類指數,191.95
2026-05-12,汽車類指數,282.04
2026-05-12,電子工業類指數,2723.81
2026-05-12,半導體類指數,1433.46
2026-05-12,電腦及週邊設備類指數,395.75
2026-05-12,光電類指數,54.17
2026-05-12,通信網路類指數,250.66
2026-05-12,電子零組件類指數,873.82
2026-05-12,電子通路類指數,387.71
2026-05-12,資訊服務類指數,197.8
2026-05-12,其他電子類指數,284.7
2026-05-12,建材營造類指數,452.59
2026-05-12,航運類指數,179.76
2026-05-12,觀光餐旅類指數,101.51
2026-05-12,金融保險類指數,2506.32
2026-05-12,貿易百貨類指數,228.83
2026-05-12,油電燃氣類指數,75.15
2026-05-12,綠能環保類指數,117.49
2026-05-12,數位雲端類指數,35.47
2026-05-12,運動休閒類指數,57.8
2026-05-12,居家生活類指數,94.25
2026-05-12,其他類指數,263.5
2026-05-11,發行量加權股價指數,41790.06
2026-05-11,水泥窯製類指數,670.26
2026-05-11,塑膠化工類指數,767.72
2026-05-11,機電類指數,14938.32
2026-05-11,水泥類指數,125.28
2026-05-11,食品類指數,1929.26
2026-05-11,塑膠類指數,201.2
2026-05-11,紡織纖維類指數,461.72
2026-05-11,電機機械類指數,583.83
2026-05-11,電器電纜類指數,104.28
2026-05-11,化學生技醫療類指數,142.91
2026-05-11,化學類指數,196.26
2026-05-11,生技醫療類指數,74.47
2026-05-11,玻璃陶瓷類指數,161.54
2026-05-11,造紙類指數,238.86
2026-05-11,鋼鐵類指數,115.77
2026-05-11,橡膠類指數,193.53
2026-05-11,汽車類指數,283.36
2026-05-11,電子工業類指數,2708.29
2026-05-11,半導體類指數,1422.9
2026-05-11,電腦及週邊設備類指數,391.6
2026-05-11,光電類指數,51.67
2026-05-11,通信網路類指數,252.24
2026-05-11,電子零組件類指數,876.73
2026-05-11,電子通路類指數,383.55
2026-05-11,資訊服務類指數,200.25
2026-05-11,其他電子類指數,285.36
2026-05-11,建材營造類指數,460.36
2026-05-11,航運類指數,181.59
2026-05-11,觀光餐旅類指數,102.06
2026-05-11,金融保險類指數,2559.15
2026-05-11,貿易百貨類指數,230.26
2026-05-11,油電燃氣類指數,76.22
2026-05-11,綠能環保類指數,118.91
2026-05-11,數位雲端類指數,36.17
2026-05-11,運動休閒類指數,57.54
2026-05-11,居家生活類指數,94.79
2026-05-11,其他類指數,265.93
2026-05-08,發行量加權股價指數,41603.94
2026-05-08,水泥窯製類指數,663.8
2026-05-08,塑膠化工類指數,761.36
2026-05-08,機電類指數,14857.71
2026-05-08,水泥類指數,124.51
2026-05-08,食品類指數,1927.67
2026-05-08,塑膠類指數,196.55
2026-05-08,紡織纖維類指數,459.9
2026-05-08,電機機械類指數,562.12
2026-05-08,電器電纜類指數,102.22
2026-05-08,化學生技醫療類指數,143.63
2026-05-08,化學類指數,194.32
2026-05-08,生技醫療類指數,75.48
2026-05-08,玻璃陶瓷類指數,159.05
2026-05-08,造紙類指數,238.68
2026-05-08,鋼鐵類指數,115.67
2026-05-08,橡膠類指數,193.44
2026-05-08,汽車類指數,286.15
2026-05-08,電子工業類指數,2695.24
2026-05-08,半導體類指數,1430.4
2026-05-08,電腦及週邊設備類指數,381.6
2026-05-08,光電類指數,50.54
2026-05-08,通信網路類指數,244.07
2026-05-08,電子零組件類指數,851.59
2026-05-08,電子通路類指數,367.93
2026-05-08,資訊服務類指數,199.53
2026-05-08,其他電子類指數,280.19
2026-05-08,建材營造類指數,455.11
2026-05-08,航運類指數,180.73
2026-05-08,觀光餐旅類指數,101.98
2026-05-08,金融保險類指數,2577.67
2026-05-08,貿易百貨類指數,232.95
2026-05-08,油電燃氣類指數,74.82
2026-05-08,綠能環保類指數,119.23
2026-05-08,數位雲端類指數,36.21
2026-05-08,運動休閒類指數,56.72
2026-05-08,居家生活類指數,96.25
2026-05-08,其他類指數,265.97
2026-05-07,發行量加權股價指數,41933.78
2026-05-07,水泥窯製類指數,674.29
2026-05-07,塑膠化工類指數,764.45
2026-05-07,機電類指數,15008.98
2026-05-07,水泥類指數,125.84
2026-05-07,食品類指數,1873.52
2026-05-07,塑膠類指數,201.52
2026-05-07,紡織纖維類指數,457.88
2026-05-07,電機機械類指數,567.14
2026-05-07,電器電纜類指數,105.3
2026-05-07,化學生技醫療類指數,141.55
2026-05-07,化學類指數,195.55
2026-05-07,生技醫療類指數,73.52
2026-05-07,玻璃陶瓷類指數,162.91
2026-05-07,造紙類指數,239.51
2026-05-07,鋼鐵類指數,116.12
2026-05-07,橡膠類指數,192.08
2026-05-07,汽車類指數,286.76
2026-05-07,電子工業類指數,2722.61
2026-05-07,半導體類指數,1439.83
2026-05-07,電腦及週邊設備類指數,375.49
2026-05-07,光電類指數,51.07
2026-05-07,通信網路類指數,250.86
2026-05-07,電子零組件類指數,882.9
2026-05-07,電子通路類指數,350.23
2026-05-07,資訊服務類指數,199.52
2026-05-07,其他電子類指數,285.0
2026-05-07,建材營造類指數,454.43
2026-05-07,航運類指數,181.49
2026-05-07,觀光餐旅類指數,101.99
2026-05-07,金融保險類指數,2555.43
2026-05-07,貿易百貨類指數,231.07
2026-05-07,油電燃氣類指數,73.76
2026-05-07,綠能環保類指數,119.47
2026-05-07,數位雲端類指數,35.63
2026-05-07,運動休閒類指數,56.56
2026-05-07,居家生活類指數,93.38
2026-05-07,其他類指數,268.04
2026-05-06,發行量加權股價指數,41138.85
2026-05-06,水泥窯製類指數,672.73
2026-05-06,塑膠化工類指數,772.92
2026-05-06,機電類指數,14684.68
2026-05-06,水泥類指數,124.98
2026-05-06,食品類指數,1861.76
2026-05-06,塑膠類指數,207.54
2026-05-06,紡織纖維類指數,456.01
2026-05-06,電機機械類指數,559.7
2026-05-06,電器電纜類指數,99.25
2026-05-06,化學生技醫療類指數,141.1
2026-05-06,化學類指數,194.98
2026-05-06,生技醫療類指數,73.27
2026-05-06,玻璃陶瓷類指數,163.74
2026-05-06,造紙類指數,238.19
2026-05-06,鋼鐵類指數,115.35
2026-05-06,橡膠類指數,188.61
2026-05-06,汽車類指數,281.0
2026-05-06,電子工業類指數,2663.65
2026-05-06,半導體類指數,1404.67
2026-05-06,電腦及週邊設備類指數,372.33
2026-05-06,光電類指數,50.08
2026-05-06,通信網路類指數,247.28
2026-05-06,電子零組件類指數,861.25
2026-05-06,電子通路類指數,348.98
2026-05-06,資訊服務類指數,200.89
2026-05-06,其他電子類指數,284.05
2026-05-06,建材營造類指數,449.45
2026-05-06,航運類指數,179.01
2026-05-06,觀光餐旅類指數,102.09
2026-05-06,金融保險類指數,2532.24
2026-05-06,貿易百貨類指數,229.87
2026-05-06,油電燃氣類指數,76.71
2026-05-06,綠能環保類指數,116.42
2026-05-06,數位雲端類指數,34.99
2026-05-06,運動休閒類指數,55.95
2026-05-06,居家生活類指數,95.76
2026-05-06,其他類指數,267.56
2026-05-05,發行量加權股價指數,40769.29
2026-05-05,水泥窯製類指數,668.04
2026-05-05,塑膠化工類指數,775.45
2026-05-05,機電類指數,14542.76
2026-05-05,水泥類指數,122.16
2026-05-05,食品類指數,1867.88
2026-05-05,塑膠類指數,209.39
2026-05-05,紡織纖維類指數,453.91
2026-05-05,電機機械類指數,565.43
2026-05-05,電器電纜類指數,99.09
2026-05-05,化學生技醫療類指數,140.83
2026-05-05,化學類指數,194.2
2026-05-05,生技醫療類指數,73.22
2026-05-05,玻璃陶瓷類指數,166.75
2026-05-05,造紙類指數,238.25
2026-05-05,鋼鐵類指數,114.17
2026-05-05,橡膠類指數,188.5
2026-05-05,汽車類指數,282.73
2026-05-05,電子工業類指數,2636.97
2026-05-05,半導體類指數,1390.26
2026-05-05,電腦及週邊設備類指數,363.02
2026-05-05,光電類指數,50.63
2026-05-05,通信網路類指數,248.76
2026-05-05,電子零組件類指數,863.09
2026-05-05,電子通路類指數,341.06
2026-05-05,資訊服務類指數,201.02
2026-05-05,其他電子類指數,274.49
2026-05-05,建材營造類指數,445.9
2026-05-05,航運類指數,177.81
2026-05-05,觀光餐旅類指數,101.41
2026-05-05,金融保險類指數,2503.19
2026-05-05,貿易百貨類指數,227.74
2026-05-05,油電燃氣類指數,77.51
2026-05-05,綠能環保類指數,117.63
2026-05-05,數位雲端類指數,34.47
2026-05-05,運動休閒類指數,56.32
2026-05-05,居家生活類指數,96.58
2026-05-05,其他類指數,267.11
2026-05-04,發行量加權股價指數,40705.14
2026-05-04,水泥窯製類指數,648.03
2026-05-04,塑膠化工類指數,761.15
2026-05-04,機電類指數,14544.33
2026-05-04,水泥類指數,122.99
2026-05-04,食品類指數,1872.95
2026-05-04,塑膠類指數,201.83
2026-05-04,紡織纖維類指數,452.26
2026-05-04,電機機械類指數,571.49
2026-05-04,電器電纜類指數,98.21
2026-05-04,化學生技醫療類指數,140.56
2026-05-04,化學類指數,192.76
2026-05-04,生技醫療類指數,73.31
2026-05-04,玻璃陶瓷類指數,152.22
2026-05-04,造紙類指數,237.55
2026-05-04,鋼鐵類指數,113.97
2026-05-04,橡膠類指數,187.22
2026-05-04,汽車類指數,280.65
2026-05-04,電子工業類指數,2636.84
2026-05-04,半導體類指數,1389.69
2026-05-04,電腦及週邊設備類指數,365.35
2026-05-04,光電類指數,49.54
2026-05-04,通信網路類指數,247.65
2026-05-04,電子零組件類指數,873.23
2026-05-04,電子通路類指數,341.77
2026-05-04,資訊服務類指數,197.72
2026-05-04,其他電子類指數,268.13
2026-05-04,建材營造類指數,448.41
2026-05-04,航運類指數,176.19
2026-05-04,觀光餐旅類指數,101.47
2026-05-04,金融保險類指數,2474.0
2026-05-04,貿易百貨類指數,228.72
2026-05-04,油電燃氣類指數,75.65
2026-05-04,綠能環保類指數,115.77
2026-05-04,數位雲端類指數,34.38
2026-05-04,運動休閒類指數,56.35
2026-05-04,居家生活類指數,96.39
2026-05-04,其他類指數,266.97
2026-04-30,發行量加權股價指數,38926.63
2026-04-30,水泥窯製類指數,651.75
2026-04-30,塑膠化工類指數,768.99
2026-04-30,機電類指數,13782.33
2026-04-30,水泥類指數,123.45
2026-04-30,食品類指數,1870.19
2026-04-30,塑膠類指數,205.65
2026-04-30,紡織纖維類指數,453.59
2026-04-30,電機機械類指數,554.86
2026-04-30,電器電纜類指數,94.9
2026-04-30,化學生技醫療類指數,140.78
2026-04-30,化學類指數,190.73
2026-04-30,生技醫療類指數,73.93
2026-04-30,玻璃陶瓷類指數,153.63
2026-04-30,造紙類指數,238.3
2026-04-30,鋼鐵類指數,114.29
2026-04-30,橡膠類指數,189.38
2026-04-30,汽車類指數,279.83
2026-04-30,電子工業類指數,2497.52
2026-04-30,半導體類指數,1301.84
2026-04-30,電腦及週邊設備類指數,356.76
2026-04-30,光電類指數,48.27
2026-04-30,通信網路類指數,239.36
2026-04-30,電子零組件類指數,848.61
2026-04-30,電子通路類指數,334.73
2026-04-30,資訊服務類指數,196.12
2026-04-30,其他電子類指數,256.3
2026-04-30,建材營造類指數,452.01
2026-04-30,航運類指數,173.59
2026-04-30,觀光餐旅類指數,100.41
2026-04-30,金融保險類指數,2478.15
2026-04-30,貿易百貨類指數,228.76
2026-04-30,油電燃氣類指數,78.37
2026-04-30,綠能環保類指數,115.29
2026-04-30,數位雲端類指數,33.84
2026-04-30,運動休閒類指數,56.0
2026-04-30,居家生活類指數,97.92
2026-04-30,其他類指數,266.88
2026-04-29,發行量加權股價指數,39303.5
2026-04-29,水泥窯製類指數,651.13
2026-04-29,塑膠化工類指數,776.32
2026-04-29,機電類指數,13917.43
2026-04-29,水泥類指數,124.0
2026-04-29,食品類指數,1888.9
2026-04-29,塑膠類指數,207.32
2026-04-29,紡織纖維類指數,456.83
2026-04-29,電機機械類指數,544.29
2026-04-29,電器電纜類指數,96.06
2026-04-29,化學生技醫療類指數,142.33
2026-04-29,化學類指數,192.76
2026-04-29,生技醫療類指數,74.75
2026-04-29,玻璃陶瓷類指數,152.06
2026-04-29,造紙類指數,241.71
2026-04-29,鋼鐵類指數,116.1
2026-04-29,橡膠類指數,191.17
2026-04-29,汽車類指數,281.02
2026-04-29,電子工業類指數,2523.25
2026-04-29,半導體類指數,1323.79
2026-04-29,電腦及週邊設備類指數,362.84
2026-04-29,光電類指數,48.56
2026-04-29,通信網路類指數,236.62
2026-04-29,電子零組件類指數,834.61
2026-04-29,電子通路類指數,336.32
2026-04-29,資訊服務類指數,195.42
2026-04-29,其他電子類指數,258.58
2026-04-29,建材營造類指數,457.93
2026-04-29,航運類指數,174.61
2026-04-29,觀光餐旅類指數,100.93
2026-04-29,金融保險類指數,2510.94
2026-04-29,貿易百貨類指數,229.64
2026-04-29,油電燃氣類指數,75.61
2026-04-29,綠能環保類指數,114.73
2026-04-29,數位雲端類指數,34.01
2026-04-29,運動休閒類指數,56.46
2026-04-29,居家生活類指數,98.03
2026-04-29,其他類指數,270.17
2026-04-28,發行量加權股價指數,39521.73
2026-04-28,水泥窯製類指數,664.16
2026-04-28,塑膠化工類指數,760.6
2026-04-28,機電類指數,14033.17
2026-04-28,水泥類指數,123.49
2026-04-28,食品類指數,1897.18
2026-04-28,塑膠類指數,204.48
2026-04-28,紡織纖維類指數,457.36
2026-04-28,電機機械類指數,535.51
2026-04-28,電器電纜類指數,95.51
2026-04-28,化學生技醫療類指數,138.18
2026-04-28,化學類指數,187.07
2026-04-28,生技醫療類指數,72.59
2026-04-28,玻璃陶瓷類指數,161.44
2026-04-28,造紙類指數,242.37
2026-04-28,鋼鐵類指數,115.19
2026-04-28,橡膠類指數,190.33
2026-04-28,汽車類指數,281.64
2026-04-28,電子工業類指數,2545.38
2026-04-28,半導體類指數,1343.13
2026-04-28,電腦及週邊設備類指數,361.94
2026-04-28,光電類指數,47.79
2026-04-28,通信網路類指數,239.17
2026-04-28,電子零組件類指數,828.0
2026-04-28,電子通路類指數,337.08
2026-04-28,資訊服務類指數,196.68
2026-04-28,其他電子類指數,258.17
2026-04-28,建材營造類指數,455.73
2026-04-28,航運類指數,173.59
2026-04-28,觀光餐旅類指數,101.04
2026-04-28,金融保險類指數,2483.91
2026-04-28,貿易百貨類指數,229.04
2026-04-28,油電燃氣類指數,74.38
2026-04-28,綠能環保類指數,114.95
2026-04-28,數位雲端類指數,33.81
2026-04-28,運動休閒類指數,56.65
2026-04-28,居家生活類指數,98.96
2026-04-28,其他類指數,269.73
2026-04-27,發行量加權股價指數,39616.63
2026-04-27,水泥窯製類指數,641.18
2026-04-27,塑膠化工類指數,748.39
2026-04-27,機電類指數,14095.05
2026-04-27,水泥類指數,123.18
2026-04-27,食品類指數,1892.92
2026-04-27,塑膠類指數,200.88
2026-04-27,紡織纖維類指數,451.81
2026-04-27,電機機械類指數,525.49
2026-04-27,電器電纜類指數,94.33
2026-04-27,化學生技醫療類指數,135.65
2026-04-27,化學類指數,185.96
2026-04-27,生技醫療類指數,70.77
2026-04-27,玻璃陶瓷類指數,147.46
2026-04-27,造紙類指數,241.08
2026-04-27,鋼鐵類指數,113.76
2026-04-27,橡膠類指數,192.16
2026-04-27,汽車類指數,280.98
2026-04-27,電子工業類指數,2557.69
2026-04-27,半導體類指數,1358.46
2026-04-27,電腦及週邊設備類指數,364.78
2026-04-27,光電類指數,47.39
2026-04-27,通信網路類指數,234.5
2026-04-27,電子零組件類指數,815.91
2026-04-27,電子通路類指數,329.53
2026-04-27,資訊服務類指數,192.25
2026-04-27,其他電子類指數,256.15
2026-04-27,建材營造類指數,459.59
2026-04-27,航運類指數,173.41
2026-04-27,觀光餐旅類指數,100.91
2026-04-27,金融保險類指數,2469.02
2026-04-27,貿易百貨類指數,229.57
2026-04-27,油電燃氣類指數,73.07
2026-04-27,綠能環保類指數,114.22
2026-04-27,數位雲端類指數,33.62
2026-04-27,運動休閒類指數,55.89
2026-04-27,居家生活類指數,97.52
2026-04-27,其他類指數,267.65
2026-04-24,發行量加權股價指數,38932.4
2026-04-24,水泥窯製類指數,648.03
2026-04-24,塑膠化工類指數,750.42
2026-04-24,機電類指數,13792.1
2026-04-24,水泥類指數,124.35
2026-04-24,食品類指數,1911.68
2026-04-24,塑膠類指數,198.34
2026-04-24,紡織纖維類指數,458.33
2026-04-24,電機機械類指數,523.77
2026-04-24,電器電纜類指數,95.3
2026-04-24,化學生技醫療類指數,138.27
2026-04-24,化學類指數,186.7
2026-04-24,生技醫療類指數,72.75
2026-04-24,玻璃陶瓷類指數,149.35
2026-04-24,造紙類指數,243.72
2026-04-24,鋼鐵類指數,114.51
2026-04-24,橡膠類指數,191.63
2026-04-24,汽車類指數,284.6
2026-04-24,電子工業類指數,2501.76
2026-04-24,半導體類指數,1318.55
2026-04-24,電腦及週邊設備類指數,363.82
2026-04-24,光電類指數,47.17
2026-04-24,通信網路類指數,233.78
2026-04-24,電子零組件類指數,810.58
2026-04-24,電子通路類指數,330.12
2026-04-24,資訊服務類指數,194.28
2026-04-24,其他電子類指數,254.28
2026-04-24,建材營造類指數,464.81
2026-04-24,航運類指數,174.68
2026-04-24,觀光餐旅類指數,100.89
2026-04-24,金融保險類指數,2469.43
2026-04-24,貿易百貨類指數,231.32
2026-04-24,油電燃氣類指數,72.78
2026-04-24,綠能環保類指數,116.89
2026-04-24,數位雲端類指數,33.91
2026-04-24,運動休閒類指數,56.22
2026-04-24,居家生活類指數,98.97
2026-04-24,其他類指數,272.83
2026-04-23,發行量加權股價指數,37714.15
2026-04-23,水泥窯製類指數,653.91
2026-04-23,塑膠化工類指數,759.24
2026-04-23,機電類指數,13262.29
2026-04-23,水泥類指數,124.81
2026-04-23,食品類指數,1923.57
2026-04-23,塑膠類指數,198.64
2026-04-23,紡織纖維類指數,459.47
2026-04-23,電機機械類指數,529.81
2026-04-23,電器電纜類指數,96.1
2026-04-23,化學生技醫療類指數,141.21
2026-04-23,化學類指數,188.96
2026-04-23,生技醫療類指數,74.66
2026-04-23,玻璃陶瓷類指數,152.12
2026-04-23,造紙類指數,244.42
2026-04-23,鋼鐵類指數,115.24
2026-04-23,橡膠類指數,194.68
2026-04-23,汽車類指數,287.89
2026-04-23,電子工業類指數,2403.28
2026-04-23,半導體類指數,1257.03
2026-04-23,電腦及週邊設備類指數,352.78
2026-04-23,光電類指數,47.62
2026-04-23,通信網路類指數,233.06
2026-04-23,電子零組件類指數,773.56
2026-04-23,電子通路類指數,333.85
2026-04-23,資訊服務類指數,196.06
2026-04-23,其他電子類指數,257.31
2026-04-23,建材營造類指數,466.73
2026-04-23,航運類指數,174.99
2026-04-23,觀光餐旅類指數,101.38
2026-04-23,金融保險類指數,2469.45
2026-04-23,貿易百貨類指數,235.62
2026-04-23,油電燃氣類指數,72.92
2026-04-23,綠能環保類指數,118.6
2026-04-23,數位雲端類指數,34.49
2026-04-23,運動休閒類指數,57.26
2026-04-23,居家生活類指數,100.37
2026-04-23,其他類指數,273.92
2026-04-22,發行量加權股價指數,37878.47
2026-04-22,水泥窯製類指數,668.83
2026-04-22,塑膠化工類指數,776.48
2026-04-22,機電類指數,13298.19
2026-04-22,水泥類指數,124.4
2026-04-22,食品類指數,1941.61
2026-04-22,塑膠類指數,204.83
2026-04-22,紡織纖維類指數,464.88
2026-04-22,電機機械類指數,534.34
2026-04-22,電器電纜類指數,99.22
2026-04-22,化學生技醫療類指數,143.7
2026-04-22,化學類指數,192.09
2026-04-22,生技醫療類指數,76.02
2026-04-22,玻璃陶瓷類指數,162.5
2026-04-22,造紙類指數,250.71
2026-04-22,鋼鐵類指數,117.51
2026-04-22,橡膠類指數,195.01
2026-04-22,汽車類指數,294.9
2026-04-22,電子工業類指數,2409.35
2026-04-22,半導體類指數,1249.81
2026-04-22,電腦及週邊設備類指數,362.12
2026-04-22,光電類指數,49.63
2026-04-22,通信網路類指數,241.0
2026-04-22,電子零組件類指數,789.31
2026-04-22,電子通路類指數,345.42
2026-04-22,資訊服務類指數,200.37
2026-04-22,其他電子類指數,256.08
2026-04-22,建材營造類指數,463.41
2026-04-22,航運類指數,177.23
2026-04-22,觀光餐旅類指數,102.69
2026-04-22,金融保險類指數,2488.72
2026-04-22,貿易百貨類指數,239.14
2026-04-22,油電燃氣類指數,74.21
2026-04-22,綠能環保類指數,120.04
2026-04-22,數位雲端類指數,35.04
2026-04-22,運動休閒類指數,58.33
2026-04-22,居家生活類指數,102.51
2026-04-22,其他類指數,276.16
2026-04-21,發行量加權股價指數,37605.11
2026-04-21,水泥窯製類指數,680.76
2026-04-21,塑膠化工類指數,773.53
2026-04-21,機電類指數,13181.68
2026-04-21,水泥類指數,124.78
2026-04-21,食品類指數,1939.92
2026-04-21,塑膠類指數,203.73
2026-04-21,紡織纖維類指數,466.23
2026-04-21,電機機械類指數,526.38
2026-04-21,電器電纜類指數,101.11
2026-04-21,化學生技醫療類指數,142.98
2026-04-21,化學類指數,191.15
2026-04-21,生技醫療類指數,75.64
2026-04-21,玻璃陶瓷類指數,169.3
2026-04-21,造紙類指數,253.4
2026-04-21,鋼鐵類指數,118.37
2026-04-21,橡膠類指數,197.92
2026-04-21,汽車類指數,293.6
2026-04-21,電子工業類指數,2388.31
2026-04-21,半導體類指數,1240.26
2026-04-21,電腦及週邊設備類指數,356.82
2026-04-21,光電類指數,49.88
2026-04-21,通信網路類指數,241.59
2026-04-21,電子零組件類指數,784.01
2026-04-21,電子通路類指數,346.77
2026-04-21,資訊服務類指數,200.36
2026-04-21,其他電子類指數,247.61
2026-04-21,建材營造類指數,466.51
2026-04-21,航運類指數,177.28
2026-04-21,觀光餐旅類指數,103.17
2026-04-21,金融保險類指數,2486.9
2026-04-21,貿易百貨類指數,238.6
2026-04-21,油電燃氣類指數,74.6
2026-04-21,綠能環保類指數,118.65
2026-04-21,數位雲端類指數,34.88
2026-04-21,運動休閒類指數,58.77
2026-04-21,居家生活類指數,103.86
2026-04-21,其他類指數,275.08
2026-04-20,發行量加權股價指數,36958.8
2026-04-20,水泥窯製類指數,668.8
2026-04-20,塑膠化工類指數,766.31
2026-04-20,機電類指數,12910.57
2026-04-20,水泥類指數,124.45
2026-04-20,食品類指數,1951.77
2026-04-20,塑膠類指數,201.6
2026-04-20,紡織纖維類指數,468.98
2026-04-20,電機機械類指數,521.89
2026-04-20,電器電纜類指數,101.51
2026-04-20,化學生技醫療類指數,141.88
2026-04-20,化學類指數,189.54
2026-04-20,生技醫療類指數,75.08
2026-04-20,玻璃陶瓷類指數,162.38
2026-04-20,造紙類指數,246.24
2026-04-20,鋼鐵類指數,118.63
2026-04-20,橡膠類指數,195.39
2026-04-20,汽車類指數,289.96
2026-04-20,電子工業類指數,2338.52
2026-04-20,半導體類指數,1216.71
2026-04-20,電腦及週邊設備類指數,347.45
2026-04-20,光電類指數,50.39
2026-04-20,通信網路類指數,235.33
2026-04-20,電子零組件類指數,755.31
2026-04-20,電子通路類指數,342.68
2026-04-20,資訊服務類指數,199.34
2026-04-20,其他電子類指數,246.33
2026-04-20,建材營造類指數,467.33
2026-04-20,航運類指數,175.69
2026-04-20,觀光餐旅類指數,103.48
2026-04-20,金融保險類指數,2493.44
2026-04-20,貿易百貨類指數,239.41
2026-04-20,油電燃氣類指數,75.81
2026-04-20,綠能環保類指數,117.92
2026-04-20,數位雲端類指數,34.68
2026-04-20,運動休閒類指數,58.73
2026-04-20,居家生活類指數,102.14
2026-04-20,其他類指數,275.47
2026-04-17,發行量加權股價指數,36804.34
2026-04-17,水泥窯製類指數,685.86
2026-04-17,塑膠化工類指數,771.4
2026-04-17,機電類指數,12832.99
2026-04-17,水泥類指數,126.32
2026-04-17,食品類指數,1968.15
2026-04-17,塑膠類指數,205.06
2026-04-17,紡織纖維類指數,466.55
2026-04-17,電機機械類指數,518.56
2026-04-17,電器電纜類指數,99.11
2026-04-17,化學生技醫療類指數,141.4
2026-04-17,化學類指數,186.65
2026-04-17,生技醫療類指數,75.32
2026-04-17,玻璃陶瓷類指數,169.27
2026-04-17,造紙類指數,252.4
2026-04-17,鋼鐵類指數,119.69
2026-04-17,橡膠類指數,196.29
2026-04-17,汽車類指數,291.37
2026-04-17,電子工業類指數,2324.61
2026-04-17,半導體類指數,1215.59
2026-04-17,電腦及週邊設備類指數,340.81
2026-04-17,光電類指數,49.58
2026-04-17,通信網路類指數,236.71
2026-04-17,電子零組件類指數,730.47
2026-04-17,電子通路類指數,347.77
2026-04-17,資訊服務類指數,200.22
2026-04-17,其他電子類指數,247.76
2026-04-17,建材營造類指數,471.43
2026-04-17,航運類指數,177.32
2026-04-17,觀光餐旅類指數,103.99
2026-04-17,金融保險類指數,2495.5
2026-04-17,貿易百貨類指數,239.89
2026-04-17,油電燃氣類指數,76.79
2026-04-17,綠能環保類指數,117.26
2026-04-17,數位雲端類指數,34.84
2026-04-17,運動休閒類指數,59.17
2026-04-17,居家生活類指數,102.02
2026-04-17,其他類指數,274.23
2026-04-16,發行量加權股價指數,37132.02
2026-04-16,水泥窯製類指數,669.67
2026-04-16,塑膠化工類指數,779.6
2026-04-16,機電類指數,12963.26
2026-04-16,水泥類指數,125.8
2026-04-16,食品類指數,1961.74
2026-04-16,塑膠類指數,210.42
2026-04-16,紡織纖維類指數,468.58
2026-04-16,電機機械類指數,508.95
2026-04-16,電器電纜類指數,98.51
2026-04-16,化學生技醫療類指數,140.8
2026-04-16,化學類指數,182.45
2026-04-16,生技醫療類指數,75.74
2026-04-16,玻璃陶瓷類指數,160.06
2026-04-16,造紙類指數,256.12
2026-04-16,鋼鐵類指數,119.32
2026-04-16,橡膠類指數,197.49
2026-04-16,汽車類指數,292.35
2026-04-16,電子工業類指數,2349.49
2026-04-16,半導體類指數,1240.16
2026-04-16,電腦及週邊設備類指數,336.59
2026-04-16,光電類指數,50.59
2026-04-16,通信網路類指數,233.32
2026-04-16,電子零組件類指數,726.79
2026-04-16,電子通路類指數,347.39
2026-04-16,資訊服務類指數,198.84
2026-04-16,其他電子類指數,242.03
2026-04-16,建材營造類指數,469.96
2026-04-16,航運類指數,178.44
2026-04-16,觀光餐旅類指數,103.94
2026-04-16,金融保險類指數,2505.68
2026-04-16,貿易百貨類指數,238.1
2026-04-16,油電燃氣類指數,76.95
2026-04-16,綠能環保類指數,116.75
2026-04-16,數位雲端類指數,35.38
2026-04-16,運動休閒類指數,59.56
2026-04-16,居家生活類指數,102.36
2026-04-16,其他類指數,273.95
2026-04-15,發行量加權股價指數,36722.14
2026-04-15,水泥窯製類指數,662.81
2026-04-15,塑膠化工類指數,768.96
2026-04-15,機電類指數,12811.01
2026-04-15,水泥類指數,124.51
2026-04-15,食品類指數,1948.87
2026-04-15,塑膠類指數,205.14
2026-04-15,紡織纖維類指數,465.75
2026-04-15,電機機械類指數,504.33
2026-04-15,電器電纜類指數,98.6
2026-04-15,化學生技醫療類指數,140.52
2026-04-15,化學類指數,184.56
2026-04-15,生技醫療類指數,75.05
2026-04-15,玻璃陶瓷類指數,158.43
2026-04-15,造紙類指數,256.46
2026-04-15,鋼鐵類指數,119.49
2026-04-15,橡膠類指數,195.0
2026-04-15,汽車類指數,289.91
2026-04-15,電子工業類指數,2321.71
2026-04-15,半導體類指數,1229.92
2026-04-15,電腦及週邊設備類指數,330.09
2026-04-15,光電類指數,49.78
2026-04-15,通信網路類指數,229.21
2026-04-15,電子零組件類指數,707.08
2026-04-15,電子通路類指數,343.69
2026-04-15,資訊服務類指數,194.95
2026-04-15,其他電子類指數,240.53
2026-04-15,建材營造類指數,467.39
2026-04-15,航運類指數,178.03
2026-04-15,觀光餐旅類指數,104.96
2026-04-15,金融保險類指數,2486.85
2026-04-15,貿易百貨類指數,236.95
2026-04-15,油電燃氣類指數,76.1
2026-04-15,綠能環保類指數,116.8
2026-04-15,數位雲端類指數,34.91
2026-04-15,運動休閒類指數,58.21
2026-04-15,居家生活類指數,100.03
2026-04-15,其他類指數,272.81
2026-04-14,發行量加權股價指數,36296.12
2026-04-14,水泥窯製類指數,665.84
2026-04-14,塑膠化工類指數,778.96
2026-04-14,機電類指數,12631.75
2026-04-14,水泥類指數,126.48
2026-04-14,食品類指數,1943.35
2026-04-14,塑膠類指數,211.46
2026-04-14,紡織纖維類指數,467.28
2026-04-14,電機機械類指數,491.22
2026-04-14,電器電纜類指數,98.16
2026-04-14,化學生技醫療類指數,139.77
2026-04-14,化學類指數,183.99
2026-04-14,生技醫療類指數,74.57
2026-04-14,玻璃陶瓷類指數,156.18
2026-04-14,造紙類指數,256.05
2026-04-14,鋼鐵類指數,121.08
2026-04-14,橡膠類指數,198.0
2026-04-14,汽車類指數,289.2
2026-04-14,電子工業類指數,2289.64
2026-04-14,半導體類指數,1213.97
2026-04-14,電腦及週邊設備類指數,332.39
2026-04-14,光電類指數,48.55
2026-04-14,通信網路類指數,224.98
2026-04-14,電子零組件類指數,690.09
2026-04-14,電子通路類指數,341.34
2026-04-14,資訊服務類指數,194.91
2026-04-14,其他電子類指數,236.05
2026-04-14,建材營造類指數,464.66
2026-04-14,航運類指數,176.14
2026-04-14,觀光餐旅類指數,105.0
2026-04-14,金融保險類指數,2475.81
2026-04-14,貿易百貨類指數,234.07
2026-04-14,油電燃氣類指數,78.17
2026-04-14,綠能環保類指數,114.94
2026-04-14,數位雲端類指數,35.13
2026-04-14,運動休閒類指數,58.05
2026-04-14,居家生活類指數,103.74
2026-04-14,其他類指數,268.08
2026-04-13,發行量加權股價指數,35457.29
2026-04-13,水泥窯製類指數,649.27
2026-04-13,塑膠化工類指數,757.97
2026-04-13,機電類指數,12307.2
2026-04-13,水泥類指數,126.31
2026-04-13,食品類指數,1946.06
2026-04-13,塑膠類指數,201.43
2026-04-13,紡織纖維類指數,461.03
2026-04-13,電機機械類指數,479.44
2026-04-13,電器電纜類指數,96.63
2026-04-13,化學生技醫療類指數,138.46
2026-04-13,化學類指數,182.52
2026-04-13,生技醫療類指數,73.81
2026-04-13,玻璃陶瓷類指數,145.99
2026-04-13,造紙類指數,256.36
2026-04-13,鋼鐵類指數,120.2
2026-04-13,橡膠類指數,197.7
2026-04-13,汽車類指數,285.95
2026-04-13,電子工業類指數,2230.67
2026-04-13,半導體類指數,1177.26
2026-04-13,電腦及週邊設備類指數,326.03
2026-04-13,光電類指數,46.31
2026-04-13,通信網路類指數,224.18
2026-04-13,電子零組件類指數,681.84
2026-04-13,電子通路類指數,340.6
2026-04-13,資訊服務類指數,192.32
2026-04-13,其他電子類指數,230.75
2026-04-13,建材營造類指數,463.02
2026-04-13,航運類指數,176.08
2026-04-13,觀光餐旅類指數,105.99
2026-04-13,金融保險類指數,2450.7
2026-04-13,貿易百貨類指數,232.29
2026-04-13,油電燃氣類指數,76.87
2026-04-13,綠能環保類指數,113.3
2026-04-13,數位雲端類指數,34.87
2026-04-13,運動休閒類指數,58.14
2026-04-13,居家生活類指數,102.31
2026-04-13,其他類指數,265.63
2026-04-10,發行量加權股價指數,35417.83
2026-04-10,水泥窯製類指數,632.09
2026-04-10,塑膠化工類指數,733.26
2026-04-10,機電類指數,12300.13
2026-04-10,水泥類指數,126.89
2026-04-10,食品類指數,1940.96
2026-04-10,塑膠類指數,188.63
2026-04-10,紡織纖維類指數,461.13
2026-04-10,電機機械類指數,473.53
2026-04-10,電器電纜類指數,96.64
2026-04-10,化學生技醫療類指數,137.96
2026-04-10,化學類指數,179.54
2026-04-10,生技醫療類指數,74.05
2026-04-10,玻璃陶瓷類指數,133.8
2026-04-10,造紙類指數,256.43
2026-04-10,鋼鐵類指數,119.62
2026-04-10,橡膠類指數,194.01
2026-04-10,汽車類指數,287.37
2026-04-10,電子工業類指數,2229.83
2026-04-10,半導體類指數,1176.55
2026-04-10,電腦及週邊設備類指數,328.77
2026-04-10,光電類指數,45.12
2026-04-10,通信網路類指數,224.75
2026-04-10,電子零組件類指數,684.52
2026-04-10,電子通路類指數,332.83
2026-04-10,資訊服務類指數,192.94
2026-04-10,其他電子類指數,228.83
2026-04-10,建材營造類指數,463.18
2026-04-10,航運類指數,177.03
2026-04-10,觀光餐旅類指數,103.73
2026-04-10,金融保險類指數,2471.28
2026-04-10,貿易百貨類指數,234.19
2026-04-10,油電燃氣類指數,73.18
2026-04-10,綠能環保類指數,112.79
2026-04-10,數位雲端類指數,35.1
2026-04-10,運動休閒類指數,58.05
2026-04-10,居家生活類指數,99.72
2026-04-10,其他類指數,264.05
2026-04-09,發行量加權股價指數,34861.16
2026-04-09,水泥窯製類指數,636.31
2026-04-09,塑膠化工類指數,737.63
2026-04-09,機電類指數,12050.81
2026-04-09,水泥類指數,126.34
2026-04-09,食品類指數,1941.42
2026-04-09,塑膠類指數,193.34
2026-04-09,紡織纖維類指數,463.02
2026-04-09,電機機械類指數,464.99
2026-04-09,電器電纜類指數,95.99
2026-04-09,化學生技醫療類指數,136.22
2026-04-09,化學類指數,175.3
2026-04-09,生技醫療類指數,73.54
2026-04-09,玻璃陶瓷類指數,137.65
2026-04-09,造紙類指數,255.61
2026-04-09,鋼鐵類指數,120.43
2026-04-09,橡膠類指數,195.97
2026-04-09,汽車類指數,283.85
2026-04-09,電子工業類指數,2184.46
2026-04-09,半導體類指數,1152.7
2026-04-09,電腦及週邊設備類指數,322.73
2026-04-09,光電類指數,45.15
2026-04-09,通信網路類指數,218.26
2026-04-09,電子零組件類指數,664.51
2026-04-09,電子通路類指數,330.05
2026-04-09,資訊服務類指數,192.86
2026-04-09,其他電子類指數,227.62
2026-04-09,建材營造類指數,460.29
2026-04-09,航運類指數,177.46
2026-04-09,觀光餐旅類指數,103.53
2026-04-09,金融保險類指數,2490.16
2026-04-09,貿易百貨類指數,237.09
2026-04-09,油電燃氣類指數,73.93
2026-04-09,綠能環保類指數,111.88
2026-04-09,數位雲端類指數,35.04
2026-04-09,運動休閒類指數,58.14
2026-04-09,居家生活類指數,98.71
2026-04-09,其他類指數,265.31
2026-04-08,發行量加權股價指數,34761.38
2026-04-08,水泥窯製類指數,636.17
2026-04-08,塑膠化工類指數,733.96
2026-04-08,機電類指數,12004.15
2026-04-08,水泥類指數,126.75
2026-04-08,食品類指數,1953.43
2026-04-08,塑膠類指數,192.79
2026-04-08,紡織纖維類指數,458.71
2026-04-08,電機機械類指數,465.15
2026-04-08,電器電纜類指數,97.31
2026-04-08,化學生技醫療類指數,135.45
2026-04-08,化學類指數,169.4
2026-04-08,生技醫療類指數,74.19
2026-04-08,玻璃陶瓷類指數,136.7
2026-04-08,造紙類指數,254.13
2026-04-08,鋼鐵類指數,119.99
2026-04-08,橡膠類指數,193.21
2026-04-08,汽車類指數,285.02
2026-04-08,電子工業類指數,2175.74
2026-04-08,半導體類指數,1151.39
2026-04-08,電腦及週邊設備類指數,321.14
2026-04-08,光電類指數,44.17
2026-04-08,通信網路類指數,217.86
2026-04-08,電子零組件類指數,655.08
2026-04-08,電子通路類指數,333.43
2026-04-08,資訊服務類指數,191.64
2026-04-08,其他電子類指數,224.66
2026-04-08,建材營造類指數,462.83
2026-04-08,航運類指數,178.05
2026-04-08,觀光餐旅類指數,104.09
2026-04-08,金融保險類指數,2492.5
2026-04-08,貿易百貨類指數,236.38
2026-04-08,油電燃氣類指數,75.87
2026-04-08,綠能環保類指數,110.98
2026-04-08,數位雲端類指數,35.33
2026-04-08,運動休閒類指數,59.61
2026-04-08,居家生活類指數,98.55
2026-04-08,其他類指數,267.07
2026-04-07,發行量加權股價指數,33229.82
2026-04-07,水泥窯製類指數,605.03
2026-04-07,塑膠化工類指數,719.29
2026-04-07,機電類指數,11388.21
2026-04-07,水泥類指數,122.85
2026-04-07,食品類指數,1949.94
2026-04-07,塑膠類指數,189.47
2026-04-07,紡織纖維類指數,454.68
2026-04-07,電機機械類指數,447.64
2026-04-07,電器電纜類指數,93.22
2026-04-07,化學生技醫療類指數,132.08
2026-04-07,化學類指數,165.89
2026-04-07,生技醫療類指數,72.19
2026-04-07,玻璃陶瓷類指數,125.12
2026-04-07,造紙類指數,257.49
2026-04-07,鋼鐵類指數,117.85
2026-04-07,橡膠類指數,192.04
2026-04-07,汽車類指數,279.3
2026-04-07,電子工業類指數,2063.53
2026-04-07,半導體類指數,1094.78
2026-04-07,電腦及週邊設備類指數,302.39
2026-04-07,光電類指數,41.92
2026-04-07,通信網路類指數,212.65
2026-04-07,電子零組件類指數,607.62
2026-04-07,電子通路類指數,324.58
2026-04-07,資訊服務類指數,187.86
2026-04-07,其他電子類指數,213.59
2026-04-07,建材營造類指數,455.49
2026-04-07,航運類指數,177.16
2026-04-07,觀光餐旅類指數,103.52
2026-04-07,金融保險類指數,2461.64
2026-04-07,貿易百貨類指數,236.88
2026-04-07,油電燃氣類指數,78.85
2026-04-07,綠能環保類指數,106.19
2026-04-07,數位雲端類指數,34.55
2026-04-07,運動休閒類指數,58.68
2026-04-07,居家生活類指數,96.57
2026-04-07,其他類指數,264.7
2026-04-02,發行量加權股價指數,32572.43
2026-04-02,水泥窯製類指數,596.44
2026-04-02,塑膠化工類指數,707.64
2026-04-02,機電類指數,11129.66
2026-04-02,水泥類指數,121.74
2026-04-02,食品類指數,1947.9
2026-04-02,塑膠類指數,183.74
2026-04-02,紡織纖維類指數,455.87
2026-04-02,電機機械類指數,441.02
2026-04-02,電器電纜類指數,93.28
2026-04-02,化學生技醫療類指數,131.08
2026-04-02,化學類指數,166.25
2026-04-02,生技醫療類指數,71.29
2026-04-02,玻璃陶瓷類指數,122.0
2026-04-02,造紙類指數,257.6
2026-04-02,鋼鐵類指數,117.58
2026-04-02,橡膠類指數,195.52
2026-04-02,汽車類指數,280.54
2026-04-02,電子工業類指數,2016.26
2026-04-02,半導體類指數,1067.63
2026-04-02,電腦及週邊設備類指數,303.51
2026-04-02,光電類指數,42.16
2026-04-02,通信網路類指數,210.22
2026-04-02,電子零組件類指數,582.51
2026-04-02,電子通路類指數,317.51
2026-04-02,資訊服務類指數,186.51
2026-04-02,其他電子類指數,212.4
2026-04-02,建材營造類指數,453.19
2026-04-02,航運類指數,176.99
2026-04-02,觀光餐旅類指數,103.17
2026-04-02,金融保險類指數,2441.93
2026-04-02,貿易百貨類指數,234.63
2026-04-02,油電燃氣類指數,76.43
2026-04-02,綠能環保類指數,104.72
2026-04-02,數位雲端類指數,34.69
2026-04-02,運動休閒類指數,59.18
2026-04-02,居家生活類指數,95.66
2026-04-02,其他類指數,264.52
2026-04-01,發行量加權股價指數,33174.82
2026-04-01,水泥窯製類指數,603.36
2026-04-01,塑膠化工類指數,712.94
2026-04-01,機電類指數,11372.0
2026-04-01,水泥類指數,122.01
2026-04-01,食品類指數,1939.09
2026-04-01,塑膠類指數,186.11
2026-04-01,紡織纖維類指數,464.77
2026-04-01,電機機械類指數,448.19
2026-04-01,電器電纜類指數,94.87
2026-04-01,化學生技醫療類指數,131.57
2026-04-01,化學類指數,167.43
2026-04-01,生技醫療類指數,71.44
2026-04-01,玻璃陶瓷類指數,125.84
2026-04-01,造紙類指數,264.92
2026-04-01,鋼鐵類指數,117.6
2026-04-01,橡膠類指數,195.12
2026-04-01,汽車類指數,284.23
2026-04-01,電子工業類指數,2060.38
2026-04-01,半導體類指數,1092.65
2026-04-01,電腦及週邊設備類指數,308.46
2026-04-01,光電類指數,42.33
2026-04-01,通信網路類指數,213.48
2026-04-01,電子零組件類指數,595.65
2026-04-01,電子通路類指數,319.54
2026-04-01,資訊服務類指數,187.92
2026-04-01,其他電子類指數,216.8
2026-04-01,建材營造類指數,457.0
2026-04-01,航運類指數,178.95
2026-04-01,觀光餐旅類指數,103.76
2026-04-01,金融保險類指數,2440.62
2026-04-01,貿易百貨類指數,234.03
2026-04-01,油電燃氣類指數,77.63
2026-04-01,綠能環保類指數,107.49
2026-04-01,數位雲端類指數,34.88
2026-04-01,運動休閒類指數,60.43
2026-04-01,居家生活類指數,97.46
2026-04-01,其他類指數,266.7
2026-03-31,發行量加權股價指數,31722.99
2026-03-31,水泥窯製類指數,587.6
2026-03-31,塑膠化工類指數,689.1
2026-03-31,機電類指數,10815.59
2026-03-31,水泥類指數,119.36
2026-03-31,食品類指數,1919.73
2026-03-31,塑膠類指數,180.12
2026-03-31,紡織纖維類指數,458.17
2026-03-31,電機機械類指數,433.64
2026-03-31,電器電纜類指數,92.98
2026-03-31,化學生技醫療類指數,126.66
2026-03-31,化學類指數,163.96
2026-03-31,生技醫療類指數,68.17
2026-03-31,玻璃陶瓷類指數,121.42
2026-03-31,造紙類指數,273.72
2026-03-31,鋼鐵類指數,115.39
2026-03-31,橡膠類指數,191.84
2026-03-31,汽車類指數,279.34
2026-03-31,電子工業類指數,1958.8
2026-03-31,半導體類指數,1038.99
2026-03-31,電腦及週邊設備類指數,296.87
2026-03-31,光電類指數,40.8
2026-03-31,通信網路類指數,205.18
2026-03-31,電子零組件類指數,558.46
2026-03-31,電子通路類指數,310.11
2026-03-31,資訊服務類指數,184.22
2026-03-31,其他電子類指數,205.61
2026-03-31,建材營造類指數,451.75
2026-03-31,航運類指數,174.97
2026-03-31,觀光餐旅類指數,101.92
2026-03-31,金融保險類指數,2380.57
2026-03-31,貿易百貨類指數,232.05
2026-03-31,油電燃氣類指數,76.9
2026-03-31,綠能環保類指數,105.17
2026-03-31,數位雲端類指數,34.32
2026-03-31,運動休閒類指數,59.04
2026-03-31,居家生活類指數,94.85
2026-03-31,其他類指數,263.91
2026-03-30,發行量加權股價指數,32518.16
2026-03-30,水泥窯製類指數,594.84
2026-03-30,塑膠化工類指數,719.15
2026-03-30,機電類指數,11116.78
2026-03-30,水泥類指數,118.9
2026-03-30,食品類指數,1937.27
2026-03-30,塑膠類指數,194.04
2026-03-30,紡織纖維類指數,463.49
2026-03-30,電機機械類指數,450.91
2026-03-30,電器電纜類指數,94.5
2026-03-30,化學生技醫療類指數,128.56
2026-03-30,化學類指數,169.41
2026-03-30,生技醫療類指數,68.54
2026-03-30,玻璃陶瓷類指數,127.0
2026-03-30,造紙類指數,271.87
2026-03-30,鋼鐵類指數,116.87
2026-03-30,橡膠類指數,194.81
2026-03-30,汽車類指數,286.33
2026-03-30,電子工業類指數,2013.01
2026-03-30,半導體類指數,1058.08
2026-03-30,電腦及週邊設備類指數,306.08
2026-03-30,光電類指數,41.97
2026-03-30,通信網路類指數,212.17
2026-03-30,電子零組件類指數,596.25
2026-03-30,電子通路類指數,319.55
2026-03-30,資訊服務類指數,186.47
2026-03-30,其他電子類指數,215.16
2026-03-30,建材營造類指數,456.59
2026-03-30,航運類指數,178.27
2026-03-30,觀光餐旅類指數,102.58
2026-03-30,金融保險類指數,2390.11
2026-03-30,貿易百貨類指數,232.05
2026-03-30,油電燃氣類指數,78.64
2026-03-30,綠能環保類指數,106.91
2026-03-30,數位雲端類指數,34.99
2026-03-30,運動休閒類指數,59.43
2026-03-30,居家生活類指數,95.87
2026-03-30,其他類指數,266.77
2026-03-27,發行量加權股價指數,33112.59
2026-03-27,水泥窯製類指數,596.75
2026-03-27,塑膠化工類指數,700.43
2026-03-27,機電類指數,11357.29
2026-03-27,水泥類指數,118.84
2026-03-27,食品類指數,1942.92
2026-03-27,塑膠類指數,180.44
2026-03-27,紡織纖維類指數,469.15
2026-03-27,電機機械類指數,453.23
2026-03-27,電器電纜類指數,95.25
2026-03-27,化學生技醫療類指數,131.05
2026-03-27,化學類指數,170.54
2026-03-27,生技醫療類指數,70.34
2026-03-27,玻璃陶瓷類指數,128.35
2026-03-27,造紙類指數,264.18
2026-03-27,鋼鐵類指數,118.52
2026-03-27,橡膠類指數,190.58
2026-03-27,汽車類指數,287.33
2026-03-27,電子工業類指數,2057.24
2026-03-27,半導體類指數,1082.12
2026-03-27,電腦及週邊設備類指數,313.65
2026-03-27,光電類指數,42.69
2026-03-27,通信網路類指數,214.16
2026-03-27,電子零組件類指數,609.58
2026-03-27,電子通路類指數,326.63
2026-03-27,資訊服務類指數,188.27
2026-03-27,其他電子類指數,219.31
2026-03-27,建材營造類指數,463.2
2026-03-27,航運類指數,177.39
2026-03-27,觀光餐旅類指數,103.32
2026-03-27,金融保險類指數,2423.05
2026-03-27,貿易百貨類指數,232.22
2026-03-27,油電燃氣類指數,78.71
2026-03-27,綠能環保類指數,108.18
2026-03-27,數位雲端類指數,35.04
2026-03-27,運動休閒類指數,60.35
2026-03-27,居家生活類指數,98.0
2026-03-27,其他類指數,269.72
2026-03-26,發行量加權股價指數,33337.62
2026-03-26,水泥窯製類指數,591.34
2026-03-26,塑膠化工類指數,703.35
2026-03-26,機電類指數,11447.39
2026-03-26,水泥類指數,118.87
2026-03-26,食品類指數,1932.32
2026-03-26,塑膠類指數,182.28
2026-03-26,紡織纖維類指數,469.83
2026-03-26,電機機械類指數,458.18
2026-03-26,電器電纜類指數,96.25
2026-03-26,化學生技醫療類指數,131.07
2026-03-26,化學類指數,168.6
2026-03-26,生技醫療類指數,70.78
2026-03-26,玻璃陶瓷類指數,124.84
2026-03-26,造紙類指數,258.83
2026-03-26,鋼鐵類指數,119.15
2026-03-26,橡膠類指數,189.21
2026-03-26,汽車類指數,289.85
2026-03-26,電子工業類指數,2073.43
2026-03-26,半導體類指數,1094.29
2026-03-26,電腦及週邊設備類指數,316.2
2026-03-26,光電類指數,42.9
2026-03-26,通信網路類指數,213.79
2026-03-26,電子零組件類指數,606.36
2026-03-26,電子通路類指數,328.71
2026-03-26,資訊服務類指數,188.64
2026-03-26,其他電子類指數,220.2
2026-03-26,建材營造類指數,464.03
2026-03-26,航運類指數,178.26
2026-03-26,觀光餐旅類指數,103.72
2026-03-26,金融保險類指數,2432.59
2026-03-26,貿易百貨類指數,230.25
2026-03-26,油電燃氣類指數,77.9
2026-03-26,綠能環保類指數,107.64
2026-03-26,數位雲端類指數,35.06
2026-03-26,運動休閒類指數,60.38
2026-03-26,居家生活類指數,97.3
2026-03-26,其他類指數,268.47
2026-03-25,發行量加權股價指數,33439.11
2026-03-25,水泥窯製類指數,595.76
2026-03-25,塑膠化工類指數,702.12
2026-03-25,機電類指數,11485.9
2026-03-25,水泥類指數,119.26
2026-03-25,食品類指數,1917.5
2026-03-25,塑膠類指數,179.3
2026-03-25,紡織纖維類指數,472.68
2026-03-25,電機機械類指數,462.31
2026-03-25,電器電纜類指數,97.82
2026-03-25,化學生技醫療類指數,132.87
2026-03-25,化學類指數,170.83
2026-03-25,生技醫療類指數,71.77
2026-03-25,玻璃陶瓷類指數,126.82
2026-03-25,造紙類指數,247.1
2026-03-25,鋼鐵類指數,118.98
2026-03-25,橡膠類指數,187.19
2026-03-25,汽車類指數,287.96
2026-03-25,電子工業類指數,2080.12
2026-03-25,半導體類指數,1098.56
2026-03-25,電腦及週邊設備類指數,314.72
2026-03-25,光電類指數,43.18
2026-03-25,通信網路類指數,215.4
2026-03-25,電子零組件類指數,606.85
2026-03-25,電子通路類指數,335.82
2026-03-25,資訊服務類指數,191.09
2026-03-25,其他電子類指數,220.72
2026-03-25,建材營造類指數,467.77
2026-03-25,航運類指數,180.81
2026-03-25,觀光餐旅類指數,104.27
2026-03-25,金融保險類指數,2440.78
2026-03-25,貿易百貨類指數,227.27
2026-03-25,油電燃氣類指數,76.35
2026-03-25,綠能環保類指數,109.08
2026-03-25,數位雲端類指數,35.08
2026-03-25,運動休閒類指數,60.67
2026-03-25,居家生活類指數,98.36
2026-03-25,其他類指數,267.75
2026-03-24,發行量加權股價指數,32612.24
2026-03-24,水泥窯製類指數,584.45
2026-03-24,塑膠化工類指數,691.74
2026-03-24,機電類指數,11169.77
2026-03-24,水泥類指數,118.22
2026-03-24,食品類指數,1902.78
2026-03-24,塑膠類指數,175.59
2026-03-24,紡織纖維類指數,473.66
2026-03-24,電機機械類指數,445.79
2026-03-24,電器電纜類指數,94.67
2026-03-24,化學生技醫療類指數,131.11
2026-03-24,化學類指數,168.73
2026-03-24,生技醫療類指數,70.78
2026-03-24,玻璃陶瓷類指數,121.83
2026-03-24,造紙類指數,244.81
2026-03-24,鋼鐵類指數,118.42
2026-03-24,橡膠類指數,189.32
2026-03-24,汽車類指數,281.52
2026-03-24,電子工業類指數,2023.2
2026-03-24,半導體類指數,1075.93
2026-03-24,電腦及週邊設備類指數,309.27
2026-03-24,光電類指數,42.09
2026-03-24,通信網路類指數,207.26
2026-03-24,電子零組件類指數,568.1
2026-03-24,電子通路類指數,326.86
2026-03-24,資訊服務類指數,190.08
2026-03-24,其他電子類指數,212.97
2026-03-24,建材營造類指數,459.51
2026-03-24,航運類指數,177.58
2026-03-24,觀光餐旅類指數,103.33
2026-03-24,金融保險類指數,2404.54
2026-03-24,貿易百貨類指數,226.43
2026-03-24,油電燃氣類指數,77.07
2026-03-24,綠能環保類指數,105.83
2026-03-24,數位雲端類指數,34.61
2026-03-24,運動休閒類指數,60.33
2026-03-24,居家生活類指數,105.24
2026-03-24,其他類指數,263.81
2026-03-23,發行量加權股價指數,32722.5
2026-03-23,水泥窯製類指數,584.5
2026-03-23,塑膠化工類指數,695.56
2026-03-23,機電類指數,11226.64
2026-03-23,水泥類指數,118.12
2026-03-23,食品類指數,1894.42
2026-03-23,塑膠類指數,177.57
2026-03-23,紡織纖維類指數,474.78
2026-03-23,電機機械類指數,448.62
2026-03-23,電器電纜類指數,94.69
2026-03-23,化學生技醫療類指數,131.46
2026-03-23,化學類指數,169.91
2026-03-23,生技醫療類指數,70.81
2026-03-23,玻璃陶瓷類指數,122.06
2026-03-23,造紙類指數,242.12
2026-03-23,鋼鐵類指數,117.57
2026-03-23,橡膠類指數,187.35
2026-03-23,汽車類指數,280.46
2026-03-23,電子工業類指數,2033.49
2026-03-23,半導體類指數,1079.65
2026-03-23,電腦及週邊設備類指數,309.1
2026-03-23,光電類指數,42.46
2026-03-23,通信網路類指數,207.69
2026-03-23,電子零組件類指數,577.78
2026-03-23,電子通路類指數,330.55
2026-03-23,資訊服務類指數,190.85
2026-03-23,其他電子類指數,214.3
2026-03-23,建材營造類指數,458.11
2026-03-23,航運類指數,177.27
2026-03-23,觀光餐旅類指數,102.18
2026-03-23,金融保險類指數,2387.18
2026-03-23,貿易百貨類指數,222.8
2026-03-23,油電燃氣類指數,76.77
2026-03-23,綠能環保類指數,105.82
2026-03-23,數位雲端類指數,34.57
2026-03-23,運動休閒類指數,60.8
2026-03-23,居家生活類指數,104.14
2026-03-23,其他類指數,262.6
2026-03-20,發行量加權股價指數,33543.88
2026-03-20,水泥窯製類指數,613.49
2026-03-20,塑膠化工類指數,725.01
2026-03-20,機電類指數,11516.86
2026-03-20,水泥類指數,120.91
2026-03-20,食品類指數,1913.42
2026-03-20,塑膠類指數,186.77
2026-03-20,紡織纖維類指數,486.66
2026-03-20,電機機械類指數,463.3
2026-03-20,電器電纜類指數,98.33
2026-03-20,化學生技醫療類指數,136.37
2026-03-20,化學類指數,176.52
2026-03-20,生技醫療類指數,73.4
2026-03-20,玻璃陶瓷類指數,134.63
2026-03-20,造紙類指數,236.87
2026-03-20,鋼鐵類指數,119.84
2026-03-20,橡膠類指數,190.54
2026-03-20,汽車類指數,285.21
2026-03-20,電子工業類指數,2085.73
2026-03-20,半導體類指數,1103.4
2026-03-20,電腦及週邊設備類指數,317.96
2026-03-20,光電類指數,44.46
2026-03-20,通信網路類指數,211.49
2026-03-20,電子零組件類指數,601.33
2026-03-20,電子通路類指數,340.83
2026-03-20,資訊服務類指數,196.29
2026-03-20,其他電子類指數,221.33
2026-03-20,建材營造類指數,467.18
2026-03-20,航運類指數,183.23
2026-03-20,觀光餐旅類指數,103.81
2026-03-20,金融保險類指數,2423.6
2026-03-20,貿易百貨類指數,229.08
2026-03-20,油電燃氣類指數,78.41
2026-03-20,綠能環保類指數,109.1
2026-03-20,數位雲端類指數,34.98
2026-03-20,運動休閒類指數,60.86
2026-03-20,居家生活類指數,105.5
2026-03-20,其他類指數,266.45
2026-03-19,發行量加權股價指數,33689.68
2026-03-19,水泥窯製類指數,625.58
2026-03-19,塑膠化工類指數,740.51
2026-03-19,機電類指數,11574.48
2026-03-19,水泥類指數,121.04
2026-03-19,食品類指數,1916.51
2026-03-19,塑膠類指數,194.36
2026-03-19,紡織纖維類指數,493.77
2026-03-19,電機機械類指數,469.31
2026-03-19,電器電纜類指數,99.17
2026-03-19,化學生技醫療類指數,137.37
2026-03-19,化學類指數,176.24
2026-03-19,生技醫療類指數,74.28
2026-03-19,玻璃陶瓷類指數,142.06
2026-03-19,造紙類指數,236.16
2026-03-19,鋼鐵類指數,117.55
2026-03-19,橡膠類指數,189.29
2026-03-19,汽車類指數,282.29
2026-03-19,電子工業類指數,2095.85
2026-03-19,半導體類指數,1110.03
2026-03-19,電腦及週邊設備類指數,316.88
2026-03-19,光電類指數,44.8
2026-03-19,通信網路類指數,210.89
2026-03-19,電子零組件類指數,605.13
2026-03-19,電子通路類指數,342.74
2026-03-19,資訊服務類指數,197.13
2026-03-19,其他電子類指數,221.67
2026-03-19,建材營造類指數,461.39
2026-03-19,航運類指數,184.59
2026-03-19,觀光餐旅類指數,103.47
2026-03-19,金融保險類指數,2413.35
2026-03-19,貿易百貨類指數,227.64
2026-03-19,油電燃氣類指數,80.04
2026-03-19,綠能環保類指數,109.66
2026-03-19,數位雲端類指數,35.02
2026-03-19,運動休閒類指數,60.49
2026-03-19,居家生活類指數,105.46
2026-03-19,其他類指數,265.97
2026-03-18,發行量加權股價指數,34348.58
2026-03-18,水泥窯製類指數,642.75
2026-03-18,塑膠化工類指數,749.52
2026-03-18,機電類指數,11813.41
2026-03-18,水泥類指數,123.33
2026-03-18,食品類指數,1939.93
2026-03-18,塑膠類指數,194.08
2026-03-18,紡織纖維類指數,502.22
2026-03-18,電機機械類指數,478.09
2026-03-18,電器電纜類指數,102.77
2026-03-18,化學生技醫療類指數,141.13
2026-03-18,化學類指數,174.42
2026-03-18,生技醫療類指數,77.76
2026-03-18,玻璃陶瓷類指數,148.14
2026-03-18,造紙類指數,239.5
2026-03-18,鋼鐵類指數,120.05
2026-03-18,橡膠類指數,189.19
2026-03-18,汽車類指數,288.37
2026-03-18,電子工業類指數,2139.08
2026-03-18,半導體類指數,1141.5
2026-03-18,電腦及週邊設備類指數,319.05
2026-03-18,光電類指數,45.54
2026-03-18,通信網路類指數,212.46
2026-03-18,電子零組件類指數,601.04
2026-03-18,電子通路類指數,348.05
2026-03-18,資訊服務類指數,200.63
2026-03-18,其他電子類指數,224.62
2026-03-18,建材營造類指數,467.61
2026-03-18,航運類指數,187.03
2026-03-18,觀光餐旅類指數,104.27
2026-03-18,金融保險類指數,2451.8
2026-03-18,貿易百貨類指數,232.11
2026-03-18,油電燃氣類指數,79.32
2026-03-18,綠能環保類指數,110.9
2026-03-18,數位雲端類指數,35.65
2026-03-18,運動休閒類指數,62.21
2026-03-18,居家生活類指數,108.12
2026-03-18,其他類指數,268.77
2026-03-17,發行量加權股價指數,33836.57
2026-03-17,水泥窯製類指數,634.62
2026-03-17,塑膠化工類指數,742.58
2026-03-17,機電類指數,11601.59
2026-03-17,水泥類指數,123.18
2026-03-17,食品類指數,1928.34
2026-03-17,塑膠類指數,191.16
2026-03-17,紡織纖維類指數,492.97
2026-03-17,電機機械類指數,471.79
2026-03-17,電器電纜類指數,102.47
2026-03-17,化學生技醫療類指數,140.56
2026-03-17,化學類指數,174.08
2026-03-17,生技醫療類指數,77.37
2026-03-17,玻璃陶瓷類指數,143.27
2026-03-17,造紙類指數,239.21
2026-03-17,鋼鐵類指數,119.31
2026-03-17,橡膠類指數,187.82
2026-03-17,汽車類指數,294.87
2026-03-17,電子工業類指數,2100.44
2026-03-17,半導體類指數,1118.24
2026-03-17,電腦及週邊設備類指數,319.97
2026-03-17,光電類指數,45.17
2026-03-17,通信網路類指數,205.71
2026-03-17,電子零組件類指數,589.03
2026-03-17,電子通路類指數,340.18
2026-03-17,資訊服務類指數,199.28
2026-03-17,其他電子類指數,223.9
2026-03-17,建材營造類指數,470.82
2026-03-17,航運類指數,187.28
2026-03-17,觀光餐旅類指數,104.32
2026-03-17,金融保險類指數,2450.61
2026-03-17,貿易百貨類指數,232.92
2026-03-17,油電燃氣類指數,78.91
2026-03-17,綠能環保類指數,110.32
2026-03-17,數位雲端類指數,35.4
2026-03-17,運動休閒類指數,62.17
2026-03-17,居家生活類指數,109.22
2026-03-17,其他類指數,267.01
2026-03-16,發行量加權股價指數,33342.51
2026-03-16,水泥窯製類指數,635.13
2026-03-16,塑膠化工類指數,749.1
2026-03-16,機電類指數,11404.12
2026-03-16,水泥類指數,123.77
2026-03-16,食品類指數,1919.22
2026-03-16,塑膠類指數,195.97
2026-03-16,紡織纖維類指數,493.05
2026-03-16,電機機械類指數,467.6
2026-03-16,電器電纜類指數,100.68
2026-03-16,化學生技醫療類指數,139.86
2026-03-16,化學類指數,174.92
2026-03-16,生技醫療類指數,76.61
2026-03-16,玻璃陶瓷類指數,142.36
2026-03-16,造紙類指數,237.73
2026-03-16,鋼鐵類指數,118.19
2026-03-16,橡膠類指數,187.26
2026-03-16,汽車類指數,283.07
2026-03-16,電子工業類指數,2064.39
2026-03-16,半導體類指數,1100.96
2026-03-16,電腦及週邊設備類指數,316.6
2026-03-16,光電類指數,44.12
2026-03-16,通信網路類指數,202.66
2026-03-16,電子零組件類指數,565.69
2026-03-16,電子通路類指數,323.6
2026-03-16,資訊服務類指數,198.83
2026-03-16,其他電子類指數,225.4
2026-03-16,建材營造類指數,466.89
2026-03-16,航運類指數,186.33
2026-03-16,觀光餐旅類指數,104.58
2026-03-16,金融保險類指數,2430.14
2026-03-16,貿易百貨類指數,232.11
2026-03-16,油電燃氣類指數,80.7
2026-03-16,綠能環保類指數,109.91
2026-03-16,數位雲端類指數,34.92
2026-03-16,運動休閒類指數,62.27
2026-03-16,居家生活類指數,108.82
2026-03-16,其他類指數,266.88
2026-03-13,發行量加權股價指數,33400.32
2026-03-13,水泥窯製類指數,622.7
2026-03-13,塑膠化工類指數,730.46
2026-03-13,機電類指數,11452.51
2026-03-13,水泥類指數,123.97
2026-03-13,食品類指數,1906.83
2026-03-13,塑膠類指數,186.11
2026-03-13,紡織纖維類指數,492.04
2026-03-13,電機機械類指數,470.3
2026-03-13,電器電纜類指數,99.07
2026-03-13,化學生技醫療類指數,139.41
2026-03-13,化學類指數,173.13
2026-03-13,生技醫療類指數,76.63
2026-03-13,玻璃陶瓷類指數,134.01
2026-03-13,造紙類指數,236.16
2026-03-13,鋼鐵類指數,118.18
2026-03-13,橡膠類指數,186.54
2026-03-13,汽車類指數,285.62
2026-03-13,電子工業類指數,2073.23
2026-03-13,半導體類指數,1107.91
2026-03-13,電腦及週邊設備類指數,317.85
2026-03-13,光電類指數,44.78
2026-03-13,通信網路類指數,202.17
2026-03-13,電子零組件類指數,565.0
2026-03-13,電子通路類指數,313.73
2026-03-13,資訊服務類指數,198.15
2026-03-13,其他電子類指數,225.1
2026-03-13,建材營造類指數,467.13
2026-03-13,航運類指數,181.86
2026-03-13,觀光餐旅類指數,104.82
2026-03-13,金融保險類指數,2420.21
2026-03-13,貿易百貨類指數,233.08
2026-03-13,油電燃氣類指數,80.5
2026-03-13,綠能環保類指數,109.94
2026-03-13,數位雲端類指數,34.81
2026-03-13,運動休閒類指數,61.64
2026-03-13,居家生活類指數,106.23
2026-03-13,其他類指數,264.59
2026-03-12,發行量加權股價指數,33581.86
2026-03-12,水泥窯製類指數,617.56
2026-03-12,塑膠化工類指數,724.68
2026-03-12,機電類指數,11517.67
2026-03-12,水泥類指數,125.17
2026-03-12,食品類指數,1907.02
2026-03-12,塑膠類指數,181.17
2026-03-12,紡織纖維類指數,498.23
2026-03-12,電機機械類指數,472.45
2026-03-12,電器電纜類指數,99.53
2026-03-12,化學生技醫療類指數,140.55
2026-03-12,化學類指數,169.21
2026-03-12,生技醫療類指數,78.42
2026-03-12,玻璃陶瓷類指數,128.19
2026-03-12,造紙類指數,239.1
2026-03-12,鋼鐵類指數,119.61
2026-03-12,橡膠類指數,186.55
2026-03-12,汽車類指數,288.92
2026-03-12,電子工業類指數,2085.07
2026-03-12,半導體類指數,1119.92
2026-03-12,電腦及週邊設備類指數,316.62
2026-03-12,光電類指數,45.46
2026-03-12,通信網路類指數,204.85
2026-03-12,電子零組件類指數,553.38
2026-03-12,電子通路類指數,310.99
2026-03-12,資訊服務類指數,198.62
2026-03-12,其他電子類指數,225.71
2026-03-12,建材營造類指數,467.53
2026-03-12,航運類指數,185.32
2026-03-12,觀光餐旅類指數,105.74
2026-03-12,金融保險類指數,2432.04
2026-03-12,貿易百貨類指數,230.84
2026-03-12,油電燃氣類指數,81.82
2026-03-12,綠能環保類指數,110.93
2026-03-12,數位雲端類指數,35.07
2026-03-12,運動休閒類指數,62.33
2026-03-12,居家生活類指數,106.38
2026-03-12,其他類指數,264.69
2026-03-11,發行量加權股價指數,34114.19
2026-03-11,水泥窯製類指數,620.97
2026-03-11,塑膠化工類指數,741.32
2026-03-11,機電類指數,11729.7
2026-03-11,水泥類指數,123.97
2026-03-11,食品類指數,1908.62
2026-03-11,塑膠類指數,187.69
2026-03-11,紡織纖維類指數,501.95
2026-03-11,電機機械類指數,472.53
2026-03-11,電器電纜類指數,102.32
2026-03-11,化學生技醫療類指數,142.9
2026-03-11,化學類指數,168.51
2026-03-11,生技醫療類指數,80.5
2026-03-11,玻璃陶瓷類指數,132.91
2026-03-11,造紙類指數,241.2
2026-03-11,鋼鐵類指數,120.79
2026-03-11,橡膠類指數,183.77
2026-03-11,汽車類指數,294.67
2026-03-11,電子工業類指數,2124.08
2026-03-11,半導體類指數,1148.73
2026-03-11,電腦及週邊設備類指數,316.75
2026-03-11,光電類指數,44.54
2026-03-11,通信網路類指數,204.18
2026-03-11,電子零組件類指數,555.68
2026-03-11,電子通路類指數,308.37
2026-03-11,資訊服務類指數,199.04
2026-03-11,其他電子類指數,228.82
2026-03-11,建材營造類指數,469.0
2026-03-11,航運類指數,184.87
2026-03-11,觀光餐旅類指數,106.49
2026-03-11,金融保險類指數,2433.54
2026-03-11,貿易百貨類指數,232.13
2026-03-11,油電燃氣類指數,80.36
2026-03-11,綠能環保類指數,111.02
2026-03-11,數位雲端類指數,35.6
2026-03-11,運動休閒類指數,62.95
2026-03-11,居家生活類指數,107.71
2026-03-11,其他類指數,266.12
2026-03-10,發行量加權股價指數,32771.87
2026-03-10,水泥窯製類指數,596.44
2026-03-10,塑膠化工類指數,725.22
2026-03-10,機電類指數,11189.41
2026-03-10,水泥類指數,121.88
2026-03-10,食品類指數,1904.27
2026-03-10,塑膠類指數,182.61
2026-03-10,紡織纖維類指數,498.5
2026-03-10,電機機械類指數,456.9
2026-03-10,電器電纜類指數,98.28
2026-03-10,化學生技醫療類指數,140.14
2026-03-10,化學類指數,161.36
2026-03-10,生技醫療類指數,79.79
2026-03-10,玻璃陶瓷類指數,121.71
2026-03-10,造紙類指數,239.32
2026-03-10,鋼鐵類指數,118.58
2026-03-10,橡膠類指數,183.05
2026-03-10,汽車類指數,289.46
2026-03-10,電子工業類指數,2025.71
2026-03-10,半導體類指數,1095.52
2026-03-10,電腦及週邊設備類指數,303.69
2026-03-10,光電類指數,42.16
2026-03-10,通信網路類指數,200.39
2026-03-10,電子零組件類指數,523.02
2026-03-10,電子通路類指數,298.99
2026-03-10,資訊服務類指數,194.57
2026-03-10,其他電子類指數,218.24
2026-03-10,建材營造類指數,462.93
2026-03-10,航運類指數,181.15
2026-03-10,觀光餐旅類指數,104.55
2026-03-10,金融保險類指數,2415.59
2026-03-10,貿易百貨類指數,232.34
2026-03-10,油電燃氣類指數,85.06
2026-03-10,綠能環保類指數,107.47
2026-03-10,數位雲端類指數,35.55
2026-03-10,運動休閒類指數,62.58
2026-03-10,居家生活類指數,102.04
2026-03-10,其他類指數,263.57
2026-03-09,發行量加權股價指數,32110.42
2026-03-09,水泥窯製類指數,600.27
2026-03-09,塑膠化工類指數,715.23
2026-03-09,機電類指數,10913.04
2026-03-09,水泥類指數,121.9
2026-03-09,食品類指數,1910.69
2026-03-09,塑膠類指數,179.51
2026-03-09,紡織纖維類指數,502.29
2026-03-09,電機機械類指數,444.88
2026-03-09,電器電纜類指數,96.48
2026-03-09,化學生技醫療類指數,138.17
2026-03-09,化學類指數,159.69
2026-03-09,生技醫療類指數,78.54
2026-03-09,玻璃陶瓷類指數,124.1
2026-03-09,造紙類指數,238.0
2026-03-09,鋼鐵類指數,118.04
2026-03-09,橡膠類指數,184.69
2026-03-09,汽車類指數,288.9
2026-03-09,電子工業類指數,1975.69
2026-03-09,半導體類指數,1069.11
2026-03-09,電腦及週邊設備類指數,299.58
2026-03-09,光電類指數,41.94
2026-03-09,通信網路類指數,198.86
2026-03-09,電子零組件類指數,495.58
2026-03-09,電子通路類指數,292.14
2026-03-09,資訊服務類指數,194.95
2026-03-09,其他電子類指數,216.19
2026-03-09,建材營造類指數,458.77
2026-03-09,航運類指數,182.75
2026-03-09,觀光餐旅類指數,102.36
2026-03-09,金融保險類指數,2402.96
2026-03-09,貿易百貨類指數,231.89
2026-03-09,油電燃氣類指數,93.91
2026-03-09,綠能環保類指數,105.02
2026-03-09,數位雲端類指數,35.41
2026-03-09,運動休閒類指數,62.41
2026-03-09,居家生活類指數,101.32
2026-03-09,其他類指數,257.84
2026-03-06,發行量加權股價指數,33599.54
2026-03-06,水泥窯製類指數,630.49
2026-03-06,塑膠化工類指數,757.73
2026-03-06,機電類指數,11476.7
2026-03-06,水泥類指數,124.82
2026-03-06,食品類指數,1946.75
2026-03-06,塑膠類指數,192.75
2026-03-06,紡織纖維類指數,519.07
2026-03-06,電機機械類指數,472.55
2026-03-06,電器電纜類指數,102.0
2026-03-06,化學生技醫療類指數,145.23
2026-03-06,化學類指數,168.35
2026-03-06,生技醫療類指數,82.45
2026-03-06,玻璃陶瓷類指數,137.17
2026-03-06,造紙類指數,246.09
2026-03-06,鋼鐵類指數,121.26
2026-03-06,橡膠類指數,189.75
2026-03-06,汽車類指數,299.09
2026-03-06,電子工業類指數,2077.33
2026-03-06,半導體類指數,1120.45
2026-03-06,電腦及週邊設備類指數,314.44
2026-03-06,光電類指數,43.74
2026-03-06,通信網路類指數,205.33
2026-03-06,電子零組件類指數,534.51
2026-03-06,電子通路類指數,297.76
2026-03-06,資訊服務類指數,200.11
2026-03-06,其他電子類指數,230.36
2026-03-06,建材營造類指數,475.78
2026-03-06,航運類指數,185.73
2026-03-06,觀光餐旅類指數,104.53
2026-03-06,金融保險類指數,2452.35
2026-03-06,貿易百貨類指數,233.67
2026-03-06,油電燃氣類指數,85.92
2026-03-06,綠能環保類指數,109.99
2026-03-06,數位雲端類指數,36.79
2026-03-06,運動休閒類指數,64.34
2026-03-06,居家生活類指數,104.4
2026-03-06,其他類指數,265.04
2026-03-05,發行量加權股價指數,33672.94
2026-03-05,水泥窯製類指數,631.1
2026-03-05,塑膠化工類指數,745.92
2026-03-05,機電類指數,11524.22
2026-03-05,水泥類指數,123.62
2026-03-05,食品類指數,1921.22
2026-03-05,塑膠類指數,187.19
2026-03-05,紡織纖維類指數,510.06
2026-03-05,電機機械類指數,477.02
2026-03-05,電器電纜類指數,102.35
2026-03-05,化學生技醫療類指數,144.87
2026-03-05,化學類指數,165.3
2026-03-05,生技醫療類指數,82.81
2026-03-05,玻璃陶瓷類指數,140.11
2026-03-05,造紙類指數,240.57
2026-03-05,鋼鐵類指數,118.86
2026-03-05,橡膠類指數,185.58
2026-03-05,汽車類指數,300.86
2026-03-05,電子工業類指數,2085.73
2026-03-05,半導體類指數,1128.62
2026-03-05,電腦及週邊設備類指數,311.4
2026-03-05,光電類指數,43.04
2026-03-05,通信網路類指數,203.61
2026-03-05,電子零組件類指數,534.53
2026-03-05,電子通路類指數,294.32
2026-03-05,資訊服務類指數,198.65
2026-03-05,其他電子類指數,231.35
2026-03-05,建材營造類指數,475.24
2026-03-05,航運類指數,185.66
2026-03-05,觀光餐旅類指數,102.79
2026-03-05,金融保險類指數,2459.02
2026-03-05,貿易百貨類指數,234.08
2026-03-05,油電燃氣類指數,78.94
2026-03-05,綠能環保類指數,109.21
2026-03-05,數位雲端類指數,37.0
2026-03-05,運動休閒類指數,64.89
2026-03-05,居家生活類指數,102.92
2026-03-05,其他類指數,261.95
2026-03-04,發行量加權股價指數,32828.88
2026-03-04,水泥窯製類指數,622.56
2026-03-04,塑膠化工類指數,730.08
2026-03-04,機電類指數,11187.81
2026-03-04,水泥類指數,124.2
2026-03-04,食品類指數,1923.33
2026-03-04,塑膠類指數,183.23
2026-03-04,紡織纖維類指數,507.09
2026-03-04,電機機械類指數,464.18
2026-03-04,電器電纜類指數,100.34
2026-03-04,化學生技醫療類指數,141.35
2026-03-04,化學類指數,161.26
2026-03-04,生技醫療類指數,80.8
2026-03-04,玻璃陶瓷類指數,133.43
2026-03-04,造紙類指數,238.77
2026-03-04,鋼鐵類指數,117.41
2026-03-04,橡膠類指數,185.69
2026-03-04,汽車類指數,299.56
2026-03-04,電子工業類指數,2024.7
2026-03-04,半導體類指數,1101.37
2026-03-04,電腦及週邊設備類指數,298.83
2026-03-04,光電類指數,41.57
2026-03-04,通信網路類指數,199.02
2026-03-04,電子零組件類指數,507.81
2026-03-04,電子通路類指數,277.74
2026-03-04,資訊服務類指數,194.72
2026-03-04,其他電子類指數,222.42
2026-03-04,建材營造類指數,470.91
2026-03-04,航運類指數,187.62
2026-03-04,觀光餐旅類指數,101.75
2026-03-04,金融保險類指數,2433.29
2026-03-04,貿易百貨類指數,232.78
2026-03-04,油電燃氣類指數,83.44
2026-03-04,綠能環保類指數,106.59
2026-03-04,數位雲端類指數,36.3
2026-03-04,運動休閒類指數,63.09
2026-03-04,居家生活類指數,101.55
2026-03-04,其他類指數,260.81
2026-03-03,發行量加權股價指數,34323.65
2026-03-03,水泥窯製類指數,656.7
2026-03-03,塑膠化工類指數,769.23
2026-03-03,機電類指數,11711.91
2026-03-03,水泥類指數,127.9
2026-03-03,食品類指數,1971.91
2026-03-03,塑膠類指數,195.45
2026-03-03,紡織纖維類指數,523.55
2026-03-03,電機機械類指數,495.75
2026-03-03,電器電纜類指數,108.08
2026-03-03,化學生技醫療類指數,147.88
2026-03-03,化學類指數,170.04
2026-03-03,生技醫療類指數,84.25
2026-03-03,玻璃陶瓷類指數,147.35
2026-03-03,造紙類指數,248.84
2026-03-03,鋼鐵類指數,121.29
2026-03-03,橡膠類指數,189.97
2026-03-03,汽車類指數,313.24
2026-03-03,電子工業類指數,2118.56
2026-03-03,半導體類指數,1148.59
2026-03-03,電腦及週邊設備類指數,312.59
2026-03-03,光電類指數,43.82
2026-03-03,通信網路類指數,208.09
2026-03-03,電子零組件類指數,544.17
2026-03-03,電子通路類指數,275.46
2026-03-03,資訊服務類指數,200.03
2026-03-03,其他電子類指數,233.44
2026-03-03,建材營造類指數,484.19
2026-03-03,航運類指數,195.28
2026-03-03,觀光餐旅類指數,104.33
2026-03-03,金融保險類指數,2543.13
2026-03-03,貿易百貨類指數,237.64
2026-03-03,油電燃氣類指數,81.47
2026-03-03,綠能環保類指數,110.54
2026-03-03,數位雲端類指數,37.54
2026-03-03,運動休閒類指數,65.12
2026-03-03,居家生活類指數,106.03
2026-03-03,其他類指數,267.88
2026-03-02,發行量加權股價指數,35095.09
2026-03-02,水泥窯製類指數,675.01
2026-03-02,塑膠化工類指數,789.32
2026-03-02,機電類指數,12028.25
2026-03-02,水泥類指數,129.92
2026-03-02,食品類指數,1973.59
2026-03-02,塑膠類指數,201.33
2026-03-02,紡織纖維類指數,528.5
2026-03-02,電機機械類指數,516.23
2026-03-02,電器電纜類指數,110.72
2026-03-02,化學生技醫療類指數,151.46
2026-03-02,化學類指數,172.44
2026-03-02,生技醫療類指數,86.66
2026-03-02,玻璃陶瓷類指數,154.73
2026-03-02,造紙類指數,250.55
2026-03-02,鋼鐵類指數,122.46
2026-03-02,橡膠類指數,192.56
2026-03-02,汽車類指數,321.9
2026-03-02,電子工業類指數,2175.24
2026-03-02,半導體類指數,1178.49
2026-03-02,電腦及週邊設備類指數,317.28
2026-03-02,光電類指數,45.14
2026-03-02,通信網路類指數,208.24
2026-03-02,電子零組件類指數,566.39
2026-03-02,電子通路類指數,282.16
2026-03-02,資訊服務類指數,202.94
2026-03-02,其他電子類指數,242.3
2026-03-02,建材營造類指數,488.9
2026-03-02,航運類指數,190.31
2026-03-02,觀光餐旅類指數,105.18
2026-03-02,金融保險類指數,2539.98
2026-03-02,貿易百貨類指數,237.3
2026-03-02,油電燃氣類指數,78.7
2026-03-02,綠能環保類指數,112.07
2026-03-02,數位雲端類指數,38.26
2026-03-02,運動休閒類指數,66.18
2026-03-02,居家生活類指數,107.74
2026-03-02,其他類指數,269.91
2026-02-26,發行量加權股價指數,35414.49
2026-02-26,水泥窯製類指數,655.8
2026-02-26,塑膠化工類指數,808.64
2026-02-26,機電類指數,12133.55
2026-02-26,水泥類指數,130.34
2026-02-26,食品類指數,1953.4
2026-02-26,塑膠類指數,207.12
2026-02-26,紡織纖維類指數,531.35
2026-02-26,電機機械類指數,521.34
2026-02-26,電器電纜類指數,111.27
2026-02-26,化學生技醫療類指數,154.5
2026-02-26,化學類指數,174.02
2026-02-26,生技醫療類指數,88.81
2026-02-26,玻璃陶瓷類指數,141.58
2026-02-26,造紙類指數,252.84
2026-02-26,鋼鐵類指數,123.3
2026-02-26,橡膠類指數,197.92
2026-02-26,汽車類指數,325.59
2026-02-26,電子工業類指數,2194.26
2026-02-26,半導體類指數,1193.64
2026-02-26,電腦及週邊設備類指數,314.82
2026-02-26,光電類指數,44.79
2026-02-26,通信網路類指數,203.69
2026-02-26,電子零組件類指數,571.3
2026-02-26,電子通路類指數,286.97
2026-02-26,資訊服務類指數,205.35
2026-02-26,其他電子類指數,242.29
2026-02-26,建材營造類指數,482.66
2026-02-26,航運類指數,186.91
2026-02-26,觀光餐旅類指數,105.79
2026-02-26,金融保險類指數,2595.77
2026-02-26,貿易百貨類指數,237.86
2026-02-26,油電燃氣類指數,76.28
2026-02-26,綠能環保類指數,113.95
2026-02-26,數位雲端類指數,38.58
2026-02-26,運動休閒類指數,66.67
2026-02-26,居家生活類指數,110.16
2026-02-26,其他類指數,270.35
2026-02-25,發行量加權股價指數,35413.07
2026-02-25,水泥窯製類指數,657.27
2026-02-25,塑膠化工類指數,813.11
2026-02-25,機電類指數,12156.15
2026-02-25,水泥類指數,130.64
2026-02-25,食品類指數,1982.92
2026-02-25,塑膠類指數,210.94
2026-02-25,紡織纖維類指數,530.08
2026-02-25,電機機械類指數,513.91
2026-02-25,電器電纜類指數,109.98
2026-02-25,化學生技醫療類指數,153.78
2026-02-25,化學類指數,170.56
2026-02-25,生技醫療類指數,88.98
2026-02-25,玻璃陶瓷類指數,141.89
2026-02-25,造紙類指數,255.26
2026-02-25,鋼鐵類指數,125.02
2026-02-25,橡膠類指數,196.32
2026-02-25,汽車類指數,318.88
2026-02-25,電子工業類指數,2199.11
2026-02-25,半導體類指數,1199.13
2026-02-25,電腦及週邊設備類指數,316.44
2026-02-25,光電類指數,43.41
2026-02-25,通信網路類指數,206.44
2026-02-25,電子零組件類指數,568.4
2026-02-25,電子通路類指數,284.39
2026-02-25,資訊服務類指數,199.4
2026-02-25,其他電子類指數,239.58
2026-02-25,建材營造類指數,481.45
2026-02-25,航運類指數,184.94
2026-02-25,觀光餐旅類指數,105.53
2026-02-25,金融保險類指數,2542.08
2026-02-25,貿易百貨類指數,237.49
2026-02-25,油電燃氣類指數,78.05
2026-02-25,綠能環保類指數,112.07
2026-02-25,數位雲端類指數,38.11
2026-02-25,運動休閒類指數,66.78
2026-02-25,居家生活類指數,112.86
2026-02-25,其他類指數,271.45
2026-02-24,發行量加權股價指數,34700.82
2026-02-24,水泥窯製類指數,641.06
2026-02-24,塑膠化工類指數,790.5
2026-02-24,機電類指數,11867.18
2026-02-24,水泥類指數,130.21
2026-02-24,食品類指數,1975.55
2026-02-24,塑膠類指數,198.28
2026-02-24,紡織纖維類指數,529.63
2026-02-24,電機機械類指數,503.28
2026-02-24,電器電纜類指數,111.22
2026-02-24,化學生技醫療類指數,153.67
2026-02-24,化學類指數,169.63
2026-02-24,生技醫療類指數,89.09
2026-02-24,玻璃陶瓷類指數,132.45
2026-02-24,造紙類指數,255.93
2026-02-24,鋼鐵類指數,123.16
2026-02-24,橡膠類指數,195.95
2026-02-24,汽車類指數,320.65
2026-02-24,電子工業類指數,2146.46
2026-02-24,半導體類指數,1173.13
2026-02-24,電腦及週邊設備類指數,305.0
2026-02-24,光電類指數,43.4
2026-02-24,通信網路類指數,204.55
2026-02-24,電子零組件類指數,551.87
2026-02-24,電子通路類指數,280.78
2026-02-24,資訊服務類指數,199.92
2026-02-24,其他電子類指數,228.61
2026-02-24,建材營造類指數,481.86
2026-02-24,航運類指數,184.28
2026-02-24,觀光餐旅類指數,105.84
2026-02-24,金融保險類指數,2558.1
2026-02-24,貿易百貨類指數,237.14
2026-02-24,油電燃氣類指數,73.71
2026-02-24,綠能環保類指數,110.31
2026-02-24,數位雲端類指數,38.15
2026-02-24,運動休閒類指數,67.09
2026-02-24,居家生活類指數,111.29
2026-02-24,其他類指數,271.88
2026-02-23,發行量加權股價指數,33773.26
2026-02-23,水泥窯製類指數,620.18
2026-02-23,塑膠化工類指數,762.81
2026-02-23,機電類指數,11488.38
2026-02-23,水泥類指數,129.05
2026-02-23,食品類指數,1991.16
2026-02-23,塑膠類指數,187.47
2026-02-23,紡織纖維類指數,532.08
2026-02-23,電機機械類指數,499.69
2026-02-23,電器電纜類指數,108.35
2026-02-23,化學生技醫療類指數,150.5
2026-02-23,化學類指數,165.57
2026-02-23,生技醫療類指數,87.37
2026-02-23,玻璃陶瓷類指數,121.6
2026-02-23,造紙類指數,250.58
2026-02-23,鋼鐵類指數,122.41
2026-02-23,橡膠類指數,193.43
2026-02-23,汽車類指數,319.03
2026-02-23,電子工業類指數,2076.92
2026-02-23,半導體類指數,1132.61
2026-02-23,電腦及週邊設備類指數,301.5
2026-02-23,光電類指數,42.26
2026-02-23,通信網路類指數,203.22
2026-02-23,電子零組件類指數,524.89
2026-02-23,電子通路類指數,276.53
2026-02-23,資訊服務類指數,200.55
2026-02-23,其他電子類指數,224.41
2026-02-23,建材營造類指數,482.84
2026-02-23,航運類指數,183.79
2026-02-23,觀光餐旅類指數,106.62
2026-02-23,金融保險類指數,2563.99
2026-02-23,貿易百貨類指數,237.6
2026-02-23,油電燃氣類指數,72.88
2026-02-23,綠能環保類指數,108.4
2026-02-23,數位雲端類指數,38.22
2026-02-23,運動休閒類指數,67.73
2026-02-23,居家生活類指數,111.73
2026-02-23,其他類指數,273.62
2026-02-11,發行量加權股價指數,33605.71
2026-02-11,水泥窯製類指數,601.6
2026-02-11,塑膠化工類指數,744.65
2026-02-11,機電類指數,11474.56
2026-02-11,水泥類指數,128.26
2026-02-11,食品類指數,1962.8
2026-02-11,塑膠類指數,180.63
2026-02-11,紡織纖維類指數,526.51
2026-02-11,電機機械類指數,493.81
2026-02-11,電器電纜類指數,106.4
2026-02-11,化學生技醫療類指數,148.56
2026-02-11,化學類指數,161.1
2026-02-11,生技醫療類指數,86.75
2026-02-11,玻璃陶瓷類指數,111.42
2026-02-11,造紙類指數,251.71
2026-02-11,鋼鐵類指數,123.09
2026-02-11,橡膠類指數,188.92
2026-02-11,汽車類指數,318.22
2026-02-11,電子工業類指數,2074.95
2026-02-11,半導體類指數,1139.25
2026-02-11,電腦及週邊設備類指數,303.27
2026-02-11,光電類指數,40.78
2026-02-11,通信網路類指數,201.67
2026-02-11,電子零組件類指數,507.42
2026-02-11,電子通路類指數,272.58
2026-02-11,資訊服務類指數,199.96
2026-02-11,其他電子類指數,220.76
2026-02-11,建材營造類指數,474.27
2026-02-11,航運類指數,182.06
2026-02-11,觀光餐旅類指數,105.82
2026-02-11,金融保險類指數,2496.43
2026-02-11,貿易百貨類指數,236.45
2026-02-11,油電燃氣類指數,70.36
2026-02-11,綠能環保類指數,106.32
2026-02-11,數位雲端類指數,38.29
2026-02-11,運動休閒類指數,66.81
2026-02-11,居家生活類指數,108.71
2026-02-11,其他類指數,269.61
2026-02-10,發行量加權股價指數,33072.97
2026-02-10,水泥窯製類指數,583.48
2026-02-10,塑膠化工類指數,726.43
2026-02-10,機電類指數,11276.81
2026-02-10,水泥類指數,127.14
2026-02-10,食品類指數,1953.01
2026-02-10,塑膠類指數,171.5
2026-02-10,紡織纖維類指數,523.89
2026-02-10,電機機械類指數,492.7
2026-02-10,電器電纜類指數,105.67
2026-02-10,化學生技醫療類指數,147.94
2026-02-10,化學類指數,159.95
2026-02-10,生技醫療類指數,86.5
2026-02-10,玻璃陶瓷類指數,102.25
2026-02-10,造紙類指數,250.95
2026-02-10,鋼鐵類指數,121.72
2026-02-10,橡膠類指數,186.58
2026-02-10,汽車類指數,314.46
2026-02-10,電子工業類指數,2038.54
2026-02-10,半導體類指數,1118.71
2026-02-10,電腦及週邊設備類指數,301.76
2026-02-10,光電類指數,40.24
2026-02-10,通信網路類指數,199.37
2026-02-10,電子零組件類指數,494.79
2026-02-10,電子通路類指數,268.47
2026-02-10,資訊服務類指數,198.83
2026-02-10,其他電子類指數,216.8
2026-02-10,建材營造類指數,469.43
2026-02-10,航運類指數,181.42
2026-02-10,觀光餐旅類指數,105.84
2026-02-10,金融保險類指數,2474.6
2026-02-10,貿易百貨類指數,236.39
2026-02-10,油電燃氣類指數,69.28
2026-02-10,綠能環保類指數,105.71
2026-02-10,數位雲端類指數,38.05
2026-02-10,運動休閒類指數,67.25
2026-02-10,居家生活類指數,112.88
2026-02-10,其他類指數,268.0
2026-02-09,發行量加權股價指數,32404.62
2026-02-09,水泥窯製類指數,588.16
2026-02-09,塑膠化工類指數,747.93
2026-02-09,機電類指數,10990.25
2026-02-09,水泥類指數,126.81
2026-02-09,食品類指數,1958.03
2026-02-09,塑膠類指數,180.3
2026-02-09,紡織纖維類指數,524.49
2026-02-09,電機機械類指數,488.38
2026-02-09,電器電纜類指數,107.32
2026-02-09,化學生技醫療類指數,150.44
2026-02-09,化學類指數,160.26
2026-02-09,生技醫療類指數,88.47
2026-02-09,玻璃陶瓷類指數,105.92
2026-02-09,造紙類指數,249.82
2026-02-09,鋼鐵類指數,121.29
2026-02-09,橡膠類指數,185.61
2026-02-09,汽車類指數,312.14
2026-02-09,電子工業類指數,1985.81
2026-02-09,半導體類指數,1084.58
2026-02-09,電腦及週邊設備類指數,298.14
2026-02-09,光電類指數,40.17
2026-02-09,通信網路類指數,195.2
2026-02-09,電子零組件類指數,487.45
2026-02-09,電子通路類指數,260.85
2026-02-09,資訊服務類指數,196.09
2026-02-09,其他電子類指數,213.92
2026-02-09,建材營造類指數,464.4
2026-02-09,航運類指數,180.48
2026-02-09,觀光餐旅類指數,106.19
2026-02-09,金融保險類指數,2461.06
2026-02-09,貿易百貨類指數,234.44
2026-02-09,油電燃氣類指數,70.41
2026-02-09,綠能環保類指數,105.39
2026-02-09,數位雲端類指數,38.05
2026-02-09,運動休閒類指數,67.35
2026-02-09,居家生活類指數,111.49
2026-02-09,其他類指數,267.28
2026-02-06,發行量加權股價指數,31782.92
2026-02-06,水泥窯製類指數,598.31
2026-02-06,塑膠化工類指數,733.32
2026-02-06,機電類指數,10748.77
2026-02-06,水泥類指數,126.79
2026-02-06,食品類指數,1972.54
2026-02-06,塑膠類指數,171.08
2026-02-06,紡織纖維類指數,521.25
2026-02-06,電機機械類指數,474.23
2026-02-06,電器電纜類指數,104.75
2026-02-06,化學生技醫療類指數,151.01
2026-02-06,化學類指數,159.05
2026-02-06,生技醫療類指數,89.21
2026-02-06,玻璃陶瓷類指數,112.44
2026-02-06,造紙類指數,247.85
2026-02-06,鋼鐵類指數,121.01
2026-02-06,橡膠類指數,186.02
2026-02-06,汽車類指數,309.08
2026-02-06,電子工業類指數,1942.46
2026-02-06,半導體類指數,1058.4
2026-02-06,電腦及週邊設備類指數,295.9
2026-02-06,光電類指數,40.5
2026-02-06,通信網路類指數,190.8
2026-02-06,電子零組件類指數,475.59
2026-02-06,電子通路類指數,257.61
2026-02-06,資訊服務類指數,196.26
2026-02-06,其他電子類指數,210.73
2026-02-06,建材營造類指數,462.84
2026-02-06,航運類指數,180.04
2026-02-06,觀光餐旅類指數,106.42
2026-02-06,金融保險類指數,2434.27
2026-02-06,貿易百貨類指數,236.03
2026-02-06,油電燃氣類指數,68.74
2026-02-06,綠能環保類指數,106.43
2026-02-06,數位雲端類指數,38.17
2026-02-06,運動休閒類指數,67.58
2026-02-06,居家生活類指數,111.68
2026-02-06,其他類指數,266.61
2026-02-05,發行量加權股價指數,31801.27
2026-02-05,水泥窯製類指數,618.84
2026-02-05,塑膠化工類指數,743.77
2026-02-05,機電類指數,10737.72
2026-02-05,水泥類指數,127.63
2026-02-05,食品類指數,1966.89
2026-02-05,塑膠類指數,174.82
2026-02-05,紡織纖維類指數,525.3
2026-02-05,電機機械類指數,487.11
2026-02-05,電器電纜類指數,108.63
2026-02-05,化學生技醫療類指數,152.38
2026-02-05,化學類指數,161.93
2026-02-05,生技醫療類指數,89.7
2026-02-05,玻璃陶瓷類指數,123.76
2026-02-05,造紙類指數,248.49
2026-02-05,鋼鐵類指數,123.32
2026-02-05,橡膠類指數,187.61
2026-02-05,汽車類指數,311.83
2026-02-05,電子工業類指數,1939.15
2026-02-05,半導體類指數,1053.26
2026-02-05,電腦及週邊設備類指數,295.9
2026-02-05,光電類指數,40.81
2026-02-05,通信網路類指數,189.01
2026-02-05,電子零組件類指數,482.47
2026-02-05,電子通路類指數,259.88
2026-02-05,資訊服務類指數,198.06
2026-02-05,其他電子類指數,212.06
2026-02-05,建材營造類指數,466.56
2026-02-05,航運類指數,180.9
2026-02-05,觀光餐旅類指數,106.5
2026-02-05,金融保險類指數,2439.11
2026-02-05,貿易百貨類指數,233.57
2026-02-05,油電燃氣類指數,70.05
2026-02-05,綠能環保類指數,108.09
2026-02-05,數位雲端類指數,38.47
2026-02-05,運動休閒類指數,68.59
2026-02-05,居家生活類指數,111.9
2026-02-05,其他類指數,268.7
2026-02-04,發行量加權股價指數,32289.81
2026-02-04,水泥窯製類指數,619.83
2026-02-04,塑膠化工類指數,755.06
2026-02-04,機電類指數,10945.98
2026-02-04,水泥類指數,127.53
2026-02-04,食品類指數,1945.23
2026-02-04,塑膠類指數,178.14
2026-02-04,紡織纖維類指數,518.32
2026-02-04,電機機械類指數,498.29
2026-02-04,電器電纜類指數,111.65
2026-02-04,化學生技醫療類指數,154.72
2026-02-04,化學類指數,163.99
2026-02-04,生技醫療類指數,91.18
2026-02-04,玻璃陶瓷類指數,124.61
2026-02-04,造紙類指數,247.45
2026-02-04,鋼鐵類指數,124.5
2026-02-04,橡膠類指數,185.83
2026-02-04,汽車類指數,313.65
2026-02-04,電子工業類指數,1976.56
2026-02-04,半導體類指數,1070.05
2026-02-04,電腦及週邊設備類指數,300.45
2026-02-04,光電類指數,41.31
2026-02-04,通信網路類指數,192.8
2026-02-04,電子零組件類指數,503.31
2026-02-04,電子通路類指數,266.09
2026-02-04,資訊服務類指數,200.98
2026-02-04,其他電子類指數,216.75
2026-02-04,建材營造類指數,467.27
2026-02-04,航運類指數,182.16
2026-02-04,觀光餐旅類指數,104.94
2026-02-04,金融保險類指數,2423.45
2026-02-04,貿易百貨類指數,229.31
2026-02-04,油電燃氣類指數,70.24
2026-02-04,綠能環保類指數,109.45
2026-02-04,數位雲端類指數,38.73
2026-02-04,運動休閒類指數,68.65
2026-02-04,居家生活類指數,111.87
2026-02-04,其他類指數,268.02
2026-02-03,發行量加權股價指數,32195.36
2026-02-03,水泥窯製類指數,602.69
2026-02-03,塑膠化工類指數,738.05
2026-02-03,機電類指數,10936.02
2026-02-03,水泥類指數,126.11
2026-02-03,食品類指數,1947.12
2026-02-03,塑膠類指數,170.1
2026-02-03,紡織纖維類指數,516.59
2026-02-03,電機機械類指數,486.14
2026-02-03,電器電纜類指數,109.32
2026-02-03,化學生技醫療類指數,153.81
2026-02-03,化學類指數,159.42
2026-02-03,生技醫療類指數,91.42
2026-02-03,玻璃陶瓷類指數,116.67
2026-02-03,造紙類指數,243.98
2026-02-03,鋼鐵類指數,122.93
2026-02-03,橡膠類指數,183.69
2026-02-03,汽車類指數,313.22
2026-02-03,電子工業類指數,1975.83
2026-02-03,半導體類指數,1075.0
2026-02-03,電腦及週邊設備類指數,298.18
2026-02-03,光電類指數,39.9
2026-02-03,通信網路類指數,192.41
2026-02-03,電子零組件類指數,493.77
2026-02-03,電子通路類指數,263.28
2026-02-03,資訊服務類指數,201.29
2026-02-03,其他電子類指數,215.46
2026-02-03,建材營造類指數,463.56
2026-02-03,航運類指數,179.46
2026-02-03,觀光餐旅類指數,104.65
2026-02-03,金融保險類指數,2403.42
2026-02-03,貿易百貨類指數,228.27
2026-02-03,油電燃氣類指數,68.92
2026-02-03,綠能環保類指數,108.23
2026-02-03,數位雲端類指數,38.72
2026-02-03,運動休閒類指數,68.29
2026-02-03,居家生活類指數,111.03
2026-02-03,其他類指數,266.3
2026-02-02,發行量加權股價指數,31624.03
2026-02-02,水泥窯製類指數,590.64
2026-02-02,塑膠化工類指數,728.65
2026-02-02,機電類指數,10711.13
2026-02-02,水泥類指數,127.1
2026-02-02,食品類指數,1933.84
2026-02-02,塑膠類指數,166.58
2026-02-02,紡織纖維類指數,510.77
2026-02-02,電機機械類指數,480.61
2026-02-02,電器電纜類指數,113.91
2026-02-02,化學生技醫療類指數,152.34
2026-02-02,化學類指數,158.92
2026-02-02,生技醫療類指數,90.33
2026-02-02,玻璃陶瓷類指數,106.9
2026-02-02,造紙類指數,243.3
2026-02-02,鋼鐵類指數,124.33
2026-02-02,橡膠類指數,185.53
2026-02-02,汽車類指數,313.35
2026-02-02,電子工業類指數,1934.41
2026-02-02,半導體類指數,1054.8
2026-02-02,電腦及週邊設備類指數,291.17
2026-02-02,光電類指數,39.39
2026-02-02,通信網路類指數,188.91
2026-02-02,電子零組件類指數,474.97
2026-02-02,電子通路類指數,260.67
2026-02-02,資訊服務類指數,200.29
2026-02-02,其他電子類指數,211.26
2026-02-02,建材營造類指數,462.62
2026-02-02,航運類指數,178.23
2026-02-02,觀光餐旅類指數,104.32
2026-02-02,金融保險類指數,2385.83
2026-02-02,貿易百貨類指數,226.4
2026-02-02,油電燃氣類指數,68.88
2026-02-02,綠能環保類指數,108.19
2026-02-02,數位雲端類指數,38.51
2026-02-02,運動休閒類指數,68.35
2026-02-02,居家生活類指數,111.87
2026-02-02,其他類指數,265.25
2026-01-30,發行量加權股價指數,32063.75
2026-01-30,水泥窯製類指數,608.97
2026-01-30,塑膠化工類指數,754.83
2026-01-30,機電類指數,10856.96
2026-01-30,水泥類指數,129.23
2026-01-30,食品類指數,1943.95
2026-01-30,塑膠類指數,178.49
2026-01-30,紡織纖維類指數,514.46
2026-01-30,電機機械類指數,489.41
2026-01-30,電器電纜類指數,123.34
2026-01-30,化學生技醫療類指數,154.12
2026-01-30,化學類指數,162.59
2026-01-30,生技醫療類指數,90.98
2026-01-30,玻璃陶瓷類指數,114.06
2026-01-30,造紙類指數,248.32
2026-01-30,鋼鐵類指數,124.75
2026-01-30,橡膠類指數,188.42
2026-01-30,汽車類指數,319.48
2026-01-30,電子工業類指數,1960.06
2026-01-30,半導體類指數,1067.34
2026-01-30,電腦及週邊設備類指數,293.69
2026-01-30,光電類指數,40.34
2026-01-30,通信網路類指數,188.95
2026-01-30,電子零組件類指數,486.41
2026-01-30,電子通路類指數,264.38
2026-01-30,資訊服務類指數,202.19
2026-01-30,其他電子類指數,215.7
2026-01-30,建材營造類指數,465.5
2026-01-30,航運類指數,180.29
2026-01-30,觀光餐旅類指數,104.86
2026-01-30,金融保險類指數,2404.41
2026-01-30,貿易百貨類指數,227.83
2026-01-30,油電燃氣類指數,74.49
2026-01-30,綠能環保類指數,109.77
2026-01-30,數位雲端類指數,38.86
2026-01-30,運動休閒類指數,68.9
2026-01-30,居家生活類指數,113.72
2026-01-30,其他類指數,267.62
2026-01-29,發行量加權股價指數,32536.27
2026-01-29,水泥窯製類指數,616.65
2026-01-29,塑膠化工類指數,762.26
2026-01-29,機電類指數,11028.36
2026-01-29,水泥類指數,129.91
2026-01-29,食品類指數,1963.14
2026-01-29,塑膠類指數,183.18
2026-01-29,紡織纖維類指數,524.02
2026-01-29,電機機械類指數,499.73
2026-01-29,電器電纜類指數,125.97
2026-01-29,化學生技醫療類指數,153.54
2026-01-29,化學類指數,165.08
2026-01-29,生技醫療類指數,89.97
2026-01-29,玻璃陶瓷類指數,117.51
2026-01-29,造紙類指數,251.95
2026-01-29,鋼鐵類指數,125.41
2026-01-29,橡膠類指數,190.81
2026-01-29,汽車類指數,319.78
2026-01-29,電子工業類指數,1990.76
2026-01-29,半導體類指數,1084.41
2026-01-29,電腦及週邊設備類指數,299.09
2026-01-29,光電類指數,40.64
2026-01-29,通信網路類指數,190.71
2026-01-29,電子零組件類指數,491.53
2026-01-29,電子通路類指數,267.21
2026-01-29,資訊服務類指數,205.69
2026-01-29,其他電子類指數,220.99
2026-01-29,建材營造類指數,471.03
2026-01-29,航運類指數,183.56
2026-01-29,觀光餐旅類指數,105.66
2026-01-29,金融保險類指數,2434.04
2026-01-29,貿易百貨類指數,229.04
2026-01-29,油電燃氣類指數,73.35
2026-01-29,綠能環保類指數,112.94
2026-01-29,數位雲端類指數,39.57
2026-01-29,運動休閒類指數,69.27
2026-01-29,居家生活類指數,111.47
2026-01-29,其他類指數,270.32
2026-01-28,發行量加權股價指數,32803.82
2026-01-28,水泥窯製類指數,623.42
2026-01-28,塑膠化工類指數,770.04
2026-01-28,機電類指數,11143.67
2026-01-28,水泥類指數,129.65
2026-01-28,食品類指數,1967.93
2026-01-28,塑膠類指數,188.94
2026-01-28,紡織纖維類指數,525.99
2026-01-28,電機機械類指數,507.47
2026-01-28,電器電纜類指數,124.56
2026-01-28,化學生技醫療類指數,152.5
2026-01-28,化學類指數,168.8
2026-01-28,生技醫療類指數,88.31
2026-01-28,玻璃陶瓷類指數,122.4
2026-01-28,造紙類指數,249.94
2026-01-28,鋼鐵類指數,120.62
2026-01-28,橡膠類指數,191.96
2026-01-28,汽車類指數,321.89
2026-01-28,電子工業類指數,2011.55
2026-01-28,半導體類指數,1094.22
2026-01-28,電腦及週邊設備類指數,301.23
2026-01-28,光電類指數,41.34
2026-01-28,通信網路類指數,190.05
2026-01-28,電子零組件類指數,504.37
2026-01-28,電子通路類指數,271.09
2026-01-28,資訊服務類指數,208.37
2026-01-28,其他電子類指數,222.99
2026-01-28,建材營造類指數,470.1
2026-01-28,航運類指數,184.59
2026-01-28,觀光餐旅類指數,106.04
2026-01-28,金融保險類指數,2421.67
2026-01-28,貿易百貨類指數,225.66
2026-01-28,油電燃氣類指數,73.69
2026-01-28,綠能環保類指數,114.91
2026-01-28,數位雲端類指數,39.63
2026-01-28,運動休閒類指數,69.67
2026-01-28,居家生活類指數,111.77
2026-01-28,其他類指數,271.25
2026-01-27,發行量加權股價指數,32317.92
2026-01-27,水泥窯製類指數,619.27
2026-01-27,塑膠化工類指數,763.67
2026-01-27,機電類指數,10943.65
2026-01-27,水泥類指數,128.94
2026-01-27,食品類指數,1969.43
2026-01-27,塑膠類指數,184.73
2026-01-27,紡織纖維類指數,530.98
2026-01-27,電機機械類指數,495.41
2026-01-27,電器電纜類指數,119.97
2026-01-27,化學生技醫療類指數,152.84
2026-01-27,化學類指數,165.86
2026-01-27,生技醫療類指數,89.23
2026-01-27,玻璃陶瓷類指數,121.24
2026-01-27,造紙類指數,249.37
2026-01-27,鋼鐵類指數,118.9
2026-01-27,橡膠類指數,192.52
2026-01-27,汽車類指數,322.67
2026-01-27,電子工業類指數,1975.83
2026-01-27,半導體類指數,1071.11
2026-01-27,電腦及週邊設備類指數,299.26
2026-01-27,光電類指數,41.6
2026-01-27,通信網路類指數,188.41
2026-01-27,電子零組件類指數,495.87
2026-01-27,電子通路類指數,266.09
2026-01-27,資訊服務類指數,209.19
2026-01-27,其他電子類指數,222.07
2026-01-27,建材營造類指數,470.93
2026-01-27,航運類指數,182.56
2026-01-27,觀光餐旅類指數,106.02
2026-01-27,金融保險類指數,2420.46
2026-01-27,貿易百貨類指數,227.78
2026-01-27,油電燃氣類指數,72.42
2026-01-27,綠能環保類指數,114.24
2026-01-27,數位雲端類指數,39.72
2026-01-27,運動休閒類指數,70.9
2026-01-27,居家生活類指數,113.79
2026-01-27,其他類指數,272.35
2026-01-26,發行量加權股價指數,32064.52
2026-01-26,水泥窯製類指數,624.89
2026-01-26,塑膠化工類指數,752.25
2026-01-26,機電類指數,10829.39
2026-01-26,水泥類指數,130.11
2026-01-26,食品類指數,1981.3
2026-01-26,塑膠類指數,183.92
2026-01-26,紡織纖維類指數,535.41
2026-01-26,電機機械類指數,496.17
2026-01-26,電器電纜類指數,118.88
2026-01-26,化學生技醫療類指數,148.68
2026-01-26,化學類指數,167.69
2026-01-26,生技醫療類指數,85.41
2026-01-26,玻璃陶瓷類指數,122.36
2026-01-26,造紙類指數,251.95
2026-01-26,鋼鐵類指數,120.14
2026-01-26,橡膠類指數,194.47
2026-01-26,汽車類指數,320.32
2026-01-26,電子工業類指數,1954.72
2026-01-26,半導體類指數,1057.68
2026-01-26,電腦及週邊設備類指數,300.42
2026-01-26,光電類指數,42.35
2026-01-26,通信網路類指數,188.63
2026-01-26,電子零組件類指數,486.71
2026-01-26,電子通路類指數,260.02
2026-01-26,資訊服務類指數,208.9
2026-01-26,其他電子類指數,220.96
2026-01-26,建材營造類指數,474.27
2026-01-26,航運類指數,184.27
2026-01-26,觀光餐旅類指數,106.43
2026-01-26,金融保險類指數,2432.06
2026-01-26,貿易百貨類指數,230.04
2026-01-26,油電燃氣類指數,73.19
2026-01-26,綠能環保類指數,115.47
2026-01-26,數位雲端類指數,39.94
2026-01-26,運動休閒類指數,70.76
2026-01-26,居家生活類指數,112.37
2026-01-26,其他類指數,273.73
2026-01-23,發行量加權股價指數,31961.51
2026-01-23,水泥窯製類指數,609.28
2026-01-23,塑膠化工類指數,725.83
2026-01-23,機電類指數,10821.59
2026-01-23,水泥類指數,127.6
2026-01-23,食品類指數,1981.85
2026-01-23,塑膠類指數,171.52
2026-01-23,紡織纖維類指數,522.45
2026-01-23,電機機械類指數,496.97
2026-01-23,電器電纜類指數,116.86
2026-01-23,化學生技醫療類指數,147.27
2026-01-23,化學類指數,167.15
2026-01-23,生技醫療類指數,84.37
2026-01-23,玻璃陶瓷類指數,117.72
2026-01-23,造紙類指數,246.55
2026-01-23,鋼鐵類指數,117.75
2026-01-23,橡膠類指數,190.53
2026-01-23,汽車類指數,317.66
2026-01-23,電子工業類指數,1953.34
2026-01-23,半導體類指數,1055.79
2026-01-23,電腦及週邊設備類指數,299.05
2026-01-23,光電類指數,41.78
2026-01-23,通信網路類指數,189.28
2026-01-23,電子零組件類指數,493.31
2026-01-23,電子通路類指數,259.18
2026-01-23,資訊服務類指數,206.94
2026-01-23,其他電子類指數,219.45
2026-01-23,建材營造類指數,475.76
2026-01-23,航運類指數,184.14
2026-01-23,觀光餐旅類指數,105.89
2026-01-23,金融保險類指數,2413.79
2026-01-23,貿易百貨類指數,227.22
2026-01-23,油電燃氣類指數,67.57
2026-01-23,綠能環保類指數,116.25
2026-01-23,數位雲端類指數,40.77
2026-01-23,運動休閒類指數,70.93
2026-01-23,居家生活類指數,113.15
2026-01-23,其他類指數,272.04
2026-01-22,發行量加權股價指數,31746.08
2026-01-22,水泥窯製類指數,615.19
2026-01-22,塑膠化工類指數,716.6
2026-01-22,機電類指數,10731.35
2026-01-22,水泥類指數,127.88
2026-01-22,食品類指數,1985.08
2026-01-22,塑膠類指數,171.22
2026-01-22,紡織纖維類指數,528.8
2026-01-22,電機機械類指數,501.67
2026-01-22,電器電纜類指數,118.46
2026-01-22,化學生技醫療類指數,143.76
2026-01-22,化學類指數,168.53
2026-01-22,生技醫療類指數,81.2
2026-01-22,玻璃陶瓷類指數,120.89
2026-01-22,造紙類指數,247.73
2026-01-22,鋼鐵類指數,117.03
2026-01-22,橡膠類指數,191.15
2026-01-22,汽車類指數,318.82
2026-01-22,電子工業類指數,1936.19
2026-01-22,半導體類指數,1045.48
2026-01-22,電腦及週邊設備類指數,300.38
2026-01-22,光電類指數,42.1
2026-01-22,通信網路類指數,187.14
2026-01-22,電子零組件類指數,482.48
2026-01-22,電子通路類指數,260.1
2026-01-22,資訊服務類指數,205.45
2026-01-22,其他電子類指數,220.86
2026-01-22,建材營造類指數,479.79
2026-01-22,航運類指數,186.94
2026-01-22,觀光餐旅類指數,106.65
2026-01-22,金融保險類指數,2410.66
2026-01-22,貿易百貨類指數,228.59
2026-01-22,油電燃氣類指數,67.18
2026-01-22,綠能環保類指數,115.06
2026-01-22,數位雲端類指數,39.82
2026-01-22,運動休閒類指數,71.48
2026-01-22,居家生活類指數,111.3
2026-01-22,其他類指數,271.6
2026-01-21,發行量加權股價指數,31246.37
2026-01-21,水泥窯製類指數,629.18
2026-01-21,塑膠化工類指數,704.19
2026-01-21,機電類指數,10531.2
2026-01-21,水泥類指數,129.13
2026-01-21,食品類指數,1983.12
2026-01-21,塑膠類指數,164.24
2026-01-21,紡織纖維類指數,526.53
2026-01-21,電機機械類指數,489.5
2026-01-21,電器電纜類指數,117.57
2026-01-21,化學生技醫療類指數,143.66
2026-01-21,化學類指數,168.48
2026-01-21,生技醫療類指數,81.12
2026-01-21,玻璃陶瓷類指數,127.16
2026-01-21,造紙類指數,246.69
2026-01-21,鋼鐵類指數,116.73
2026-01-21,橡膠類指數,191.59
2026-01-21,汽車類指數,320.09
2026-01-21,電子工業類指數,1900.21
2026-01-21,半導體類指數,1032.7
2026-01-21,電腦及週邊設備類指數,289.67
2026-01-21,光電類指數,42.52
2026-01-21,通信網路類指數,186.46
2026-01-21,電子零組件類指數,453.11
2026-01-21,電子通路類指數,257.62
2026-01-21,資訊服務類指數,204.27
2026-01-21,其他電子類指數,216.81
2026-01-21,建材營造類指數,475.47
2026-01-21,航運類指數,185.46
2026-01-21,觀光餐旅類指數,105.77
2026-01-21,金融保險類指數,2407.63
2026-01-21,貿易百貨類指數,230.64
2026-01-21,油電燃氣類指數,65.48
2026-01-21,綠能環保類指數,115.35
2026-01-21,數位雲端類指數,39.27
2026-01-21,運動休閒類指數,71.12
2026-01-21,居家生活類指數,112.27
2026-01-21,其他類指數,270.29
2026-01-20,發行量加權股價指數,31759.99
2026-01-20,水泥窯製類指數,617.3
2026-01-20,塑膠化工類指數,718.34
2026-01-20,機電類指數,10727.3
2026-01-20,水泥類指數,129.07
2026-01-20,食品類指數,1983.02
2026-01-20,塑膠類指數,167.82
2026-01-20,紡織纖維類指數,531.13
2026-01-20,電機機械類指數,491.23
2026-01-20,電器電纜類指數,122.46
2026-01-20,化學生技醫療類指數,146.45
2026-01-20,化學類指數,171.23
2026-01-20,生技醫療類指數,82.81
2026-01-20,玻璃陶瓷類指數,119.73
2026-01-20,造紙類指數,249.43
2026-01-20,鋼鐵類指數,117.81
2026-01-20,橡膠類指數,194.51
2026-01-20,汽車類指數,322.41
2026-01-20,電子工業類指數,1936.01
2026-01-20,半導體類指數,1054.54
2026-01-20,電腦及週邊設備類指數,293.12
2026-01-20,光電類指數,42.81
2026-01-20,通信網路類指數,188.16
2026-01-20,電子零組件類指數,458.17
2026-01-20,電子通路類指數,257.64
2026-01-20,資訊服務類指數,205.71
2026-01-20,其他電子類指數,222.12
2026-01-20,建材營造類指數,479.22
2026-01-20,航運類指數,184.31
2026-01-20,觀光餐旅類指數,106.13
2026-01-20,金融保險類指數,2428.14
2026-01-20,貿易百貨類指數,231.83
2026-01-20,油電燃氣類指數,66.13
2026-01-20,綠能環保類指數,117.07
2026-01-20,數位雲端類指數,40.14
2026-01-20,運動休閒類指數,71.95
2026-01-20,居家生活類指數,114.99
2026-01-20,其他類指數,271.84
2026-01-19,發行量加權股價指數,31639.29
2026-01-19,水泥窯製類指數,607.82
2026-01-19,塑膠化工類指數,728.16
2026-01-19,機電類指數,10660.79
2026-01-19,水泥類指數,130.93
2026-01-19,食品類指數,1983.29
2026-01-19,塑膠類指數,173.32
2026-01-19,紡織纖維類指數,530.47
2026-01-19,電機機械類指數,478.02
2026-01-19,電器電纜類指數,120.89
2026-01-19,化學生技醫療類指數,146.51
2026-01-19,化學類指數,171.16
2026-01-19,生技醫療類指數,82.88
2026-01-19,玻璃陶瓷類指數,109.72
2026-01-19,造紙類指數,253.39
2026-01-19,鋼鐵類指數,119.98
2026-01-19,橡膠類指數,194.57
2026-01-19,汽車類指數,324.63
2026-01-19,電子工業類指數,1924.86
2026-01-19,半導體類指數,1045.96
2026-01-19,電腦及週邊設備類指數,295.59
2026-01-19,光電類指數,43.24
2026-01-19,通信網路類指數,187.44
2026-01-19,電子零組件類指數,452.23
2026-01-19,電子通路類指數,259.78
2026-01-19,資訊服務類指數,206.36
2026-01-19,其他電子類指數,224.39
2026-01-19,建材營造類指數,482.11
2026-01-19,航運類指數,181.13
2026-01-19,觀光餐旅類指數,106.07
2026-01-19,金融保險類指數,2445.2
2026-01-19,貿易百貨類指數,232.08
2026-01-19,油電燃氣類指數,68.39
2026-01-19,綠能環保類指數,118.76
2026-01-19,數位雲端類指數,40.69
2026-01-19,運動休閒類指數,72.29
2026-01-19,居家生活類指數,113.57
2026-01-19,其他類指數,271.97
2026-01-16,發行量加權股價指數,31408.7
2026-01-16,水泥窯製類指數,582.85
2026-01-16,塑膠化工類指數,717.19
2026-01-16,機電類指數,10578.8
2026-01-16,水泥類指數,127.81
2026-01-16,食品類指數,1995.37
2026-01-16,塑膠類指數,165.98
2026-01-16,紡織纖維類指數,528.01
2026-01-16,電機機械類指數,473.65
2026-01-16,電器電纜類指數,121.87
2026-01-16,化學生技醫療類指數,147.67
2026-01-16,化學類指數,169.18
2026-01-16,生技醫療類指數,84.26
2026-01-16,玻璃陶瓷類指數,100.41
2026-01-16,造紙類指數,249.66
2026-01-16,鋼鐵類指數,118.89
2026-01-16,橡膠類指數,190.79
2026-01-16,汽車類指數,326.51
2026-01-16,電子工業類指數,1909.99
2026-01-16,半導體類指數,1031.81
2026-01-16,電腦及週邊設備類指數,301.44
2026-01-16,光電類指數,41.93
2026-01-16,通信網路類指數,188.63
2026-01-16,電子零組件類指數,449.92
2026-01-16,電子通路類指數,260.06
2026-01-16,資訊服務類指數,206.1
2026-01-16,其他電子類指數,229.04
2026-01-16,建材營造類指數,483.54
2026-01-16,航運類指數,182.36
2026-01-16,觀光餐旅類指數,106.49
2026-01-16,金融保險類指數,2425.55
2026-01-16,貿易百貨類指數,234.25
2026-01-16,油電燃氣類指數,68.38
2026-01-16,綠能環保類指數,114.98
2026-01-16,數位雲端類指數,41.09
2026-01-16,運動休閒類指數,73.31
2026-01-16,居家生活類指數,112.89
2026-01-16,其他類指數,273.17
2026-01-15,發行量加權股價指數,30810.58
2026-01-15,水泥窯製類指數,569.86
2026-01-15,塑膠化工類指數,701.21
2026-01-15,機電類指數,10331.81
2026-01-15,水泥類指數,127.79
2026-01-15,食品類指數,2002.02
2026-01-15,塑膠類指數,161.45
2026-01-15,紡織纖維類指數,530.97
2026-01-15,電機機械類指數,461.27
2026-01-15,電器電纜類指數,123.98
2026-01-15,化學生技醫療類指數,144.51
2026-01-15,化學類指數,170.01
2026-01-15,生技醫療類指數,81.49
2026-01-15,玻璃陶瓷類指數,92.17
2026-01-15,造紙類指數,253.91
2026-01-15,鋼鐵類指數,119.84
2026-01-15,橡膠類指數,190.69
2026-01-15,汽車類指數,323.72
2026-01-15,電子工業類指數,1865.18
2026-01-15,半導體類指數,1002.95
2026-01-15,電腦及週邊設備類指數,301.99
2026-01-15,光電類指數,41.34
2026-01-15,通信網路類指數,189.78
2026-01-15,電子零組件類指數,431.43
2026-01-15,電子通路類指數,261.94
2026-01-15,資訊服務類指數,207.54
2026-01-15,其他電子類指數,229.36
2026-01-15,建材營造類指數,489.53
2026-01-15,航運類指數,184.63
2026-01-15,觀光餐旅類指數,106.63
2026-01-15,金融保險類指數,2411.5
2026-01-15,貿易百貨類指數,237.44
2026-01-15,油電燃氣類指數,70.38
2026-01-15,綠能環保類指數,117.17
2026-01-15,數位雲端類指數,41.94
2026-01-15,運動休閒類指數,73.2
2026-01-15,居家生活類指數,113.97
2026-01-15,其他類指數,274.87
2026-01-14,發行量加權股價指數,30941.78
2026-01-14,水泥窯製類指數,557.86
2026-01-14,塑膠化工類指數,671.5
2026-01-14,機電類指數,10420.42
2026-01-14,水泥類指數,127.73
2026-01-14,食品類指數,1993.88
2026-01-14,塑膠類指數,150.73
2026-01-14,紡織纖維類指數,523.32
2026-01-14,電機機械類指數,464.26
2026-01-14,電器電纜類指數,118.07
2026-01-14,化學生技醫療類指數,140.32
2026-01-14,化學類指數,167.52
2026-01-14,生技醫療類指數,78.6
2026-01-14,玻璃陶瓷類指數,84.63
2026-01-14,造紙類指數,253.56
2026-01-14,鋼鐵類指數,119.26
2026-01-14,橡膠類指數,189.63
2026-01-14,汽車類指數,321.97
2026-01-14,電子工業類指數,1881.7
2026-01-14,半導體類指數,1012.75
2026-01-14,電腦及週邊設備類指數,305.74
2026-01-14,光電類指數,41.24
2026-01-14,通信網路類指數,188.2
2026-01-14,電子零組件類指數,436.28
2026-01-14,電子通路類指數,263.43
2026-01-14,資訊服務類指數,209.12
2026-01-14,其他電子類指數,230.59
2026-01-14,建材營造類指數,490.96
2026-01-14,航運類指數,183.79
2026-01-14,觀光餐旅類指數,106.34
2026-01-14,金融保險類指數,2390.33
2026-01-14,貿易百貨類指數,236.19
2026-01-14,油電燃氣類指數,67.83
2026-01-14,綠能環保類指數,120.73
2026-01-14,數位雲端類指數,42.26
2026-01-14,運動休閒類指數,73.66
2026-01-14,居家生活類指數,109.19
2026-01-14,其他類指數,275.41
2026-01-13,發行量加權股價指數,30707.22
2026-01-13,水泥窯製類指數,558.91
2026-01-13,塑膠化工類指數,659.7
2026-01-13,機電類指數,10333.16
2026-01-13,水泥類指數,128.67
2026-01-13,食品類指數,1999.01
2026-01-13,塑膠類指數,147.82
2026-01-13,紡織纖維類指數,513.27
2026-01-13,電機機械類指數,441.56
2026-01-13,電器電纜類指數,118.33
2026-01-13,化學生技醫療類指數,137.91
2026-01-13,化學類指數,165.78
2026-01-13,生技醫療類指數,77.0
2026-01-13,玻璃陶瓷類指數,83.31
2026-01-13,造紙類指數,250.6
2026-01-13,鋼鐵類指數,118.71
2026-01-13,橡膠類指數,187.4
2026-01-13,汽車類指數,315.02
2026-01-13,電子工業類指數,1867.36
2026-01-13,半導體類指數,1011.77
2026-01-13,電腦及週邊設備類指數,298.15
2026-01-13,光電類指數,40.52
2026-01-13,通信網路類指數,186.11
2026-01-13,電子零組件類指數,426.6
2026-01-13,電子通路類指數,257.74
2026-01-13,資訊服務類指數,206.2
2026-01-13,其他電子類指數,223.37
2026-01-13,建材營造類指數,488.89
2026-01-13,航運類指數,182.64
2026-01-13,觀光餐旅類指數,105.63
2026-01-13,金融保險類指數,2400.71
2026-01-13,貿易百貨類指數,235.59
2026-01-13,油電燃氣類指數,67.05
2026-01-13,綠能環保類指數,116.96
2026-01-13,數位雲端類指數,42.14
2026-01-13,運動休閒類指數,72.06
2026-01-13,居家生活類指數,107.87
2026-01-13,其他類指數,273.02
2026-01-12,發行量加權股價指數,30567.29
2026-01-12,水泥窯製類指數,560.97
2026-01-12,塑膠化工類指數,666.73
2026-01-12,機電類指數,10268.22
2026-01-12,水泥類指數,128.44
2026-01-12,食品類指數,1982.72
2026-01-12,塑膠類指數,152.84
2026-01-12,紡織纖維類指數,517.45
2026-01-12,電機機械類指數,436.54
2026-01-12,電器電纜類指數,115.2
2026-01-12,化學生技醫療類指數,137.14
2026-01-12,化學類指數,163.32
2026-01-12,生技醫療類指數,76.91
2026-01-12,玻璃陶瓷類指數,85.11
2026-01-12,造紙類指數,248.78
2026-01-12,鋼鐵類指數,118.82
2026-01-12,橡膠類指數,188.06
2026-01-12,汽車類指數,314.63
2026-01-12,電子工業類指數,1855.95
2026-01-12,半導體類指數,1000.58
2026-01-12,電腦及週邊設備類指數,302.89
2026-01-12,光電類指數,40.78
2026-01-12,通信網路類指數,187.88
2026-01-12,電子零組件類指數,428.86
2026-01-12,電子通路類指數,253.5
2026-01-12,資訊服務類指數,207.27
2026-01-12,其他電子類指數,222.42
2026-01-12,建材營造類指數,489.82
2026-01-12,航運類指數,184.05
2026-01-12,觀光餐旅類指數,106.36
2026-01-12,金融保險類指數,2400.2
2026-01-12,貿易百貨類指數,235.87
2026-01-12,油電燃氣類指數,68.48
2026-01-12,綠能環保類指數,112.56
2026-01-12,數位雲端類指數,42.68
2026-01-12,運動休閒類指數,72.27
2026-01-12,居家生活類指數,107.94
2026-01-12,其他類指數,271.79
2026-01-09,發行量加權股價指數,30288.96
2026-01-09,水泥窯製類指數,548.57
2026-01-09,塑膠化工類指數,657.61
2026-01-09,機電類指數,10160.77
2026-01-09,水泥類指數,124.49
2026-01-09,食品類指數,1979.35
2026-01-09,塑膠類指數,148.58
2026-01-09,紡織纖維類指數,517.96
2026-01-09,電機機械類指數,429.62
2026-01-09,電器電纜類指數,111.01
2026-01-09,化學生技醫療類指數,136.67
2026-01-09,化學類指數,162.13
2026-01-09,生技醫療類指數,76.78
2026-01-09,玻璃陶瓷類指數,85.6
2026-01-09,造紙類指數,247.25
2026-01-09,鋼鐵類指數,116.34
2026-01-09,橡膠類指數,186.43
2026-01-09,汽車類指數,315.91
2026-01-09,電子工業類指數,1836.91
2026-01-09,半導體類指數,990.3
2026-01-09,電腦及週邊設備類指數,303.7
2026-01-09,光電類指數,40.04
2026-01-09,通信網路類指數,187.29
2026-01-09,電子零組件類指數,415.47
2026-01-09,電子通路類指數,253.85
2026-01-09,資訊服務類指數,206.39
2026-01-09,其他電子類指數,223.21
2026-01-09,建材營造類指數,491.56
2026-01-09,航運類指數,182.59
2026-01-09,觀光餐旅類指數,105.77
2026-01-09,金融保險類指數,2406.15
2026-01-09,貿易百貨類指數,234.46
2026-01-09,油電燃氣類指數,67.36
2026-01-09,綠能環保類指數,108.17
2026-01-09,數位雲端類指數,42.61
2026-01-09,運動休閒類指數,71.9
2026-01-09,居家生活類指數,104.64
2026-01-09,其他類指數,272.22
2026-01-08,發行量加權股價指數,30360.55
2026-01-08,水泥窯製類指數,546.39
2026-01-08,塑膠化工類指數,668.6
2026-01-08,機電類指數,10185.96
2026-01-08,水泥類指數,123.84
2026-01-08,食品類指數,1978.94
2026-01-08,塑膠類指數,155.43
2026-01-08,紡織纖維類指數,514.95
2026-01-08,電機機械類指數,419.26
2026-01-08,電器電纜類指數,112.31
2026-01-08,化學生技醫療類指數,136.16
2026-01-08,化學類指數,161.39
2026-01-08,生技醫療類指數,76.52
2026-01-08,玻璃陶瓷類指數,85.59
2026-01-08,造紙類指數,247.4
2026-01-08,鋼鐵類指數,116.94
2026-01-08,橡膠類指數,187.42
2026-01-08,汽車類指數,314.17
2026-01-08,電子工業類指數,1842.3
2026-01-08,半導體類指數,995.25
2026-01-08,電腦及週邊設備類指數,306.45
2026-01-08,光電類指數,40.25
2026-01-08,通信網路類指數,188.58
2026-01-08,電子零組件類指數,409.87
2026-01-08,電子通路類指數,252.82
2026-01-08,資訊服務類指數,205.81
2026-01-08,其他電子類指數,222.36
2026-01-08,建材營造類指數,486.95
2026-01-08,航運類指數,182.57
2026-01-08,觀光餐旅類指數,105.27
2026-01-08,金融保險類指數,2410.33
2026-01-08,貿易百貨類指數,233.0
2026-01-08,油電燃氣類指數,67.38
2026-01-08,綠能環保類指數,106.0
2026-01-08,數位雲端類指數,42.62
2026-01-08,運動休閒類指數,71.94
2026-01-08,居家生活類指數,104.97
2026-01-08,其他類指數,272.65
2026-01-07,發行量加權股價指數,30435.47
2026-01-07,水泥窯製類指數,547.58
2026-01-07,塑膠化工類指數,660.66
2026-01-07,機電類指數,10227.28
2026-01-07,水泥類指數,124.06
2026-01-07,食品類指數,1974.35
2026-01-07,塑膠類指數,151.99
2026-01-07,紡織纖維類指數,506.55
2026-01-07,電機機械類指數,421.79
2026-01-07,電器電纜類指數,115.78
2026-01-07,化學生技醫療類指數,135.51
2026-01-07,化學類指數,165.47
2026-01-07,生技醫療類指數,75.1
2026-01-07,玻璃陶瓷類指數,85.88
2026-01-07,造紙類指數,246.92
2026-01-07,鋼鐵類指數,119.17
2026-01-07,橡膠類指數,186.5
2026-01-07,汽車類指數,316.45
2026-01-07,電子工業類指數,1849.52
2026-01-07,半導體類指數,993.38
2026-01-07,電腦及週邊設備類指數,312.38
2026-01-07,光電類指數,41.41
2026-01-07,通信網路類指數,186.35
2026-01-07,電子零組件類指數,418.32
2026-01-07,電子通路類指數,253.76
2026-01-07,資訊服務類指數,204.94
2026-01-07,其他電子類指數,228.58
2026-01-07,建材營造類指數,484.21
2026-01-07,航運類指數,183.49
2026-01-07,觀光餐旅類指數,104.85
2026-01-07,金融保險類指數,2398.57
2026-01-07,貿易百貨類指數,234.9
2026-01-07,油電燃氣類指數,67.47
2026-01-07,綠能環保類指數,105.15
2026-01-07,數位雲端類指數,43.22
2026-01-07,運動休閒類指數,71.11
2026-01-07,居家生活類指數,103.78
2026-01-07,其他類指數,270.91
2026-01-06,發行量加權股價指數,30576.3
2026-01-06,水泥窯製類指數,538.53
2026-01-06,塑膠化工類指數,640.2
2026-01-06,機電類指數,10305.65
2026-01-06,水泥類指數,122.66
2026-01-06,食品類指數,1984.03
2026-01-06,塑膠類指數,141.85
2026-01-06,紡織纖維類指數,499.86
2026-01-06,電機機械類指數,421.3
2026-01-06,電器電纜類指數,109.06
2026-01-06,化學生技醫療類指數,134.81
2026-01-06,化學類指數,161.12
2026-01-06,生技醫療類指數,75.47
2026-01-06,玻璃陶瓷類指數,83.06
2026-01-06,造紙類指數,244.52
2026-01-06,鋼鐵類指數,114.38
2026-01-06,橡膠類指數,183.23
2026-01-06,汽車類指數,316.51
2026-01-06,電子工業類指數,1864.47
2026-01-06,半導體類指數,1003.55
2026-01-06,電腦及週邊設備類指數,312.38
2026-01-06,光電類指數,40.81
2026-01-06,通信網路類指數,187.26
2026-01-06,電子零組件類指數,424.97
2026-01-06,電子通路類指數,250.0
2026-01-06,資訊服務類指數,204.54
2026-01-06,其他電子類指數,227.28
2026-01-06,建材營造類指數,482.26
2026-01-06,航運類指數,179.61
2026-01-06,觀光餐旅類指數,104.67
2026-01-06,金融保險類指數,2411.91
2026-01-06,貿易百貨類指數,233.75
2026-01-06,油電燃氣類指數,66.52
2026-01-06,綠能環保類指數,103.62
2026-01-06,數位雲端類指數,42.81
2026-01-06,運動休閒類指數,70.29
2026-01-06,居家生活類指數,103.56
2026-01-06,其他類指數,270.49
2026-01-05,發行量加權股價指數,30105.04
2026-01-05,水泥窯製類指數,540.88
2026-01-05,塑膠化工類指數,629.91
2026-01-05,機電類指數,10111.03
2026-01-05,水泥類指數,123.78
2026-01-05,食品類指數,1994.43
2026-01-05,塑膠類指數,137.24
2026-01-05,紡織纖維類指數,496.03
2026-01-05,電機機械類指數,418.67
2026-01-05,電器電纜類指數,104.58
2026-01-05,化學生技醫療類指數,133.99
2026-01-05,化學類指數,157.3
2026-01-05,生技醫療類指數,75.63
2026-01-05,玻璃陶瓷類指數,82.2
2026-01-05,造紙類指數,244.61
2026-01-05,鋼鐵類指數,114.6
2026-01-05,橡膠類指數,182.8
2026-01-05,汽車類指數,318.49
2026-01-05,電子工業類指數,1828.99
2026-01-05,半導體類指數,983.12
2026-01-05,電腦及週邊設備類指數,311.34
2026-01-05,光電類指數,39.38
2026-01-05,通信網路類指數,185.72
2026-01-05,電子零組件類指數,413.02
2026-01-05,電子通路類指數,243.29
2026-01-05,資訊服務類指數,204.55
2026-01-05,其他電子類指數,224.91
2026-01-05,建材營造類指數,483.01
2026-01-05,航運類指數,179.32
2026-01-05,觀光餐旅類指數,104.95
2026-01-05,金融保險類指數,2412.24
2026-01-05,貿易百貨類指數,234.48
2026-01-05,油電燃氣類指數,66.79
2026-01-05,綠能環保類指數,102.83
2026-01-05,數位雲端類指數,42.5
2026-01-05,運動休閒類指數,70.34
2026-01-05,居家生活類指數,102.38
2026-01-05,其他類指數,267.88
2026-01-02,發行量加權股價指數,29349.81
2026-01-02,水泥窯製類指數,543.31
2026-01-02,塑膠化工類指數,636.38
2026-01-02,機電類指數,9784.26
2026-01-02,水泥類指數,123.47
2026-01-02,食品類指數,2008.04
2026-01-02,塑膠類指數,139.77
2026-01-02,紡織纖維類指數,498.72
2026-01-02,電機機械類指數,420.43
2026-01-02,電器電纜類指數,103.87
2026-01-02,化學生技醫療類指數,134.56
2026-01-02,化學類指數,154.19
2026-01-02,生技醫療類指數,76.78
2026-01-02,玻璃陶瓷類指數,84.41
2026-01-02,造紙類指數,246.55
2026-01-02,鋼鐵類指數,115.14
2026-01-02,橡膠類指數,184.96
2026-01-02,汽車類指數,320.15
2026-01-02,電子工業類指數,1768.5
2026-01-02,半導體類指數,938.8
2026-01-02,電腦及週邊設備類指數,311.52
2026-01-02,光電類指數,39.03
2026-01-02,通信網路類指數,184.06
2026-01-02,電子零組件類指數,411.83
2026-01-02,電子通路類指數,242.6
2026-01-02,資訊服務類指數,207.76
2026-01-02,其他電子類指數,222.04
2026-01-02,建材營造類指數,485.0
2026-01-02,航運類指數,181.27
2026-01-02,觀光餐旅類指數,105.75
2026-01-02,金融保險類指數,2399.86
2026-01-02,貿易百貨類指數,235.9
2026-01-02,油電燃氣類指數,66.18
2026-01-02,綠能環保類指數,103.66
2026-01-02,數位雲端類指數,43.13
2026-01-02,運動休閒類指數,71.91
2026-01-02,居家生活類指數,103.15
2026-01-02,其他類指數,270.63
2025-12-31,發行量加權股價指數,28963.6
2025-12-31,水泥窯製類指數,542.62
2025-12-31,塑膠化工類指數,643.29
2025-12-31,機電類指數,9615.68
2025-12-31,水泥類指數,123.5
2025-12-31,食品類指數,2004.82
2025-12-31,塑膠類指數,145.0
2025-12-31,紡織纖維類指數,501.63
2025-12-31,電機機械類指數,421.01
2025-12-31,電器電纜類指數,101.89
2025-12-31,化學生技醫療類指數,133.59
2025-12-31,化學類指數,152.4
2025-12-31,生技醫療類指數,76.38
2025-12-31,玻璃陶瓷類指數,83.89
2025-12-31,造紙類指數,247.78
2025-12-31,鋼鐵類指數,115.34
2025-12-31,橡膠類指數,185.58
2025-12-31,汽車類指數,321.35
2025-12-31,電子工業類指數,1737.42
2025-12-31,半導體類指數,917.32
2025-12-31,電腦及週邊設備類指數,309.33
2025-12-31,光電類指數,38.21
2025-12-31,通信網路類指數,184.61
2025-12-31,電子零組件類指數,410.67
2025-12-31,電子通路類指數,238.37
2025-12-31,資訊服務類指數,206.73
2025-12-31,其他電子類指數,220.21
2025-12-31,建材營造類指數,489.47
2025-12-31,航運類指數,180.25
2025-12-31,觀光餐旅類指數,105.59
2025-12-31,金融保險類指數,2394.25
2025-12-31,貿易百貨類指數,236.59
2025-12-31,油電燃氣類指數,67.6
2025-12-31,綠能環保類指數,102.63
2025-12-31,數位雲端類指數,43.58
2025-12-31,運動休閒類指數,73.02
2025-12-31,居家生活類指數,102.0
2025-12-31,其他類指數,272.29
2025-12-30,發行量加權股價指數,28707.13
2025-12-30,水泥窯製類指數,547.59
2025-12-30,塑膠化工類指數,640.56
2025-12-30,機電類指數,9493.59
2025-12-30,水泥類指數,124.42
2025-12-30,食品類指數,2016.14
2025-12-30,塑膠類指數,143.34
2025-12-30,紡織纖維類指數,504.83
2025-12-30,電機機械類指數,423.86
2025-12-30,電器電纜類指數,101.88
2025-12-30,化學生技醫療類指數,133.58
2025-12-30,化學類指數,152.72
2025-12-30,生技醫療類指數,76.3
2025-12-30,玻璃陶瓷類指數,85.11
2025-12-30,造紙類指數,249.37
2025-12-30,鋼鐵類指數,116.05
2025-12-30,橡膠類指數,186.31
2025-12-30,汽車類指數,322.89
2025-12-30,電子工業類指數,1714.62
2025-12-30,半導體類指數,901.81
2025-12-30,電腦及週邊設備類指數,305.31
2025-12-30,光電類指數,37.84
2025-12-30,通信網路類指數,185.92
2025-12-30,電子零組件類指數,410.37
2025-12-30,電子通路類指數,238.52
2025-12-30,資訊服務類指數,207.88
2025-12-30,其他電子類指數,218.3
2025-12-30,建材營造類指數,492.15
2025-12-30,航運類指數,181.24
2025-12-30,觀光餐旅類指數,105.88
2025-12-30,金融保險類指數,2408.98
2025-12-30,貿易百貨類指數,238.12
2025-12-30,油電燃氣類指數,69.04
2025-12-30,綠能環保類指數,102.19
2025-12-30,數位雲端類指數,43.69
2025-12-30,運動休閒類指數,73.0
2025-12-30,居家生活類指數,101.96
2025-12-30,其他類指數,274.37
2025-12-29,發行量加權股價指數,28810.89
2025-12-29,水泥窯製類指數,547.71
2025-12-29,塑膠化工類指數,645.76
2025-12-29,機電類指數,9525.61
2025-12-29,水泥類指數,123.33
2025-12-29,食品類指數,2046.72
2025-12-29,塑膠類指數,143.79
2025-12-29,紡織纖維類指數,504.05
2025-12-29,電機機械類指數,425.42
2025-12-29,電器電纜類指數,103.59
2025-12-29,化學生技醫療類指數,135.34
2025-12-29,化學類指數,153.61
2025-12-29,生技醫療類指數,77.55
2025-12-29,玻璃陶瓷類指數,87.52
2025-12-29,造紙類指數,248.29
2025-12-29,鋼鐵類指數,116.26
2025-12-29,橡膠類指數,186.18
2025-12-29,汽車類指數,324.88
2025-12-29,電子工業類指數,1720.31
2025-12-29,半導體類指數,905.41
2025-12-29,電腦及週邊設備類指數,305.02
2025-12-29,光電類指數,37.6
2025-12-29,通信網路類指數,186.78
2025-12-29,電子零組件類指數,410.42
2025-12-29,電子通路類指數,237.29
2025-12-29,資訊服務類指數,209.62
2025-12-29,其他電子類指數,220.2
2025-12-29,建材營造類指數,494.25
2025-12-29,航運類指數,182.54
2025-12-29,觀光餐旅類指數,106.25
2025-12-29,金融保險類指數,2417.84
2025-12-29,貿易百貨類指數,239.57
2025-12-29,油電燃氣類指數,69.05
2025-12-29,綠能環保類指數,101.95
2025-12-29,數位雲端類指數,43.51
2025-12-29,運動休閒類指數,72.36
2025-12-29,居家生活類指數,102.83
2025-12-29,其他類指數,276.35
2025-12-26,發行量加權股價指數,28556.02
2025-12-26,水泥窯製類指數,539.1
2025-12-26,塑膠化工類指數,644.96
2025-12-26,機電類指數,9424.78
2025-12-26,水泥類指數,121.88
2025-12-26,食品類指數,2053.76
2025-12-26,塑膠類指數,142.64
2025-12-26,紡織纖維類指數,503.29
2025-12-26,電機機械類指數,424.87
2025-12-26,電器電纜類指數,105.53
2025-12-26,化學生技醫療類指數,135.84
2025-12-26,化學類指數,153.26
2025-12-26,生技醫療類指數,78.03
2025-12-26,玻璃陶瓷類指數,85.1
2025-12-26,造紙類指數,246.73
2025-12-26,鋼鐵類指數,114.84
2025-12-26,橡膠類指數,186.0
2025-12-26,汽車類指數,324.55
2025-12-26,電子工業類指數,1701.59
2025-12-26,半導體類指數,893.24
2025-12-26,電腦及週邊設備類指數,303.55
2025-12-26,光電類指數,36.56
2025-12-26,通信網路類指數,187.14
2025-12-26,電子零組件類指數,409.38
2025-12-26,電子通路類指數,239.07
2025-12-26,資訊服務類指數,208.34
2025-12-26,其他電子類指數,217.89
2025-12-26,建材營造類指數,498.5
2025-12-26,航運類指數,181.65
2025-12-26,觀光餐旅類指數,105.79
2025-12-26,金融保險類指數,2409.01
2025-12-26,貿易百貨類指數,238.38
2025-12-26,油電燃氣類指數,68.67
2025-12-26,綠能環保類指數,100.77
2025-12-26,數位雲端類指數,43.07
2025-12-26,運動休閒類指數,72.15
2025-12-26,居家生活類指數,103.11
2025-12-26,其他類指數,278.36
2025-12-24,發行量加權股價指數,28371.98
2025-12-24,水泥窯製類指數,535.62
2025-12-24,塑膠化工類指數,646.04
2025-12-24,機電類指數,9345.71
2025-12-24,水泥類指數,121.04
2025-12-24,食品類指數,2023.03
2025-12-24,塑膠類指數,143.59
2025-12-24,紡織纖維類指數,505.56
2025-12-24,電機機械類指數,423.16
2025-12-24,電器電纜類指數,101.22
2025-12-24,化學生技醫療類指數,135.58
2025-12-24,化學類指數,153.36
2025-12-24,生技醫療類指數,77.8
2025-12-24,玻璃陶瓷類指數,84.67
2025-12-24,造紙類指數,246.42
2025-12-24,鋼鐵類指數,113.47
2025-12-24,橡膠類指數,186.23
2025-12-24,汽車類指數,322.97
2025-12-24,電子工業類指數,1687.39
2025-12-24,半導體類指數,884.38
2025-12-24,電腦及週邊設備類指數,303.03
2025-12-24,光電類指數,35.98
2025-12-24,通信網路類指數,184.74
2025-12-24,電子零組件類指數,408.4
2025-12-24,電子通路類指數,241.62
2025-12-24,資訊服務類指數,211.24
2025-12-24,其他電子類指數,216.26
2025-12-24,建材營造類指數,497.76
2025-12-24,航運類指數,180.08
2025-12-24,觀光餐旅類指數,105.73
2025-12-24,金融保險類指數,2420.61
2025-12-24,貿易百貨類指數,237.5
2025-12-24,油電燃氣類指數,68.63
2025-12-24,綠能環保類指數,98.17
2025-12-24,數位雲端類指數,43.62
2025-12-24,運動休閒類指數,72.31
2025-12-24,居家生活類指數,105.3
2025-12-24,其他類指數,279.26
2025-12-23,發行量加權股價指數,28310.47
2025-12-23,水泥窯製類指數,537.71
2025-12-23,塑膠化工類指數,654.31
2025-12-23,機電類指數,9309.22
2025-12-23,水泥類指數,121.05
2025-12-23,食品類指數,2012.27
2025-12-23,塑膠類指數,145.58
2025-12-23,紡織纖維類指數,511.21
2025-12-23,電機機械類指數,423.0
2025-12-23,電器電纜類指數,99.46
2025-12-23,化學生技醫療類指數,137.36
2025-12-23,化學類指數,154.36
2025-12-23,生技醫療類指數,79.04
2025-12-23,玻璃陶瓷類指數,85.98
2025-12-23,造紙類指數,247.47
2025-12-23,鋼鐵類指數,113.76
2025-12-23,橡膠類指數,187.31
2025-12-23,汽車類指數,323.15
2025-12-23,電子工業類指數,1680.77
2025-12-23,半導體類指數,881.17
2025-12-23,電腦及週邊設備類指數,303.22
2025-12-23,光電類指數,35.9
2025-12-23,通信網路類指數,183.71
2025-12-23,電子零組件類指數,404.12
2025-12-23,電子通路類指數,243.69
2025-12-23,資訊服務類指數,211.66
2025-12-23,其他電子類指數,215.51
2025-12-23,建材營造類指數,492.16
2025-12-23,航運類指數,178.84
2025-12-23,觀光餐旅類指數,106.37
2025-12-23,金融保險類指數,2433.16
2025-12-23,貿易百貨類指數,238.27
2025-12-23,油電燃氣類指數,69.42
2025-12-23,綠能環保類指數,98.52
2025-12-23,數位雲端類指數,43.86
2025-12-23,運動休閒類指數,73.02
2025-12-23,居家生活類指數,105.43
2025-12-23,其他類指數,278.63
2025-12-22,發行量加權股價指數,28149.64
2025-12-22,水泥窯製類指數,538.41
2025-12-22,塑膠化工類指數,658.76
2025-12-22,機電類指數,9236.59
2025-12-22,水泥類指數,121.0
2025-12-22,食品類指數,2018.43
2025-12-22,塑膠類指數,147.03
2025-12-22,紡織纖維類指數,511.9
2025-12-22,電機機械類指數,424.66
2025-12-22,電器電纜類指數,99.34
2025-12-22,化學生技醫療類指數,138.02
2025-12-22,化學類指數,154.13
2025-12-22,生技醫療類指數,79.63
2025-12-22,玻璃陶瓷類指數,86.51
2025-12-22,造紙類指數,248.41
2025-12-22,鋼鐵類指數,114.7
2025-12-22,橡膠類指數,188.09
2025-12-22,汽車類指數,325.12
2025-12-22,電子工業類指數,1667.21
2025-12-22,半導體類指數,869.81
2025-12-22,電腦及週邊設備類指數,304.81
2025-12-22,光電類指數,35.63
2025-12-22,通信網路類指數,183.21
2025-12-22,電子零組件類指數,406.07
2025-12-22,電子通路類指數,246.85
2025-12-22,資訊服務類指數,213.32
2025-12-22,其他電子類指數,215.2
2025-12-22,建材營造類指數,486.55
2025-12-22,航運類指數,178.37
2025-12-22,觀光餐旅類指數,106.57
2025-12-22,金融保險類指數,2436.82
2025-12-22,貿易百貨類指數,238.56
2025-12-22,油電燃氣類指數,68.53
2025-12-22,綠能環保類指數,98.07
2025-12-22,數位雲端類指數,44.0
2025-12-22,運動休閒類指數,74.11
2025-12-22,居家生活類指數,106.02
2025-12-22,其他類指數,277.86
2025-12-19,發行量加權股價指數,27696.35
2025-12-19,水泥窯製類指數,529.09
2025-12-19,塑膠化工類指數,655.42
2025-12-19,機電類指數,9053.19
2025-12-19,水泥類指數,120.33
2025-12-19,食品類指數,2031.14
2025-12-19,塑膠類指數,145.91
2025-12-19,紡織纖維類指數,511.35
2025-12-19,電機機械類指數,415.27
2025-12-19,電器電纜類指數,97.89
2025-12-19,化學生技醫療類指數,137.43
2025-12-19,化學類指數,153.01
2025-12-19,生技醫療類指數,79.39
2025-12-19,玻璃陶瓷類指數,82.0
2025-12-19,造紙類指數,250.07
2025-12-19,鋼鐵類指數,114.75
2025-12-19,橡膠類指數,188.55
2025-12-19,汽車類指數,327.1
2025-12-19,電子工業類指數,1634.15
2025-12-19,半導體類指數,851.01
2025-12-19,電腦及週邊設備類指數,301.79
2025-12-19,光電類指數,34.58
2025-12-19,通信網路類指數,182.71
2025-12-19,電子零組件類指數,393.41
2025-12-19,電子通路類指數,246.63
2025-12-19,資訊服務類指數,208.46
2025-12-19,其他電子類指數,213.56
2025-12-19,建材營造類指數,487.61
2025-12-19,航運類指數,177.54
2025-12-19,觀光餐旅類指數,106.11
2025-12-19,金融保險類指數,2421.68
2025-12-19,貿易百貨類指數,239.72
2025-12-19,油電燃氣類指數,68.61
2025-12-19,綠能環保類指數,97.79
2025-12-19,數位雲端類指數,43.63
2025-12-19,運動休閒類指數,74.0
2025-12-19,居家生活類指數,106.89
2025-12-19,其他類指數,278.19
2025-12-18,發行量加權股價指數,27468.53
2025-12-18,水泥窯製類指數,524.69
2025-12-18,塑膠化工類指數,642.05
2025-12-18,機電類指數,8987.2
2025-12-18,水泥類指數,119.81
2025-12-18,食品類指數,2028.26
2025-12-18,塑膠類指數,142.24
2025-12-18,紡織纖維類指數,506.11
2025-12-18,電機機械類指數,407.88
2025-12-18,電器電纜類指數,97.05
2025-12-18,化學生技醫療類指數,134.77
2025-12-18,化學類指數,149.52
2025-12-18,生技醫療類指數,77.97
2025-12-18,玻璃陶瓷類指數,80.29
2025-12-18,造紙類指數,249.95
2025-12-18,鋼鐵類指數,112.91
2025-12-18,橡膠類指數,187.82
2025-12-18,汽車類指數,326.6
2025-12-18,電子工業類指數,1622.6
2025-12-18,半導體類指數,850.06
2025-12-18,電腦及週邊設備類指數,294.55
2025-12-18,光電類指數,34.04
2025-12-18,通信網路類指數,181.46
2025-12-18,電子零組件類指數,385.27
2025-12-18,電子通路類指數,244.13
2025-12-18,資訊服務類指數,205.17
2025-12-18,其他電子類指數,208.85
2025-12-18,建材營造類指數,481.72
2025-12-18,航運類指數,174.53
2025-12-18,觀光餐旅類指數,105.4
2025-12-18,金融保險類指數,2399.33
2025-12-18,貿易百貨類指數,237.39
2025-12-18,油電燃氣類指數,67.7
2025-12-18,綠能環保類指數,96.67
2025-12-18,數位雲端類指數,43.12
2025-12-18,運動休閒類指數,73.52
2025-12-18,居家生活類指數,104.85
2025-12-18,其他類指數,274.56
2025-12-17,發行量加權股價指數,27525.17
2025-12-17,水泥窯製類指數,529.94
2025-12-17,塑膠化工類指數,645.03
2025-12-17,機電類指數,9011.81
2025-12-17,水泥類指數,120.31
2025-12-17,食品類指數,1994.64
2025-12-17,塑膠類指數,142.7
2025-12-17,紡織纖維類指數,508.63
2025-12-17,電機機械類指數,412.12
2025-12-17,電器電纜類指數,97.96
2025-12-17,化學生技醫療類指數,135.57
2025-12-17,化學類指數,149.1
2025-12-17,生技醫療類指數,78.72
2025-12-17,玻璃陶瓷類指數,82.57
2025-12-17,造紙類指數,250.71
2025-12-17,鋼鐵類指數,113.59
2025-12-17,橡膠類指數,188.36
2025-12-17,汽車類指數,323.4
2025-12-17,電子工業類指數,1626.75
2025-12-17,半導體類指數,850.93
2025-12-17,電腦及週邊設備類指數,296.18
2025-12-17,光電類指數,34.45
2025-12-17,通信網路類指數,182.32
2025-12-17,電子零組件類指數,388.0
2025-12-17,電子通路類指數,244.78
2025-12-17,資訊服務類指數,205.54
2025-12-17,其他電子類指數,209.68
2025-12-17,建材營造類指數,475.93
2025-12-17,航運類指數,176.11
2025-12-17,觀光餐旅類指數,105.34
2025-12-17,金融保險類指數,2396.52
2025-12-17,貿易百貨類指數,237.9
2025-12-17,油電燃氣類指數,68.12
2025-12-17,綠能環保類指數,97.97
2025-12-17,數位雲端類指數,43.24
2025-12-17,運動休閒類指數,73.59
2025-12-17,居家生活類指數,103.81
2025-12-17,其他類指數,272.1
2025-12-16,發行量加權股價指數,27536.66
2025-12-16,水泥窯製類指數,533.03
2025-12-16,塑膠化工類指數,651.4
2025-12-16,機電類指數,9036.56
2025-12-16,水泥類指數,120.61
2025-12-16,食品類指數,1971.03
2025-12-16,塑膠類指數,144.23
2025-12-16,紡織纖維類指數,507.35
2025-12-16,電機機械類指數,417.3
2025-12-16,電器電纜類指數,97.56
2025-12-16,化學生技醫療類指數,136.75
2025-12-16,化學類指數,148.07
2025-12-16,生技醫療類指數,79.92
2025-12-16,玻璃陶瓷類指數,83.91
2025-12-16,造紙類指數,253.59
2025-12-16,鋼鐵類指數,115.42
2025-12-16,橡膠類指數,190.87
2025-12-16,汽車類指數,324.44
2025-12-16,電子工業類指數,1630.94
2025-12-16,半導體類指數,851.84
2025-12-16,電腦及週邊設備類指數,298.37
2025-12-16,光電類指數,34.41
2025-12-16,通信網路類指數,182.76
2025-12-16,電子零組件類指數,390.89
2025-12-16,電子通路類指數,246.31
2025-12-16,資訊服務類指數,204.41
2025-12-16,其他電子類指數,210.78
2025-12-16,建材營造類指數,470.23
2025-12-16,航運類指數,175.64
2025-12-16,觀光餐旅類指數,105.39
2025-12-16,金融保險類指數,2344.86
2025-12-16,貿易百貨類指數,240.19
2025-12-16,油電燃氣類指數,69.34
2025-12-16,綠能環保類指數,97.4
2025-12-16,數位雲端類指數,43.34
2025-12-16,運動休閒類指數,74.11
2025-12-16,居家生活類指數,103.89
2025-12-16,其他類指數,273.69
2025-12-15,發行量加權股價指數,27866.94
2025-12-15,水泥窯製類指數,548.5
2025-12-15,塑膠化工類指數,663.2
2025-12-15,機電類指數,9163.68
2025-12-15,水泥類指數,123.98
2025-12-15,食品類指數,1982.18
2025-12-15,塑膠類指數,148.8
2025-12-15,紡織纖維類指數,510.66
2025-12-15,電機機械類指數,424.57
2025-12-15,電器電纜類指數,100.7
2025-12-15,化學生技醫療類指數,138.15
2025-12-15,化學類指數,150.17
2025-12-15,生技醫療類指數,80.61
2025-12-15,玻璃陶瓷類指數,86.63
2025-12-15,造紙類指數,256.56
2025-12-15,鋼鐵類指數,117.39
2025-12-15,橡膠類指數,191.79
2025-12-15,汽車類指數,326.98
2025-12-15,電子工業類指數,1653.66
2025-12-15,半導體類指數,861.37
2025-12-15,電腦及週邊設備類指數,304.24
2025-12-15,光電類指數,34.83
2025-12-15,通信網路類指數,185.04
2025-12-15,電子零組件類指數,402.21
2025-12-15,電子通路類指數,249.67
2025-12-15,資訊服務類指數,206.54
2025-12-15,其他電子類指數,213.6
2025-12-15,建材營造類指數,470.4
2025-12-15,航運類指數,176.53
2025-12-15,觀光餐旅類指數,105.61
2025-12-15,金融保險類指數,2339.09
2025-12-15,貿易百貨類指數,241.86
2025-12-15,油電燃氣類指數,70.54
2025-12-15,綠能環保類指數,96.35
2025-12-15,數位雲端類指數,43.88
2025-12-15,運動休閒類指數,74.91
2025-12-15,居家生活類指數,107.18
2025-12-15,其他類指數,273.84
2025-12-12,發行量加權股價指數,28198.02
2025-12-12,水泥窯製類指數,546.36
2025-12-12,塑膠化工類指數,660.68
2025-12-12,機電類指數,9312.8
2025-12-12,水泥類指數,121.94
2025-12-12,食品類指數,1981.87
2025-12-12,塑膠類指數,146.84
2025-12-12,紡織纖維類指數,511.5
2025-12-12,電機機械類指數,431.84
2025-12-12,電器電纜類指數,102.45
2025-12-12,化學生技醫療類指數,138.56
2025-12-12,化學類指數,149.49
2025-12-12,生技醫療類指數,81.09
2025-12-12,玻璃陶瓷類指數,89.61
2025-12-12,造紙類指數,256.02
2025-12-12,鋼鐵類指數,116.31
2025-12-12,橡膠類指數,191.37
2025-12-12,汽車類指數,326.41
2025-12-12,電子工業類指數,1680.53
2025-12-12,半導體類指數,877.52
2025-12-12,電腦及週邊設備類指數,308.22
2025-12-12,光電類指數,34.8
2025-12-12,通信網路類指數,182.59
2025-12-12,電子零組件類指數,408.03
2025-12-12,電子通路類指數,252.92
2025-12-12,資訊服務類指數,208.11
2025-12-12,其他電子類指數,218.1
2025-12-12,建材營造類指數,468.76
2025-12-12,航運類指數,174.89
2025-12-12,觀光餐旅類指數,105.57
2025-12-12,金融保險類指數,2335.22
2025-12-12,貿易百貨類指數,242.33
2025-12-12,油電燃氣類指數,68.9
2025-12-12,綠能環保類指數,94.96
2025-12-12,數位雲端類指數,44.49
2025-12-12,運動休閒類指數,75.78
2025-12-12,居家生活類指數,107.02
2025-12-12,其他類指數,273.19
2025-12-11,發行量加權股價指數,28024.75
2025-12-11,水泥窯製類指數,548.97
2025-12-11,塑膠化工類指數,659.98
2025-12-11,機電類指數,9257.93
2025-12-11,水泥類指數,122.63
2025-12-11,食品類指數,1977.56
2025-12-11,塑膠類指數,145.46
2025-12-11,紡織纖維類指數,508.56
2025-12-11,電機機械類指數,418.2
2025-12-11,電器電纜類指數,97.79
2025-12-11,化學生技醫療類指數,139.2
2025-12-11,化學類指數,149.73
2025-12-11,生技醫療類指數,81.57
2025-12-11,玻璃陶瓷類指數,89.8
2025-12-11,造紙類指數,254.02
2025-12-11,鋼鐵類指數,114.95
2025-12-11,橡膠類指數,191.74
2025-12-11,汽車類指數,324.29
2025-12-11,電子工業類指數,1671.78
2025-12-11,半導體類指數,871.12
2025-12-11,電腦及週邊設備類指數,310.45
2025-12-11,光電類指數,34.62
2025-12-11,通信網路類指數,181.27
2025-12-11,電子零組件類指數,408.58
2025-12-11,電子通路類指數,251.54
2025-12-11,資訊服務類指數,207.67
2025-12-11,其他電子類指數,216.4
2025-12-11,建材營造類指數,465.32
2025-12-11,航運類指數,175.03
2025-12-11,觀光餐旅類指數,104.74
2025-12-11,金融保險類指數,2307.38
2025-12-11,貿易百貨類指數,241.58
2025-12-11,油電燃氣類指數,68.72
2025-12-11,綠能環保類指數,94.4
2025-12-11,數位雲端類指數,44.22
2025-12-11,運動休閒類指數,75.21
2025-12-11,居家生活類指數,107.04
2025-12-11,其他類指數,271.56
2025-12-10,發行量加權股價指數,28400.73
2025-12-10,水泥窯製類指數,557.1
2025-12-10,塑膠化工類指數,661.94
2025-12-10,機電類指數,9419.55
2025-12-10,水泥類指數,124.21
2025-12-10,食品類指數,1979.23
2025-12-10,塑膠類指數,147.25
2025-12-10,紡織纖維類指數,511.88
2025-12-10,電機機械類指數,418.36
2025-12-10,電器電纜類指數,98.39
2025-12-10,化學生技醫療類指數,138.84
2025-12-10,化學類指數,148.25
2025-12-10,生技醫療類指數,81.59
2025-12-10,玻璃陶瓷類指數,91.64
2025-12-10,造紙類指數,253.87
2025-12-10,鋼鐵類指數,114.85
2025-12-10,橡膠類指數,190.74
2025-12-10,汽車類指數,325.83
2025-12-10,電子工業類指數,1701.6
2025-12-10,半導體類指數,890.68
2025-12-10,電腦及週邊設備類指數,313.03
2025-12-10,光電類指數,34.74
2025-12-10,通信網路類指數,178.83
2025-12-10,電子零組件類指數,412.83
2025-12-10,電子通路類指數,252.21
2025-12-10,資訊服務類指數,209.41
2025-12-10,其他電子類指數,220.64
2025-12-10,建材營造類指數,465.27
2025-12-10,航運類指數,173.75
2025-12-10,觀光餐旅類指數,105.02
2025-12-10,金融保險類指數,2294.73
2025-12-10,貿易百貨類指數,242.39
2025-12-10,油電燃氣類指數,70.13
2025-12-10,綠能環保類指數,95.49
2025-12-10,數位雲端類指數,44.02
2025-12-10,運動休閒類指數,76.26
2025-12-10,居家生活類指數,108.15
2025-12-10,其他類指數,271.26
2025-12-09,發行量加權股價指數,28182.6
2025-12-09,水泥窯製類指數,563.53
2025-12-09,塑膠化工類指數,668.76
2025-12-09,機電類指數,9312.59
2025-12-09,水泥類指數,124.45
2025-12-09,食品類指數,1982.52
2025-12-09,塑膠類指數,149.08
2025-12-09,紡織纖維類指數,514.8
2025-12-09,電機機械類指數,414.57
2025-12-09,電器電纜類指數,100.16
2025-12-09,化學生技醫療類指數,140.11
2025-12-09,化學類指數,149.12
2025-12-09,生技醫療類指數,82.44
2025-12-09,玻璃陶瓷類指數,95.21
2025-12-09,造紙類指數,255.34
2025-12-09,鋼鐵類指數,115.71
2025-12-09,橡膠類指數,192.17
2025-12-09,汽車類指數,325.68
2025-12-09,電子工業類指數,1682.02
2025-12-09,半導體類指數,877.37
2025-12-09,電腦及週邊設備類指數,314.51
2025-12-09,光電類指數,34.58
2025-12-09,通信網路類指數,175.45
2025-12-09,電子零組件類指數,408.6
2025-12-09,電子通路類指數,255.65
2025-12-09,資訊服務類指數,209.96
2025-12-09,其他電子類指數,220.65
2025-12-09,建材營造類指數,464.75
2025-12-09,航運類指數,173.69
2025-12-09,觀光餐旅類指數,105.19
2025-12-09,金融保險類指數,2307.44
2025-12-09,貿易百貨類指數,243.44
2025-12-09,油電燃氣類指數,71.78
2025-12-09,綠能環保類指數,94.99
2025-12-09,數位雲端類指數,43.83
2025-12-09,運動休閒類指數,76.35
2025-12-09,居家生活類指數,108.41
2025-12-09,其他類指數,272.45
2025-12-08,發行量加權股價指數,28303.78
2025-12-08,水泥窯製類指數,555.44
2025-12-08,塑膠化工類指數,673.09
2025-12-08,機電類指數,9361.02
2025-12-08,水泥類指數,123.71
2025-12-08,食品類指數,1992.74
2025-12-08,塑膠類指數,152.48
2025-12-08,紡織纖維類指數,521.97
2025-12-08,電機機械類指數,412.88
2025-12-08,電器電纜類指數,100.72
2025-12-08,化學生技醫療類指數,139.49
2025-12-08,化學類指數,149.71
2025-12-08,生技醫療類指數,81.81
2025-12-08,玻璃陶瓷類指數,91.64
2025-12-08,造紙類指數,257.8
2025-12-08,鋼鐵類指數,116.87
2025-12-08,橡膠類指數,191.8
2025-12-08,汽車類指數,328.21
2025-12-08,電子工業類指數,1691.07
2025-12-08,半導體類指數,884.38
2025-12-08,電腦及週邊設備類指數,316.96
2025-12-08,光電類指數,34.9
2025-12-08,通信網路類指數,174.71
2025-12-08,電子零組件類指數,408.25
2025-12-08,電子通路類指數,255.48
2025-12-08,資訊服務類指數,211.07
2025-12-08,其他電子類指數,218.95
2025-12-08,建材營造類指數,466.37
2025-12-08,航運類指數,174.58
2025-12-08,觀光餐旅類指數,105.59
2025-12-08,金融保險類指數,2295.2
2025-12-08,貿易百貨類指數,246.03
2025-12-08,油電燃氣類指數,72.22
2025-12-08,綠能環保類指數,95.59
2025-12-08,數位雲端類指數,44.2
2025-12-08,運動休閒類指數,77.04
2025-12-08,居家生活類指數,108.07
2025-12-08,其他類指數,274.03
2025-12-05,發行量加權股價指數,27980.89
2025-12-05,水泥窯製類指數,550.28
2025-12-05,塑膠化工類指數,676.36
2025-12-05,機電類指數,9219.31
2025-12-05,水泥類指數,123.9
2025-12-05,食品類指數,2011.25
2025-12-05,塑膠類指數,153.24
2025-12-05,紡織纖維類指數,526.43
2025-12-05,電機機械類指數,413.74
2025-12-05,電器電纜類指數,99.61
2025-12-05,化學生技醫療類指數,140.29
2025-12-05,化學類指數,149.32
2025-12-05,生技醫療類指數,82.55
2025-12-05,玻璃陶瓷類指數,87.93
2025-12-05,造紙類指數,259.22
2025-12-05,鋼鐵類指數,117.71
2025-12-05,橡膠類指數,191.5
2025-12-05,汽車類指數,328.37
2025-12-05,電子工業類指數,1664.87
2025-12-05,半導體類指數,864.4
2025-12-05,電腦及週邊設備類指數,317.73
2025-12-05,光電類指數,35.0
2025-12-05,通信網路類指數,175.17
2025-12-05,電子零組件類指數,407.94
2025-12-05,電子通路類指數,252.49
2025-12-05,資訊服務類指數,210.67
2025-12-05,其他電子類指數,217.9
2025-12-05,建材營造類指數,468.42
2025-12-05,航運類指數,176.32
2025-12-05,觀光餐旅類指數,105.65
2025-12-05,金融保險類指數,2288.69
2025-12-05,貿易百貨類指數,249.8
2025-12-05,油電燃氣類指數,72.17
2025-12-05,綠能環保類指數,95.01
2025-12-05,數位雲端類指數,44.08
2025-12-05,運動休閒類指數,77.22
2025-12-05,居家生活類指數,108.25
2025-12-05,其他類指數,275.11
2025-12-04,發行量加權股價指數,27795.71
2025-12-04,水泥窯製類指數,549.15
2025-12-04,塑膠化工類指數,684.92
2025-12-04,機電類指數,9130.95
2025-12-04,水泥類指數,125.33
2025-12-04,食品類指數,1999.1
2025-12-04,塑膠類指數,154.68
2025-12-04,紡織纖維類指數,531.23
2025-12-04,電機機械類指數,411.13
2025-12-04,電器電纜類指數,100.63
2025-12-04,化學生技醫療類指數,142.54
2025-12-04,化學類指數,150.06
2025-12-04,生技醫療類指數,84.23
2025-12-04,玻璃陶瓷類指數,84.19
2025-12-04,造紙類指數,261.46
2025-12-04,鋼鐵類指數,118.61
2025-12-04,橡膠類指數,192.82
2025-12-04,汽車類指數,328.63
2025-12-04,電子工業類指數,1648.68
2025-12-04,半導體類指數,855.17
2025-12-04,電腦及週邊設備類指數,313.97
2025-12-04,光電類指數,35.25
2025-12-04,通信網路類指數,174.37
2025-12-04,電子零組件類指數,404.58
2025-12-04,電子通路類指數,252.09
2025-12-04,資訊服務類指數,212.4
2025-12-04,其他電子類指數,215.97
2025-12-04,建材營造類指數,467.92
2025-12-04,航運類指數,179.04
2025-12-04,觀光餐旅類指數,106.0
2025-12-04,金融保險類指數,2283.49
2025-12-04,貿易百貨類指數,249.46
2025-12-04,油電燃氣類指數,74.41
2025-12-04,綠能環保類指數,94.54
2025-12-04,數位雲端類指數,44.53
2025-12-04,運動休閒類指數,78.19
2025-12-04,居家生活類指數,106.17
2025-12-04,其他類指數,276.06
2025-12-03,發行量加權股價指數,27793.04
2025-12-03,水泥窯製類指數,553.4
2025-12-03,塑膠化工類指數,690.64
2025-12-03,機電類指數,9145.56
2025-12-03,水泥類指數,125.38
2025-12-03,食品類指數,1997.27
2025-12-03,塑膠類指數,161.22
2025-12-03,紡織纖維類指數,531.87
2025-12-03,電機機械類指數,405.86
2025-12-03,電器電纜類指數,99.24
2025-12-03,化學生技醫療類指數,139.95
2025-12-03,化學類指數,150.94
2025-12-03,生技醫療類指數,81.91
2025-12-03,玻璃陶瓷類指數,86.79
2025-12-03,造紙類指數,261.91
2025-12-03,鋼鐵類指數,118.8
2025-12-03,橡膠類指數,195.61
2025-12-03,汽車類指數,328.42
2025-12-03,電子工業類指數,1651.9
2025-12-03,半導體類指數,857.54
2025-12-03,電腦及週邊設備類指數,314.27
2025-12-03,光電類指數,35.03
2025-12-03,通信網路類指數,175.9
2025-12-03,電子零組件類指數,404.49
2025-12-03,電子通路類指數,251.63
2025-12-03,資訊服務類指數,213.23
2025-12-03,其他電子類指數,215.35
2025-12-03,建材營造類指數,466.39
2025-12-03,航運類指數,176.51
2025-12-03,觀光餐旅類指數,106.16
2025-12-03,金融保險類指數,2254.08
2025-12-03,貿易百貨類指數,247.88
2025-12-03,油電燃氣類指數,74.24
2025-12-03,綠能環保類指數,94.21
2025-12-03,數位雲端類指數,44.31
2025-12-03,運動休閒類指數,77.7
2025-12-03,居家生活類指數,105.42
2025-12-03,其他類指數,275.21
2025-12-02,發行量加權股價指數,27564.27
2025-12-02,水泥窯製類指數,556.2
2025-12-02,塑膠化工類指數,681.08
2025-12-02,機電類指數,9052.42
2025-12-02,水泥類指數,125.03
2025-12-02,食品類指數,2006.83
2025-12-02,塑膠類指數,157.42
2025-12-02,紡織纖維類指數,534.36
2025-12-02,電機機械類指數,401.28
2025-12-02,電器電纜類指數,98.52
2025-12-02,化學生技醫療類指數,138.97
2025-12-02,化學類指數,150.61
2025-12-02,生技醫療類指數,81.18
2025-12-02,玻璃陶瓷類指數,89.31
2025-12-02,造紙類指數,263.33
2025-12-02,鋼鐵類指數,118.03
2025-12-02,橡膠類指數,194.09
2025-12-02,汽車類指數,328.62
2025-12-02,電子工業類指數,1635.09
2025-12-02,半導體類指數,848.38
2025-12-02,電腦及週邊設備類指數,309.37
2025-12-02,光電類指數,34.79
2025-12-02,通信網路類指數,178.19
2025-12-02,電子零組件類指數,402.16
2025-12-02,電子通路類指數,248.71
2025-12-02,資訊服務類指數,212.8
2025-12-02,其他電子類指數,211.14
2025-12-02,建材營造類指數,464.55
2025-12-02,航運類指數,176.56
2025-12-02,觀光餐旅類指數,106.01
2025-12-02,金融保險類指數,2252.93
2025-12-02,貿易百貨類指數,248.01
2025-12-02,油電燃氣類指數,74.92
2025-12-02,綠能環保類指數,93.27
2025-12-02,數位雲端類指數,44.69
2025-12-02,運動休閒類指數,78.09
2025-12-02,居家生活類指數,105.48
2025-12-02,其他類指數,276.12
2025-12-01,發行量加權股價指數,27342.53
2025-12-01,水泥窯製類指數,549.98
2025-12-01,塑膠化工類指數,667.96
2025-12-01,機電類指數,8983.4
2025-12-01,水泥類指數,125.01
2025-12-01,食品類指數,2013.33
2025-12-01,塑膠類指數,150.28
2025-12-01,紡織纖維類指數,532.04
2025-12-01,電機機械類指數,400.79
2025-12-01,電器電纜類指數,97.65
2025-12-01,化學生技醫療類指數,139.02
2025-12-01,化學類指數,150.26
2025-12-01,生技醫療類指數,81.3
2025-12-01,玻璃陶瓷類指數,85.39
2025-12-01,造紙類指數,264.26
2025-12-01,鋼鐵類指數,117.14
2025-12-01,橡膠類指數,191.66
2025-12-01,汽車類指數,327.3
2025-12-01,電子工業類指數,1622.42
2025-12-01,半導體類指數,838.8
2025-12-01,電腦及週邊設備類指數,308.82
2025-12-01,光電類指數,34.65
2025-12-01,通信網路類指數,176.99
2025-12-01,電子零組件類指數,403.24
2025-12-01,電子通路類指數,244.58
2025-12-01,資訊服務類指數,212.37
2025-12-01,其他電子類指數,211.84
2025-12-01,建材營造類指數,464.0
2025-12-01,航運類指數,176.69
2025-12-01,觀光餐旅類指數,106.18
2025-12-01,金融保險類指數,2224.46
2025-12-01,貿易百貨類指數,250.34
2025-12-01,油電燃氣類指數,73.11
2025-12-01,綠能環保類指數,92.38
2025-12-01,數位雲端類指數,44.82
2025-12-01,運動休閒類指數,77.91
2025-12-01,居家生活類指數,104.09
2025-12-01,其他類指數,274.98
2025-11-28,發行量加權股價指數,27626.48
2025-11-28,水泥窯製類指數,551.56
2025-11-28,塑膠化工類指數,664.88
2025-11-28,機電類指數,9103.47
2025-11-28,水泥類指數,124.92
2025-11-28,食品類指數,2012.4
2025-11-28,塑膠類指數,147.33
2025-11-28,紡織纖維類指數,531.32
2025-11-28,電機機械類指數,407.17
2025-11-28,電器電纜類指數,97.64
2025-11-28,化學生技醫療類指數,139.85
2025-11-28,化學類指數,151.04
2025-11-28,生技醫療類指數,81.81
2025-11-28,玻璃陶瓷類指數,86.58
2025-11-28,造紙類指數,264.42
2025-11-28,鋼鐵類指數,114.85
2025-11-28,橡膠類指數,191.61
2025-11-28,汽車類指數,334.36
2025-11-28,電子工業類指數,1644.11
2025-11-28,半導體類指數,852.96
2025-11-28,電腦及週邊設備類指數,311.5
2025-11-28,光電類指數,35.01
2025-11-28,通信網路類指數,177.83
2025-11-28,電子零組件類指數,401.27
2025-11-28,電子通路類指數,250.86
2025-11-28,資訊服務類指數,212.72
2025-11-28,其他電子類指數,215.47
2025-11-28,建材營造類指數,471.96
2025-11-28,航運類指數,175.59
2025-11-28,觀光餐旅類指數,106.94
2025-11-28,金融保險類指數,2225.48
2025-11-28,貿易百貨類指數,250.3
2025-11-28,油電燃氣類指數,73.04
2025-11-28,綠能環保類指數,93.81
2025-11-28,數位雲端類指數,45.34
2025-11-28,運動休閒類指數,76.99
2025-11-28,居家生活類指數,104.43
2025-11-28,其他類指數,277.82
2025-11-27,發行量加權股價指數,27554.53
2025-11-27,水泥窯製類指數,536.63
2025-11-27,塑膠化工類指數,658.18
2025-11-27,機電類指數,9066.14
2025-11-27,水泥類指數,123.06
2025-11-27,食品類指數,2011.65
2025-11-27,塑膠類指數,143.74
2025-11-27,紡織纖維類指數,528.57
2025-11-27,電機機械類指數,407.88
2025-11-27,電器電纜類指數,97.21
2025-11-27,化學生技醫療類指數,139.67
2025-11-27,化學類指數,150.48
2025-11-27,生技醫療類指數,81.79
2025-11-27,玻璃陶瓷類指數,81.0
2025-11-27,造紙類指數,258.77
2025-11-27,鋼鐵類指數,115.26
2025-11-27,橡膠類指數,191.93
2025-11-27,汽車類指數,333.49
2025-11-27,電子工業類指數,1637.18
2025-11-27,半導體類指數,847.82
2025-11-27,電腦及週邊設備類指數,310.84
2025-11-27,光電類指數,34.89
2025-11-27,通信網路類指數,178.71
2025-11-27,電子零組件類指數,398.22
2025-11-27,電子通路類指數,249.15
2025-11-27,資訊服務類指數,212.74
2025-11-27,其他電子類指數,217.65
2025-11-27,建材營造類指數,470.38
2025-11-27,航運類指數,176.31
2025-11-27,觀光餐旅類指數,107.28
2025-11-27,金融保險類指數,2250.36
2025-11-27,貿易百貨類指數,250.23
2025-11-27,油電燃氣類指數,72.7
2025-11-27,綠能環保類指數,92.95
2025-11-27,數位雲端類指數,45.2
2025-11-27,運動休閒類指數,77.63
2025-11-27,居家生活類指數,105.07
2025-11-27,其他類指數,278.02
2025-11-26,發行量加權股價指數,27409.54
2025-11-26,水泥窯製類指數,526.53
2025-11-26,塑膠化工類指數,639.58
2025-11-26,機電類指數,9020.91
2025-11-26,水泥類指數,121.65
2025-11-26,食品類指數,1997.28
2025-11-26,塑膠類指數,134.9
2025-11-26,紡織纖維類指數,528.43
2025-11-26,電機機械類指數,403.1
2025-11-26,電器電纜類指數,96.65
2025-11-26,化學生技醫療類指數,138.46
2025-11-26,化學類指數,149.31
2025-11-26,生技醫療類指數,81.05
2025-11-26,玻璃陶瓷類指數,77.56
2025-11-26,造紙類指數,257.37
2025-11-26,鋼鐵類指數,115.32
2025-11-26,橡膠類指數,191.98
2025-11-26,汽車類指數,333.42
2025-11-26,電子工業類指數,1629.24
2025-11-26,半導體類指數,846.12
2025-11-26,電腦及週邊設備類指數,309.12
2025-11-26,光電類指數,34.61
2025-11-26,通信網路類指數,177.9
2025-11-26,電子零組件類指數,391.91
2025-11-26,電子通路類指數,246.95
2025-11-26,資訊服務類指數,212.46
2025-11-26,其他電子類指數,214.65
2025-11-26,建材營造類指數,466.79
2025-11-26,航運類指數,178.5
2025-11-26,觀光餐旅類指數,107.72
2025-11-26,金融保險類指數,2241.63
2025-11-26,貿易百貨類指數,248.39
2025-11-26,油電燃氣類指數,70.53
2025-11-26,綠能環保類指數,93.53
2025-11-26,數位雲端類指數,45.2
2025-11-26,運動休閒類指數,78.21
2025-11-26,居家生活類指數,105.94
2025-11-26,其他類指數,277.41
2025-11-25,發行量加權股價指數,26912.17
2025-11-25,水泥窯製類指數,521.89
2025-11-25,塑膠化工類指數,631.07
2025-11-25,機電類指數,8838.8
2025-11-25,水泥類指數,119.43
2025-11-25,食品類指數,1981.48
2025-11-25,塑膠類指數,134.85
2025-11-25,紡織纖維類指數,521.25
2025-11-25,電機機械類指數,399.75
2025-11-25,電器電纜類指數,96.67
2025-11-25,化學生技醫療類指數,135.39
2025-11-25,化學類指數,147.2
2025-11-25,生技醫療類指數,78.98
2025-11-25,玻璃陶瓷類指數,79.32
2025-11-25,造紙類指數,256.52
2025-11-25,鋼鐵類指數,113.28
2025-11-25,橡膠類指數,189.56
2025-11-25,汽車類指數,329.68
2025-11-25,電子工業類指數,1595.84
2025-11-25,半導體類指數,829.84
2025-11-25,電腦及週邊設備類指數,300.04
2025-11-25,光電類指數,33.84
2025-11-25,通信網路類指數,175.84
2025-11-25,電子零組件類指數,383.01
2025-11-25,電子通路類指數,241.23
2025-11-25,資訊服務類指數,209.67
2025-11-25,其他電子類指數,209.63
2025-11-25,建材營造類指數,460.0
2025-11-25,航運類指數,173.72
2025-11-25,觀光餐旅類指數,106.3
2025-11-25,金融保險類指數,2224.92
2025-11-25,貿易百貨類指數,245.87
2025-11-25,油電燃氣類指數,72.73
2025-11-25,綠能環保類指數,91.65
2025-11-25,數位雲端類指數,44.17
2025-11-25,運動休閒類指數,75.62
2025-11-25,居家生活類指數,103.53
2025-11-25,其他類指數,274.38
2025-11-24,發行量加權股價指數,26504.24
2025-11-24,水泥窯製類指數,525.1
2025-11-24,塑膠化工類指數,633.77
2025-11-24,機電類指數,8649.18
2025-11-24,水泥類指數,119.9
2025-11-24,食品類指數,1980.57
2025-11-24,塑膠類指數,139.83
2025-11-24,紡織纖維類指數,527.07
2025-11-24,電機機械類指數,403.13
2025-11-24,電器電纜類指數,95.5
2025-11-24,化學生技醫療類指數,132.79
2025-11-24,化學類指數,146.71
2025-11-24,生技醫療類指數,76.96
2025-11-24,玻璃陶瓷類指數,80.36
2025-11-24,造紙類指數,259.87
2025-11-24,鋼鐵類指數,112.87
2025-11-24,橡膠類指數,191.4
2025-11-24,汽車類指數,333.53
2025-11-24,電子工業類指數,1560.59
2025-11-24,半導體類指數,807.71
2025-11-24,電腦及週邊設備類指數,295.4
2025-11-24,光電類指數,33.42
2025-11-24,通信網路類指數,175.85
2025-11-24,電子零組件類指數,374.17
2025-11-24,電子通路類指數,238.14
2025-11-24,資訊服務類指數,208.24
2025-11-24,其他電子類指數,209.16
2025-11-24,建材營造類指數,459.93
2025-11-24,航運類指數,172.65
2025-11-24,觀光餐旅類指數,106.58
2025-11-24,金融保險類指數,2243.83
2025-11-24,貿易百貨類指數,243.1
2025-11-24,油電燃氣類指數,76.82
2025-11-24,綠能環保類指數,91.8
2025-11-24,數位雲端類指數,44.16
2025-11-24,運動休閒類指數,76.44
2025-11-24,居家生活類指數,103.79
2025-11-24,其他類指數,273.93
2025-11-21,發行量加權股價指數,26434.94
2025-11-21,水泥窯製類指數,512.93
2025-11-21,塑膠化工類指數,618.82
2025-11-21,機電類指數,8665.38
2025-11-21,水泥類指數,116.84
2025-11-21,食品類指數,1972.81
2025-11-21,塑膠類指數,136.88
2025-11-21,紡織纖維類指數,518.73
2025-11-21,電機機械類指數,398.11
2025-11-21,電器電纜類指數,94.61
2025-11-21,化學生技醫療類指數,129.02
2025-11-21,化學類指數,145.49
2025-11-21,生技醫療類指數,74.13
2025-11-21,玻璃陶瓷類指數,79.1
2025-11-21,造紙類指數,255.2
2025-11-21,鋼鐵類指數,110.58
2025-11-21,橡膠類指數,190.52
2025-11-21,汽車類指數,333.84
2025-11-21,電子工業類指數,1564.04
2025-11-21,半導體類指數,810.97
2025-11-21,電腦及週邊設備類指數,294.23
2025-11-21,光電類指數,33.15
2025-11-21,通信網路類指數,173.07
2025-11-21,電子零組件類指數,373.41
2025-11-21,電子通路類指數,236.58
2025-11-21,資訊服務類指數,205.94
2025-11-21,其他電子類指數,211.85
2025-11-21,建材營造類指數,455.16
2025-11-21,航運類指數,171.26
2025-11-21,觀光餐旅類指數,105.09
2025-11-21,金融保險類指數,2200.19
2025-11-21,貿易百貨類指數,243.69
2025-11-21,油電燃氣類指數,73.82
2025-11-21,綠能環保類指數,89.92
2025-11-21,數位雲端類指數,43.62
2025-11-21,運動休閒類指數,74.35
2025-11-21,居家生活類指數,102.35
2025-11-21,其他類指數,269.23
2025-11-20,發行量加權股價指數,27426.36
2025-11-20,水泥窯製類指數,521.65
2025-11-20,塑膠化工類指數,637.25
2025-11-20,機電類指數,9061.82
2025-11-20,水泥類指數,117.57
2025-11-20,食品類指數,1974.7
2025-11-20,塑膠類指數,143.76
2025-11-20,紡織纖維類指數,518.01
2025-11-20,電機機械類指數,414.65
2025-11-20,電器電纜類指數,97.73
2025-11-20,化學生技醫療類指數,131.44
2025-11-20,化學類指數,148.65
2025-11-20,生技醫療類指數,75.43
2025-11-20,玻璃陶瓷類指數,83.12
2025-11-20,造紙類指數,251.32
2025-11-20,鋼鐵類指數,110.66
2025-11-20,橡膠類指數,191.29
2025-11-20,汽車類指數,332.43
2025-11-20,電子工業類指數,1635.81
2025-11-20,半導體類指數,851.22
2025-11-20,電腦及週邊設備類指數,303.19
2025-11-20,光電類指數,34.02
2025-11-20,通信網路類指數,175.68
2025-11-20,電子零組件類指數,392.46
2025-11-20,電子通路類指數,241.84
2025-11-20,資訊服務類指數,209.72
2025-11-20,其他電子類指數,221.94
2025-11-20,建材營造類指數,459.19
2025-11-20,航運類指數,174.21
2025-11-20,觀光餐旅類指數,105.68
2025-11-20,金融保險類指數,2212.68
2025-11-20,貿易百貨類指數,244.96
2025-11-20,油電燃氣類指數,77.67
2025-11-20,綠能環保類指數,91.4
2025-11-20,數位雲端類指數,44.67
2025-11-20,運動休閒類指數,73.16
2025-11-20,居家生活類指數,102.18
2025-11-20,其他類指數,269.38
2025-11-19,發行量加權股價指數,26580.12
2025-11-19,水泥窯製類指數,507.02
2025-11-19,塑膠化工類指數,624.92
2025-11-19,機電類指數,8736.18
2025-11-19,水泥類指數,116.33
2025-11-19,食品類指數,1961.49
2025-11-19,塑膠類指數,138.16
2025-11-19,紡織纖維類指數,522.67
2025-11-19,電機機械類指數,408.27
2025-11-19,電器電纜類指數,95.74
2025-11-19,化學生技醫療類指數,130.65
2025-11-19,化學類指數,146.96
2025-11-19,生技醫療類指數,75.15
2025-11-19,玻璃陶瓷類指數,76.42
2025-11-19,造紙類指數,250.71
2025-11-19,鋼鐵類指數,109.39
2025-11-19,橡膠類指數,189.47
2025-11-19,汽車類指數,327.26
2025-11-19,電子工業類指數,1576.25
2025-11-19,半導體類指數,819.21
2025-11-19,電腦及週邊設備類指數,295.81
2025-11-19,光電類指數,33.27
2025-11-19,通信網路類指數,172.37
2025-11-19,電子零組件類指數,372.45
2025-11-19,電子通路類指數,236.61
2025-11-19,資訊服務類指數,203.87
2025-11-19,其他電子類指數,214.47
2025-11-19,建材營造類指數,454.78
2025-11-19,航運類指數,172.5
2025-11-19,觀光餐旅類指數,105.09
2025-11-19,金融保險類指數,2182.96
2025-11-19,貿易百貨類指數,244.76
2025-11-19,油電燃氣類指數,74.41
2025-11-19,綠能環保類指數,89.74
2025-11-19,數位雲端類指數,44.49
2025-11-19,運動休閒類指數,73.22
2025-11-19,居家生活類指數,101.32
2025-11-19,其他類指數,266.36
2025-11-18,發行量加權股價指數,26756.12
2025-11-18,水泥窯製類指數,508.49
2025-11-18,塑膠化工類指數,634.96
2025-11-18,機電類指數,8798.21
2025-11-18,水泥類指數,117.11
2025-11-18,食品類指數,1970.55
2025-11-18,塑膠類指數,144.68
2025-11-18,紡織纖維類指數,518.83
2025-11-18,電機機械類指數,405.11
2025-11-18,電器電纜類指數,98.2
2025-11-18,化學生技醫療類指數,130.26
2025-11-18,化學類指數,148.62
2025-11-18,生技醫療類指數,74.46
2025-11-18,玻璃陶瓷類指數,75.7
2025-11-18,造紙類指數,253.81
2025-11-18,鋼鐵類指數,110.58
2025-11-18,橡膠類指數,187.97
2025-11-18,汽車類指數,325.58
2025-11-18,電子工業類指數,1587.8
2025-11-18,半導體類指數,825.68
2025-11-18,電腦及週邊設備類指數,298.17
2025-11-18,光電類指數,33.48
2025-11-18,通信網路類指數,173.37
2025-11-18,電子零組件類指數,376.09
2025-11-18,電子通路類指數,237.46
2025-11-18,資訊服務類指數,205.93
2025-11-18,其他電子類指數,214.41
2025-11-18,建材營造類指數,458.41
2025-11-18,航運類指數,172.41
2025-11-18,觀光餐旅類指數,104.99
2025-11-18,金融保險類指數,2194.59
2025-11-18,貿易百貨類指數,244.64
2025-11-18,油電燃氣類指數,75.04
2025-11-18,綠能環保類指數,90.79
2025-11-18,數位雲端類指數,44.55
2025-11-18,運動休閒類指數,72.17
2025-11-18,居家生活類指數,101.73
2025-11-18,其他類指數,266.69
2025-11-17,發行量加權股價指數,27447.31
2025-11-17,水泥窯製類指數,522.37
2025-11-17,塑膠化工類指數,647.09
2025-11-17,機電類指數,9056.27
2025-11-17,水泥類指數,119.62
2025-11-17,食品類指數,1982.21
2025-11-17,塑膠類指數,146.37
2025-11-17,紡織纖維類指數,531.63
2025-11-17,電機機械類指數,419.25
2025-11-17,電器電纜類指數,100.71
2025-11-17,化學生技醫療類指數,133.51
2025-11-17,化學類指數,151.98
2025-11-17,生技醫療類指數,76.4
2025-11-17,玻璃陶瓷類指數,79.22
2025-11-17,造紙類指數,261.34
2025-11-17,鋼鐵類指數,111.95
2025-11-17,橡膠類指數,191.31
2025-11-17,汽車類指數,332.58
2025-11-17,電子工業類指數,1634.22
2025-11-17,半導體類指數,850.07
2025-11-17,電腦及週邊設備類指數,308.95
2025-11-17,光電類指數,34.4
2025-11-17,通信網路類指數,177.8
2025-11-17,電子零組件類指數,385.09
2025-11-17,電子通路類指數,245.56
2025-11-17,資訊服務類指數,207.81
2025-11-17,其他電子類指數,220.49
2025-11-17,建材營造類指數,463.93
2025-11-17,航運類指數,174.0
2025-11-17,觀光餐旅類指數,106.93
2025-11-17,金融保險類指數,2216.77
2025-11-17,貿易百貨類指數,246.7
2025-11-17,油電燃氣類指數,76.15
2025-11-17,綠能環保類指數,93.56
2025-11-17,數位雲端類指數,45.49
2025-11-17,運動休閒類指數,74.34
2025-11-17,居家生活類指數,103.84
2025-11-17,其他類指數,270.76
2025-11-14,發行量加權股價指數,27397.5
2025-11-14,水泥窯製類指數,531.16
2025-11-14,塑膠化工類指數,650.19
2025-11-14,機電類指數,9020.88
2025-11-14,水泥類指數,119.49
2025-11-14,食品類指數,1985.45
2025-11-14,塑膠類指數,145.33
2025-11-14,紡織纖維類指數,527.96
2025-11-14,電機機械類指數,420.79
2025-11-14,電器電纜類指數,104.35
2025-11-14,化學生技醫療類指數,135.19
2025-11-14,化學類指數,154.65
2025-11-14,生技醫療類指數,77.19
2025-11-14,玻璃陶瓷類指數,85.1
2025-11-14,造紙類指數,259.21
2025-11-14,鋼鐵類指數,113.22
2025-11-14,橡膠類指數,193.83
2025-11-14,汽車類指數,334.71
2025-11-14,電子工業類指數,1627.32
2025-11-14,半導體類指數,841.48
2025-11-14,電腦及週邊設備類指數,312.04
2025-11-14,光電類指數,34.83
2025-11-14,通信網路類指數,176.89
2025-11-14,電子零組件類指數,387.75
2025-11-14,電子通路類指數,251.2
2025-11-14,資訊服務類指數,212.0
2025-11-14,其他電子類指數,222.95
2025-11-14,建材營造類指數,464.5
2025-11-14,航運類指數,176.29
2025-11-14,觀光餐旅類指數,106.6
2025-11-14,金融保險類指數,2231.74
2025-11-14,貿易百貨類指數,246.22
2025-11-14,油電燃氣類指數,74.22
2025-11-14,綠能環保類指數,94.29
2025-11-14,數位雲端類指數,46.3
2025-11-14,運動休閒類指數,74.85
2025-11-14,居家生活類指數,103.13
2025-11-14,其他類指數,273.89
2025-11-13,發行量加權股價指數,27903.56
2025-11-13,水泥窯製類指數,538.27
2025-11-13,塑膠化工類指數,651.46
2025-11-13,機電類指數,9227.62
2025-11-13,水泥類指數,120.47
2025-11-13,食品類指數,1978.91
2025-11-13,塑膠類指數,144.79
2025-11-13,紡織纖維類指數,523.69
2025-11-13,電機機械類指數,436.01
2025-11-13,電器電纜類指數,108.05
2025-11-13,化學生技醫療類指數,136.22
2025-11-13,化學類指數,154.12
2025-11-13,生技醫療類指數,78.16
2025-11-13,玻璃陶瓷類指數,87.57
2025-11-13,造紙類指數,252.83
2025-11-13,鋼鐵類指數,113.73
2025-11-13,橡膠類指數,192.4
2025-11-13,汽車類指數,327.41
2025-11-13,電子工業類指數,1664.08
2025-11-13,半導體類指數,859.36
2025-11-13,電腦及週邊設備類指數,319.32
2025-11-13,光電類指數,35.39
2025-11-13,通信網路類指數,177.36
2025-11-13,電子零組件類指數,398.76
2025-11-13,電子通路類指數,253.9
2025-11-13,資訊服務類指數,215.16
2025-11-13,其他電子類指數,231.89
2025-11-13,建材營造類指數,466.8
2025-11-13,航運類指數,178.07
2025-11-13,觀光餐旅類指數,107.12
2025-11-13,金融保險類指數,2239.67
2025-11-13,貿易百貨類指數,246.24
2025-11-13,油電燃氣類指數,76.57
2025-11-13,綠能環保類指數,96.24
2025-11-13,數位雲端類指數,46.1
2025-11-13,運動休閒類指數,74.98
2025-11-13,居家生活類指數,103.2
2025-11-13,其他類指數,275.03
2025-11-12,發行量加權股價指數,27947.09
2025-11-12,水泥窯製類指數,536.81
2025-11-12,塑膠化工類指數,636.19
2025-11-12,機電類指數,9258.38
2025-11-12,水泥類指數,120.87
2025-11-12,食品類指數,1996.62
2025-11-12,塑膠類指數,136.25
2025-11-12,紡織纖維類指數,515.21
2025-11-12,電機機械類指數,434.55
2025-11-12,電器電纜類指數,101.6
2025-11-12,化學生技醫療類指數,136.27
2025-11-12,化學類指數,153.89
2025-11-12,生技醫療類指數,78.25
2025-11-12,玻璃陶瓷類指數,85.79
2025-11-12,造紙類指數,251.15
2025-11-12,鋼鐵類指數,113.34
2025-11-12,橡膠類指數,191.08
2025-11-12,汽車類指數,327.16
2025-11-12,電子工業類指數,1670.31
2025-11-12,半導體類指數,866.11
2025-11-12,電腦及週邊設備類指數,321.49
2025-11-12,光電類指數,35.29
2025-11-12,通信網路類指數,178.43
2025-11-12,電子零組件類指數,393.07
2025-11-12,電子通路類指數,252.15
2025-11-12,資訊服務類指數,217.42
2025-11-12,其他電子類指數,229.5
2025-11-12,建材營造類指數,467.46
2025-11-12,航運類指數,178.46
2025-11-12,觀光餐旅類指數,108.19
2025-11-12,金融保險類指數,2231.72
2025-11-12,貿易百貨類指數,247.05
2025-11-12,油電燃氣類指數,77.25
2025-11-12,綠能環保類指數,97.11
2025-11-12,數位雲端類指數,46.41
2025-11-12,運動休閒類指數,73.4
2025-11-12,居家生活類指數,105.14
2025-11-12,其他類指數,274.77
2025-11-11,發行量加權股價指數,27784.95
2025-11-11,水泥窯製類指數,523.21
2025-11-11,塑膠化工類指數,618.57
2025-11-11,機電類指數,9215.41
2025-11-11,水泥類指數,120.11
2025-11-11,食品類指數,1983.47
2025-11-11,塑膠類指數,128.19
2025-11-11,紡織纖維類指數,507.37
2025-11-11,電機機械類指數,433.69
2025-11-11,電器電纜類指數,99.3
2025-11-11,化學生技醫療類指數,135.22
2025-11-11,化學類指數,152.54
2025-11-11,生技醫療類指數,77.68
2025-11-11,玻璃陶瓷類指數,78.71
2025-11-11,造紙類指數,247.41
2025-11-11,鋼鐵類指數,112.97
2025-11-11,橡膠類指數,188.2
2025-11-11,汽車類指數,322.48
2025-11-11,電子工業類指數,1662.58
2025-11-11,半導體類指數,860.78
2025-11-11,電腦及週邊設備類指數,326.81
2025-11-11,光電類指數,34.81
2025-11-11,通信網路類指數,177.28
2025-11-11,電子零組件類指數,392.56
2025-11-11,電子通路類指數,247.68
2025-11-11,資訊服務類指數,215.97
2025-11-11,其他電子類指數,226.2
2025-11-11,建材營造類指數,465.75
2025-11-11,航運類指數,175.02
2025-11-11,觀光餐旅類指數,106.9
2025-11-11,金融保險類指數,2230.05
2025-11-11,貿易百貨類指數,245.82
2025-11-11,油電燃氣類指數,73.92
2025-11-11,綠能環保類指數,97.63
2025-11-11,數位雲端類指數,46.48
2025-11-11,運動休閒類指數,72.82
2025-11-11,居家生活類指數,103.82
2025-11-11,其他類指數,272.87
2025-11-10,發行量加權股價指數,27869.51
2025-11-10,水泥窯製類指數,513.73
2025-11-10,塑膠化工類指數,612.83
2025-11-10,機電類指數,9258.33
2025-11-10,水泥類指數,120.22
2025-11-10,食品類指數,1998.1
2025-11-10,塑膠類指數,124.15
2025-11-10,紡織纖維類指數,508.26
2025-11-10,電機機械類指數,437.52
2025-11-10,電器電纜類指數,97.92
2025-11-10,化學生技醫療類指數,135.76
2025-11-10,化學類指數,152.25
2025-11-10,生技醫療類指數,78.19
2025-11-10,玻璃陶瓷類指數,72.44
2025-11-10,造紙類指數,247.51
2025-11-10,鋼鐵類指數,113.37
2025-11-10,橡膠類指數,188.28
2025-11-10,汽車類指數,325.22
2025-11-10,電子工業類指數,1670.3
2025-11-10,半導體類指數,865.78
2025-11-10,電腦及週邊設備類指數,322.2
2025-11-10,光電類指數,35.15
2025-11-10,通信網路類指數,178.99
2025-11-10,電子零組件類指數,394.89
2025-11-10,電子通路類指數,248.33
2025-11-10,資訊服務類指數,214.94
2025-11-10,其他電子類指數,228.6
2025-11-10,建材營造類指數,473.04
2025-11-10,航運類指數,176.17
2025-11-10,觀光餐旅類指數,107.5
2025-11-10,金融保險類指數,2211.73
2025-11-10,貿易百貨類指數,245.3
2025-11-10,油電燃氣類指數,73.27
2025-11-10,綠能環保類指數,99.63
2025-11-10,數位雲端類指數,46.63
2025-11-10,運動休閒類指數,72.93
2025-11-10,居家生活類指數,103.78
2025-11-10,其他類指數,274.71
2025-11-07,發行量加權股價指數,27651.41
2025-11-07,水泥窯製類指數,506.49
2025-11-07,塑膠化工類指數,617.25
2025-11-07,機電類指數,9159.43
2025-11-07,水泥類指數,118.32
2025-11-07,食品類指數,2026.2
2025-11-07,塑膠類指數,123.54
2025-11-07,紡織纖維類指數,511.61
2025-11-07,電機機械類指數,439.49
2025-11-07,電器電纜類指數,99.69
2025-11-07,化學生技醫療類指數,137.89
2025-11-07,化學類指數,153.48
2025-11-07,生技醫療類指數,79.67
2025-11-07,玻璃陶瓷類指數,71.85
2025-11-07,造紙類指數,248.73
2025-11-07,鋼鐵類指數,113.59
2025-11-07,橡膠類指數,188.67
2025-11-07,汽車類指數,326.26
2025-11-07,電子工業類指數,1651.74
2025-11-07,半導體類指數,856.33
2025-11-07,電腦及週邊設備類指數,316.51
2025-11-07,光電類指數,35.22
2025-11-07,通信網路類指數,179.6
2025-11-07,電子零組件類指數,390.3
2025-11-07,電子通路類指數,246.6
2025-11-07,資訊服務類指數,216.22
2025-11-07,其他電子類指數,224.81
2025-11-07,建材營造類指數,474.6
2025-11-07,航運類指數,178.92
2025-11-07,觀光餐旅類指數,107.44
2025-11-07,金融保險類指數,2207.58
2025-11-07,貿易百貨類指數,245.46
2025-11-07,油電燃氣類指數,71.02
2025-11-07,綠能環保類指數,101.57
2025-11-07,數位雲端類指數,47.32
2025-11-07,運動休閒類指數,73.93
2025-11-07,居家生活類指數,103.63
2025-11-07,其他類指數,276.49
2025-11-06,發行量加權股價指數,27899.45
2025-11-06,水泥窯製類指數,508.88
2025-11-06,塑膠化工類指數,620.8
2025-11-06,機電類指數,9252.24
2025-11-06,水泥類指數,117.62
2025-11-06,食品類指數,2049.11
2025-11-06,塑膠類指數,121.01
2025-11-06,紡織纖維類指數,499.64
2025-11-06,電機機械類指數,449.22
2025-11-06,電器電纜類指數,102.04
2025-11-06,化學生技醫療類指數,140.73
2025-11-06,化學類指數,155.82
2025-11-06,生技醫療類指數,81.49
2025-11-06,玻璃陶瓷類指數,74.86
2025-11-06,造紙類指數,248.6
2025-11-06,鋼鐵類指數,113.82
2025-11-06,橡膠類指數,191.67
2025-11-06,汽車類指數,326.6
2025-11-06,電子工業類指數,1667.97
2025-11-06,半導體類指數,861.2
2025-11-06,電腦及週邊設備類指數,324.46
2025-11-06,光電類指數,35.44
2025-11-06,通信網路類指數,180.86
2025-11-06,電子零組件類指數,399.51
2025-11-06,電子通路類指數,249.39
2025-11-06,資訊服務類指數,216.01
2025-11-06,其他電子類指數,227.95
2025-11-06,建材營造類指數,477.36
2025-11-06,航運類指數,180.83
2025-11-06,觀光餐旅類指數,108.02
2025-11-06,金融保險類指數,2224.92
2025-11-06,貿易百貨類指數,245.35
2025-11-06,油電燃氣類指數,68.47
2025-11-06,綠能環保類指數,103.98
2025-11-06,數位雲端類指數,47.72
2025-11-06,運動休閒類指數,74.24
2025-11-06,居家生活類指數,104.45
2025-11-06,其他類指數,277.56
2025-11-05,發行量加權股價指數,27717.06
2025-11-05,水泥窯製類指數,499.4
2025-11-05,塑膠化工類指數,613.91
2025-11-05,機電類指數,9195.8
2025-11-05,水泥類指數,116.03
2025-11-05,食品類指數,2048.33
2025-11-05,塑膠類指數,118.51
2025-11-05,紡織纖維類指數,494.31
2025-11-05,電機機械類指數,447.35
2025-11-05,電器電纜類指數,100.54
2025-11-05,化學生技醫療類指數,139.95
2025-11-05,化學類指數,154.56
2025-11-05,生技醫療類指數,81.13
2025-11-05,玻璃陶瓷類指數,72.18
2025-11-05,造紙類指數,241.38
2025-11-05,鋼鐵類指數,112.61
2025-11-05,橡膠類指數,189.73
2025-11-05,汽車類指數,323.9
2025-11-05,電子工業類指數,1657.78
2025-11-05,半導體類指數,858.1
2025-11-05,電腦及週邊設備類指數,318.68
2025-11-05,光電類指數,35.1
2025-11-05,通信網路類指數,180.81
2025-11-05,電子零組件類指數,393.25
2025-11-05,電子通路類指數,247.69
2025-11-05,資訊服務類指數,214.95
2025-11-05,其他電子類指數,226.88
2025-11-05,建材營造類指數,473.41
2025-11-05,航運類指數,178.79
2025-11-05,觀光餐旅類指數,106.26
2025-11-05,金融保險類指數,2218.3
2025-11-05,貿易百貨類指數,246.17
2025-11-05,油電燃氣類指數,65.08
2025-11-05,綠能環保類指數,102.47
2025-11-05,數位雲端類指數,46.34
2025-11-05,運動休閒類指數,74.34
2025-11-05,居家生活類指數,103.67
2025-11-05,其他類指數,273.33
2025-11-04,發行量加權股價指數,28116.56
2025-11-04,水泥窯製類指數,497.15
2025-11-04,塑膠化工類指數,617.83
2025-11-04,機電類指數,9361.52
2025-11-04,水泥類指數,115.88
2025-11-04,食品類指數,2050.41
2025-11-04,塑膠類指數,119.83
2025-11-04,紡織纖維類指數,490.08
2025-11-04,電機機械類指數,446.93
2025-11-04,電器電纜類指數,99.35
2025-11-04,化學生技醫療類指數,140.8
2025-11-04,化學類指數,155.74
2025-11-04,生技醫療類指數,81.57
2025-11-04,玻璃陶瓷類指數,71.06
2025-11-04,造紙類指數,242.45
2025-11-04,鋼鐵類指數,112.73
2025-11-04,橡膠類指數,187.74
2025-11-04,汽車類指數,324.98
2025-11-04,電子工業類指數,1688.53
2025-11-04,半導體類指數,879.7
2025-11-04,電腦及週邊設備類指數,320.53
2025-11-04,光電類指數,35.02
2025-11-04,通信網路類指數,184.32
2025-11-04,電子零組件類指數,397.61
2025-11-04,電子通路類指數,242.99
2025-11-04,資訊服務類指數,216.79
2025-11-04,其他電子類指數,225.19
2025-11-04,建材營造類指數,472.68
2025-11-04,航運類指數,179.8
2025-11-04,觀光餐旅類指數,106.21
2025-11-04,金融保險類指數,2224.31
2025-11-04,貿易百貨類指數,243.17
2025-11-04,油電燃氣類指數,64.42
2025-11-04,綠能環保類指數,101.76
2025-11-04,數位雲端類指數,46.64
2025-11-04,運動休閒類指數,74.01
2025-11-04,居家生活類指數,104.18
2025-11-04,其他類指數,273.36
2025-11-03,發行量加權股價指數,28334.59
2025-11-03,水泥窯製類指數,502.65
2025-11-03,塑膠化工類指數,618.63
2025-11-03,機電類指數,9453.75
2025-11-03,水泥類指數,116.89
2025-11-03,食品類指數,2046.8
2025-11-03,塑膠類指數,119.7
2025-11-03,紡織纖維類指數,495.99
2025-11-03,電機機械類指數,454.81
2025-11-03,電器電纜類指數,99.67
2025-11-03,化學生技醫療類指數,141.18
2025-11-03,化學類指數,156.74
2025-11-03,生技醫療類指數,81.66
2025-11-03,玻璃陶瓷類指數,72.45
2025-11-03,造紙類指數,245.37
2025-11-03,鋼鐵類指數,113.93
2025-11-03,橡膠類指數,187.96
2025-11-03,汽車類指數,323.78
2025-11-03,電子工業類指數,1704.93
2025-11-03,半導體類指數,884.05
2025-11-03,電腦及週邊設備類指數,329.62
2025-11-03,光電類指數,35.66
2025-11-03,通信網路類指數,182.75
2025-11-03,電子零組件類指數,404.77
2025-11-03,電子通路類指數,245.07
2025-11-03,資訊服務類指數,219.0
2025-11-03,其他電子類指數,231.93
2025-11-03,建材營造類指數,476.94
2025-11-03,航運類指數,181.61
2025-11-03,觀光餐旅類指數,106.08
2025-11-03,金融保險類指數,2212.79
2025-11-03,貿易百貨類指數,244.57
2025-11-03,油電燃氣類指數,63.66
2025-11-03,綠能環保類指數,102.88
2025-11-03,數位雲端類指數,46.7
2025-11-03,運動休閒類指數,74.01
2025-11-03,居家生活類指數,105.58
2025-11-03,其他類指數,273.74
2025-10-31,發行量加權股價指數,28233.35
2025-10-31,水泥窯製類指數,507.93
2025-10-31,塑膠化工類指數,623.84
2025-10-31,機電類指數,9412.19
2025-10-31,水泥類指數,119.53
2025-10-31,食品類指數,2050.5
2025-10-31,塑膠類指數,120.8
2025-10-31,紡織纖維類指數,492.99
2025-10-31,電機機械類指數,446.85
2025-10-31,電器電纜類指數,99.99
2025-10-31,化學生技醫療類指數,142.25
2025-10-31,化學類指數,157.23
2025-10-31,生技醫療類指數,82.43
2025-10-31,玻璃陶瓷類指數,70.2
2025-10-31,造紙類指數,245.81
2025-10-31,鋼鐵類指數,114.46
2025-10-31,橡膠類指數,190.06
2025-10-31,汽車類指數,323.0
2025-10-31,電子工業類指數,1697.86
2025-10-31,半導體類指數,878.91
2025-10-31,電腦及週邊設備類指數,329.68
2025-10-31,光電類指數,35.61
2025-10-31,通信網路類指數,181.85
2025-10-31,電子零組件類指數,400.31
2025-10-31,電子通路類指數,242.23
2025-10-31,資訊服務類指數,217.88
2025-10-31,其他電子類指數,235.64
2025-10-31,建材營造類指數,477.93
2025-10-31,航運類指數,181.84
2025-10-31,觀光餐旅類指數,105.63
2025-10-31,金融保險類指數,2199.36
2025-10-31,貿易百貨類指數,245.97
2025-10-31,油電燃氣類指數,64.6
2025-10-31,綠能環保類指數,102.68
2025-10-31,數位雲端類指數,46.51
2025-10-31,運動休閒類指數,73.95
2025-10-31,居家生活類指數,104.18
2025-10-31,其他類指數,274.57
2025-10-30,發行量加權股價指數,28287.53
2025-10-30,水泥窯製類指數,510.59
2025-10-30,塑膠化工類指數,625.12
2025-10-30,機電類指數,9416.13
2025-10-30,水泥類指數,120.31
2025-10-30,食品類指數,2063.11
2025-10-30,塑膠類指數,123.24
2025-10-30,紡織纖維類指數,499.12
2025-10-30,電機機械類指數,434.07
2025-10-30,電器電纜類指數,100.72
2025-10-30,化學生技醫療類指數,140.66
2025-10-30,化學類指數,156.44
2025-10-30,生技醫療類指數,81.27
2025-10-30,玻璃陶瓷類指數,70.23
2025-10-30,造紙類指數,247.77
2025-10-30,鋼鐵類指數,115.28
2025-10-30,橡膠類指數,192.5
2025-10-30,汽車類指數,324.16
2025-10-30,電子工業類指數,1699.52
2025-10-30,半導體類指數,878.92
2025-10-30,電腦及週邊設備類指數,332.72
2025-10-30,光電類指數,35.71
2025-10-30,通信網路類指數,180.48
2025-10-30,電子零組件類指數,398.84
2025-10-30,電子通路類指數,243.31
2025-10-30,資訊服務類指數,216.2
2025-10-30,其他電子類指數,238.12
2025-10-30,建材營造類指數,479.42
2025-10-30,航運類指數,186.04
2025-10-30,觀光餐旅類指數,105.37
2025-10-30,金融保險類指數,2214.79
2025-10-30,貿易百貨類指數,247.86
2025-10-30,油電燃氣類指數,65.59
2025-10-30,綠能環保類指數,102.02
2025-10-30,數位雲端類指數,45.94
2025-10-30,運動休閒類指數,74.24
2025-10-30,居家生活類指數,105.04
2025-10-30,其他類指數,276.64
2025-10-29,發行量加權股價指數,28294.74
2025-10-29,水泥窯製類指數,512.59
2025-10-29,塑膠化工類指數,629.9
2025-10-29,機電類指數,9420.24
2025-10-29,水泥類指數,120.73
2025-10-29,食品類指數,2056.61
2025-10-29,塑膠類指數,123.51
2025-10-29,紡織纖維類指數,504.61
2025-10-29,電機機械類指數,425.84
2025-10-29,電器電纜類指數,100.01
2025-10-29,化學生技醫療類指數,142.4
2025-10-29,化學類指數,158.55
2025-10-29,生技醫療類指數,82.24
2025-10-29,玻璃陶瓷類指數,70.63
2025-10-29,造紙類指數,249.79
2025-10-29,鋼鐵類指數,115.33
2025-10-29,橡膠類指數,192.61
2025-10-29,汽車類指數,327.2
2025-10-29,電子工業類指數,1700.96
2025-10-29,半導體類指數,878.54
2025-10-29,電腦及週邊設備類指數,331.95
2025-10-29,光電類指數,36.07
2025-10-29,通信網路類指數,179.38
2025-10-29,電子零組件類指數,405.82
2025-10-29,電子通路類指數,243.41
2025-10-29,資訊服務類指數,218.97
2025-10-29,其他電子類指數,237.03
2025-10-29,建材營造類指數,480.76
2025-10-29,航運類指數,180.0
2025-10-29,觀光餐旅類指數,105.48
2025-10-29,金融保險類指數,2217.48
2025-10-29,貿易百貨類指數,250.03
2025-10-29,油電燃氣類指數,65.26
2025-10-29,綠能環保類指數,102.42
2025-10-29,數位雲端類指數,45.98
2025-10-29,運動休閒類指數,74.08
2025-10-29,居家生活類指數,105.13
2025-10-29,其他類指數,277.85
2025-10-28,發行量加權股價指數,27949.11
2025-10-28,水泥窯製類指數,519.39
2025-10-28,塑膠化工類指數,636.08
2025-10-28,機電類指數,9269.96
2025-10-28,水泥類指數,121.93
2025-10-28,食品類指數,2062.42
2025-10-28,塑膠類指數,124.33
2025-10-28,紡織纖維類指數,508.85
2025-10-28,電機機械類指數,427.1
2025-10-28,電器電纜類指數,101.47
2025-10-28,化學生技醫療類指數,144.32
2025-10-28,化學類指數,157.47
2025-10-28,生技醫療類指數,84.13
2025-10-28,玻璃陶瓷類指數,72.41
2025-10-28,造紙類指數,250.27
2025-10-28,鋼鐵類指數,116.21
2025-10-28,橡膠類指數,192.56
2025-10-28,汽車類指數,327.16
2025-10-28,電子工業類指數,1673.01
2025-10-28,半導體類指數,861.71
2025-10-28,電腦及週邊設備類指數,327.62
2025-10-28,光電類指數,35.97
2025-10-28,通信網路類指數,178.79
2025-10-28,電子零組件類指數,406.89
2025-10-28,電子通路類指數,242.26
2025-10-28,資訊服務類指數,220.01
2025-10-28,其他電子類指數,229.07
2025-10-28,建材營造類指數,479.08
2025-10-28,航運類指數,178.71
2025-10-28,觀光餐旅類指數,105.72
2025-10-28,金融保險類指數,2214.52
2025-10-28,貿易百貨類指數,250.52
2025-10-28,油電燃氣類指數,65.62
2025-10-28,綠能環保類指數,101.58
2025-10-28,數位雲端類指數,46.08
2025-10-28,運動休閒類指數,74.55
2025-10-28,居家生活類指數,105.95
2025-10-28,其他類指數,278.53
2025-10-27,發行量加權股價指數,27993.63
2025-10-27,水泥窯製類指數,521.19
2025-10-27,塑膠化工類指數,641.48
2025-10-27,機電類指數,9267.41
2025-10-27,水泥類指數,123.07
2025-10-27,食品類指數,2071.79
2025-10-27,塑膠類指數,125.91
2025-10-27,紡織纖維類指數,509.82
2025-10-27,電機機械類指數,426.33
2025-10-27,電器電纜類指數,100.53
2025-10-27,化學生技醫療類指數,144.98
2025-10-27,化學類指數,156.58
2025-10-27,生技醫療類指數,84.91
2025-10-27,玻璃陶瓷類指數,71.15
2025-10-27,造紙類指數,253.93
2025-10-27,鋼鐵類指數,116.73
2025-10-27,橡膠類指數,195.59
2025-10-27,汽車類指數,328.17
2025-10-27,電子工業類指數,1672.66
2025-10-27,半導體類指數,864.32
2025-10-27,電腦及週邊設備類指數,324.92
2025-10-27,光電類指數,36.33
2025-10-27,通信網路類指數,178.22
2025-10-27,電子零組件類指數,404.53
2025-10-27,電子通路類指數,244.29
2025-10-27,資訊服務類指數,222.47
2025-10-27,其他電子類指數,225.79
2025-10-27,建材營造類指數,480.35
2025-10-27,航運類指數,178.95
2025-10-27,觀光餐旅類指數,106.49
2025-10-27,金融保險類指數,2240.59
2025-10-27,貿易百貨類指數,252.55
2025-10-27,油電燃氣類指數,65.94
2025-10-27,綠能環保類指數,102.06
2025-10-27,數位雲端類指數,46.79
2025-10-27,運動休閒類指數,76.03
2025-10-27,居家生活類指數,106.46
2025-10-27,其他類指數,280.12
2025-10-23,發行量加權股價指數,27532.26
2025-10-23,水泥窯製類指數,522.53
2025-10-23,塑膠化工類指數,641.79
2025-10-23,機電類指數,9062.04
2025-10-23,水泥類指數,124.1
2025-10-23,食品類指數,2078.0
2025-10-23,塑膠類指數,126.66
2025-10-23,紡織纖維類指數,515.54
2025-10-23,電機機械類指數,424.14
2025-10-23,電器電纜類指數,98.09
2025-10-23,化學生技醫療類指數,144.46
2025-10-23,化學類指數,156.08
2025-10-23,生技醫療類指數,84.58
2025-10-23,玻璃陶瓷類指數,69.8
2025-10-23,造紙類指數,257.71
2025-10-23,鋼鐵類指數,116.62
2025-10-23,橡膠類指數,196.4
2025-10-23,汽車類指數,330.19
2025-10-23,電子工業類指數,1635.06
2025-10-23,半導體類指數,845.82
2025-10-23,電腦及週邊設備類指數,317.18
2025-10-23,光電類指數,36.28
2025-10-23,通信網路類指數,178.6
2025-10-23,電子零組件類指數,389.2
2025-10-23,電子通路類指數,240.21
2025-10-23,資訊服務類指數,219.13
2025-10-23,其他電子類指數,219.3
2025-10-23,建材營造類指數,476.9
2025-10-23,航運類指數,179.69
2025-10-23,觀光餐旅類指數,106.54
2025-10-23,金融保險類指數,2250.1
2025-10-23,貿易百貨類指數,252.94
2025-10-23,油電燃氣類指數,66.91
2025-10-23,綠能環保類指數,101.48
2025-10-23,數位雲端類指數,46.95
2025-10-23,運動休閒類指數,77.43
2025-10-23,居家生活類指數,106.77
2025-10-23,其他類指數,279.94
2025-10-22,發行量加權股價指數,27648.91
2025-10-22,水泥窯製類指數,521.24
2025-10-22,塑膠化工類指數,640.37
2025-10-22,機電類指數,9115.73
2025-10-22,水泥類指數,123.53
2025-10-22,食品類指數,2065.28
2025-10-22,塑膠類指數,123.58
2025-10-22,紡織纖維類指數,514.59
2025-10-22,電機機械類指數,429.1
2025-10-22,電器電纜類指數,99.83
2025-10-22,化學生技醫療類指數,146.1
2025-10-22,化學類指數,157.61
2025-10-22,生技醫療類指數,85.61
2025-10-22,玻璃陶瓷類指數,70.2
2025-10-22,造紙類指數,251.25
2025-10-22,鋼鐵類指數,116.74
2025-10-22,橡膠類指數,197.11
2025-10-22,汽車類指數,330.34
2025-10-22,電子工業類指數,1644.49
2025-10-22,半導體類指數,852.22
2025-10-22,電腦及週邊設備類指數,316.68
2025-10-22,光電類指數,36.73
2025-10-22,通信網路類指數,177.33
2025-10-22,電子零組件類指數,389.37
2025-10-22,電子通路類指數,240.16
2025-10-22,資訊服務類指數,219.38
2025-10-22,其他電子類指數,221.86
2025-10-22,建材營造類指數,477.9
2025-10-22,航運類指數,179.89
2025-10-22,觀光餐旅類指數,107.17
2025-10-22,金融保險類指數,2249.45
2025-10-22,貿易百貨類指數,251.99
2025-10-22,油電燃氣類指數,64.44
2025-10-22,綠能環保類指數,102.42
2025-10-22,數位雲端類指數,47.39
2025-10-22,運動休閒類指數,76.83
2025-10-22,居家生活類指數,108.82
2025-10-22,其他類指數,280.09
2025-10-21,發行量加權股價指數,27752.41
2025-10-21,水泥窯製類指數,520.0
2025-10-21,塑膠化工類指數,636.81
2025-10-21,機電類指數,9175.46
2025-10-21,水泥類指數,122.91
2025-10-21,食品類指數,2055.12
2025-10-21,塑膠類指數,121.83
2025-10-21,紡織纖維類指數,506.56
2025-10-21,電機機械類指數,425.56
2025-10-21,電器電纜類指數,98.99
2025-10-21,化學生技醫療類指數,146.08
2025-10-21,化學類指數,157.04
2025-10-21,生技醫療類指數,85.73
2025-10-21,玻璃陶瓷類指數,70.72
2025-10-21,造紙類指數,248.71
2025-10-21,鋼鐵類指數,116.43
2025-10-21,橡膠類指數,196.11
2025-10-21,汽車類指數,326.06
2025-10-21,電子工業類指數,1655.84
2025-10-21,半導體類指數,862.76
2025-10-21,電腦及週邊設備類指數,314.74
2025-10-21,光電類指數,36.27
2025-10-21,通信網路類指數,178.75
2025-10-21,電子零組件類指數,389.46
2025-10-21,電子通路類指數,236.47
2025-10-21,資訊服務類指數,220.55
2025-10-21,其他電子類指數,219.11
2025-10-21,建材營造類指數,473.77
2025-10-21,航運類指數,179.26
2025-10-21,觀光餐旅類指數,106.87
2025-10-21,金融保險類指數,2241.43
2025-10-21,貿易百貨類指數,248.61
2025-10-21,油電燃氣類指數,63.34
2025-10-21,綠能環保類指數,101.41
2025-10-21,數位雲端類指數,47.24
2025-10-21,運動休閒類指數,75.77
2025-10-21,居家生活類指數,108.7
2025-10-21,其他類指數,276.97
2025-10-20,發行量加權股價指數,27688.63
2025-10-20,水泥窯製類指數,521.46
2025-10-20,塑膠化工類指數,633.23
2025-10-20,機電類指數,9152.79
2025-10-20,水泥類指數,123.46
2025-10-20,食品類指數,2054.44
2025-10-20,塑膠類指數,122.57
2025-10-20,紡織纖維類指數,505.66
2025-10-20,電機機械類指數,425.5
2025-10-20,電器電纜類指數,100.53
2025-10-20,化學生技醫療類指數,144.0
2025-10-20,化學類指數,157.11
2025-10-20,生技醫療類指數,83.94
2025-10-20,玻璃陶瓷類指數,70.48
2025-10-20,造紙類指數,248.67
2025-10-20,鋼鐵類指數,117.1
2025-10-20,橡膠類指數,196.59
2025-10-20,汽車類指數,322.62
2025-10-20,電子工業類指數,1651.56
2025-10-20,半導體類指數,862.35
2025-10-20,電腦及週邊設備類指數,312.4
2025-10-20,光電類指數,36.07
2025-10-20,通信網路類指數,179.18
2025-10-20,電子零組件類指數,384.31
2025-10-20,電子通路類指數,236.96
2025-10-20,資訊服務類指數,219.25
2025-10-20,其他電子類指數,218.1
2025-10-20,建材營造類指數,470.35
2025-10-20,航運類指數,180.75
2025-10-20,觀光餐旅類指數,107.13
2025-10-20,金融保險類指數,2231.67
2025-10-20,貿易百貨類指數,248.19
2025-10-20,油電燃氣類指數,63.75
2025-10-20,綠能環保類指數,100.75
2025-10-20,數位雲端類指數,46.71
2025-10-20,運動休閒類指數,76.8
2025-10-20,居家生活類指數,109.71
2025-10-20,其他類指數,278.32
2025-10-17,發行量加權股價指數,27302.37
2025-10-17,水泥窯製類指數,522.39
2025-10-17,塑膠化工類指數,638.34
2025-10-17,機電類指數,8981.61
2025-10-17,水泥類指數,123.49
2025-10-17,食品類指數,2061.95
2025-10-17,塑膠類指數,122.83
2025-10-17,紡織纖維類指數,508.5
2025-10-17,電機機械類指數,419.29
2025-10-17,電器電纜類指數,97.82
2025-10-17,化學生技醫療類指數,145.73
2025-10-17,化學類指數,158.14
2025-10-17,生技醫療類指數,85.16
2025-10-17,玻璃陶瓷類指數,71.02
2025-10-17,造紙類指數,250.39
2025-10-17,鋼鐵類指數,118.03
2025-10-17,橡膠類指數,198.06
2025-10-17,汽車類指數,323.57
2025-10-17,電子工業類指數,1620.59
2025-10-17,半導體類指數,845.62
2025-10-17,電腦及週邊設備類指數,308.19
2025-10-17,光電類指數,36.07
2025-10-17,通信網路類指數,178.0
2025-10-17,電子零組件類指數,378.57
2025-10-17,電子通路類指數,235.82
2025-10-17,資訊服務類指數,217.57
2025-10-17,其他電子類指數,209.91
2025-10-17,建材營造類指數,471.18
2025-10-17,航運類指數,182.26
2025-10-17,觀光餐旅類指數,107.31
2025-10-17,金融保險類指數,2233.63
2025-10-17,貿易百貨類指數,245.95
2025-10-17,油電燃氣類指數,63.62
2025-10-17,綠能環保類指數,101.01
2025-10-17,數位雲端類指數,46.9
2025-10-17,運動休閒類指數,76.15
2025-10-17,居家生活類指數,108.96
2025-10-17,其他類指數,279.38
2025-10-16,發行量加權股價指數,27647.87
2025-10-16,水泥窯製類指數,521.47
2025-10-16,塑膠化工類指數,634.96
2025-10-16,機電類指數,9127.68
2025-10-16,水泥類指數,122.13
2025-10-16,食品類指數,2050.31
2025-10-16,塑膠類指數,120.0
2025-10-16,紡織纖維類指數,511.01
2025-10-16,電機機械類指數,425.74
2025-10-16,電器電纜類指數,99.49
2025-10-16,化學生技醫療類指數,146.37
2025-10-16,化學類指數,159.7
2025-10-16,生技醫療類指數,85.32
2025-10-16,玻璃陶瓷類指數,73.31
2025-10-16,造紙類指數,248.95
2025-10-16,鋼鐵類指數,117.46
2025-10-16,橡膠類指數,198.97
2025-10-16,汽車類指數,322.88
2025-10-16,電子工業類指數,1646.97
2025-10-16,半導體類指數,862.11
2025-10-16,電腦及週邊設備類指數,311.19
2025-10-16,光電類指數,36.48
2025-10-16,通信網路類指數,178.85
2025-10-16,電子零組件類指數,386.95
2025-10-16,電子通路類指數,239.55
2025-10-16,資訊服務類指數,220.37
2025-10-16,其他電子類指數,208.4
2025-10-16,建材營造類指數,472.93
2025-10-16,航運類指數,181.53
2025-10-16,觀光餐旅類指數,105.91
2025-10-16,金融保險類指數,2242.34
2025-10-16,貿易百貨類指數,244.39
2025-10-16,油電燃氣類指數,62.63
2025-10-16,綠能環保類指數,102.1
2025-10-16,數位雲端類指數,47.09
2025-10-16,運動休閒類指數,77.04
2025-10-16,居家生活類指數,110.03
2025-10-16,其他類指數,279.6
2025-10-15,發行量加權股價指數,27275.71
2025-10-15,水泥窯製類指數,520.32
2025-10-15,塑膠化工類指數,628.17
2025-10-15,機電類指數,8974.85
2025-10-15,水泥類指數,122.21
2025-10-15,食品類指數,2050.09
2025-10-15,塑膠類指數,117.97
2025-10-15,紡織纖維類指數,507.72
2025-10-15,電機機械類指數,418.05
2025-10-15,電器電纜類指數,94.13
2025-10-15,化學生技醫療類指數,144.94
2025-10-15,化學類指數,158.62
2025-10-15,生技醫療類指數,84.37
2025-10-15,玻璃陶瓷類指數,72.4
2025-10-15,造紙類指數,247.23
2025-10-15,鋼鐵類指數,117.02
2025-10-15,橡膠類指數,200.51
2025-10-15,汽車類指數,320.7
2025-10-15,電子工業類指數,1619.67
2025-10-15,半導體類指數,848.46
2025-10-15,電腦及週邊設備類指數,307.35
2025-10-15,光電類指數,36.19
2025-10-15,通信網路類指數,178.64
2025-10-15,電子零組件類指數,382.86
2025-10-15,電子通路類指數,240.14
2025-10-15,資訊服務類指數,222.69
2025-10-15,其他電子類指數,197.46
2025-10-15,建材營造類指數,473.73
2025-10-15,航運類指數,180.76
2025-10-15,觀光餐旅類指數,105.99
2025-10-15,金融保險類指數,2249.51
2025-10-15,貿易百貨類指數,243.84
2025-10-15,油電燃氣類指數,60.49
2025-10-15,綠能環保類指數,102.07
2025-10-15,數位雲端類指數,47.23
2025-10-15,運動休閒類指數,77.05
2025-10-15,居家生活類指數,109.44
2025-10-15,其他類指數,278.9
2025-10-14,發行量加權股價指數,26793.15
2025-10-14,水泥窯製類指數,519.51
2025-10-14,塑膠化工類指數,628.75
2025-10-14,機電類指數,8776.89
2025-10-14,水泥類指數,122.22
2025-10-14,食品類指數,2052.43
2025-10-14,塑膠類指數,118.22
2025-10-14,紡織纖維類指數,508.48
2025-10-14,電機機械類指數,407.69
2025-10-14,電器電纜類指數,95.41
2025-10-14,化學生技醫療類指數,144.59
2025-10-14,化學類指數,157.74
2025-10-14,生技醫療類指數,84.29
2025-10-14,玻璃陶瓷類指數,71.88
2025-10-14,造紙類指數,247.59
2025-10-14,鋼鐵類指數,117.98
2025-10-14,橡膠類指數,203.83
2025-10-14,汽車類指數,321.31
2025-10-14,電子工業類指數,1583.82
2025-10-14,半導體類指數,827.41
2025-10-14,電腦及週邊設備類指數,301.11
2025-10-14,光電類指數,36.23
2025-10-14,通信網路類指數,178.47
2025-10-14,電子零組件類指數,373.5
2025-10-14,電子通路類指數,236.32
2025-10-14,資訊服務類指數,217.52
2025-10-14,其他電子類指數,194.7
2025-10-14,建材營造類指數,469.65
2025-10-14,航運類指數,184.33
2025-10-14,觀光餐旅類指數,105.87
2025-10-14,金融保險類指數,2227.19
2025-10-14,貿易百貨類指數,246.29
2025-10-14,油電燃氣類指數,60.14
2025-10-14,綠能環保類指數,100.37
2025-10-14,數位雲端類指數,47.82
2025-10-14,運動休閒類指數,76.27
2025-10-14,居家生活類指數,110.86
2025-10-14,其他類指數,277.46
2025-10-13,發行量加權股價指數,26923.42
2025-10-13,水泥窯製類指數,527.43
2025-10-13,塑膠化工類指數,641.85
2025-10-13,機電類指數,8837.11
2025-10-13,水泥類指數,122.48
2025-10-13,食品類指數,2053.17
2025-10-13,塑膠類指數,121.62
2025-10-13,紡織纖維類指數,511.51
2025-10-13,電機機械類指數,416.36
2025-10-13,電器電纜類指數,101.56
2025-10-13,化學生技醫療類指數,147.43
2025-10-13,化學類指數,161.13
2025-10-13,生技醫療類指數,85.87
2025-10-13,玻璃陶瓷類指數,76.38
2025-10-13,造紙類指數,246.34
2025-10-13,鋼鐵類指數,117.53
2025-10-13,橡膠類指數,203.61
2025-10-13,汽車類指數,324.42
2025-10-13,電子工業類指數,1593.89
2025-10-13,半導體類指數,825.76
2025-10-13,電腦及週邊設備類指數,308.23
2025-10-13,光電類指數,37.28
2025-10-13,通信網路類指數,180.81
2025-10-13,電子零組件類指數,384.75
2025-10-13,電子通路類指數,236.38
2025-10-13,資訊服務類指數,224.23
2025-10-13,其他電子類指數,199.36
2025-10-13,建材營造類指數,471.06
2025-10-13,航運類指數,177.37
2025-10-13,觀光餐旅類指數,106.36
2025-10-13,金融保險類指數,2212.77
2025-10-13,貿易百貨類指數,247.42
2025-10-13,油電燃氣類指數,60.13
2025-10-13,綠能環保類指數,100.88
2025-10-13,數位雲端類指數,48.62
2025-10-13,運動休閒類指數,77.09
2025-10-13,居家生活類指數,110.49
2025-10-13,其他類指數,278.13
2025-10-09,發行量加權股價指數,27301.92
2025-10-09,水泥窯製類指數,536.67
2025-10-09,塑膠化工類指數,645.27
2025-10-09,機電類指數,8977.81
2025-10-09,水泥類指數,124.14
2025-10-09,食品類指數,2048.15
2025-10-09,塑膠類指數,123.91
2025-10-09,紡織纖維類指數,514.23
2025-10-09,電機機械類指數,416.96
2025-10-09,電器電纜類指數,104.31
2025-10-09,化學生技醫療類指數,146.84
2025-10-09,化學類指數,163.71
2025-10-09,生技醫療類指數,84.75
2025-10-09,玻璃陶瓷類指數,78.73
2025-10-09,造紙類指數,243.83
2025-10-09,鋼鐵類指數,117.56
2025-10-09,橡膠類指數,205.85
2025-10-09,汽車類指數,328.55
2025-10-09,電子工業類指數,1619.64
2025-10-09,半導體類指數,841.1
2025-10-09,電腦及週邊設備類指數,310.63
2025-10-09,光電類指數,38.41
2025-10-09,通信網路類指數,181.88
2025-10-09,電子零組件類指數,385.36
2025-10-09,電子通路類指數,238.89
2025-10-09,資訊服務類指數,227.6
2025-10-09,其他電子類指數,204.94
2025-10-09,建材營造類指數,470.67
2025-10-09,航運類指數,176.41
2025-10-09,觀光餐旅類指數,107.54
2025-10-09,金融保險類指數,2237.02
2025-10-09,貿易百貨類指數,249.65
2025-10-09,油電燃氣類指數,61.68
2025-10-09,綠能環保類指數,99.84
2025-10-09,數位雲端類指數,49.74
2025-10-09,運動休閒類指數,78.59
2025-10-09,居家生活類指數,113.13
2025-10-09,其他類指數,280.75
2025-10-08,發行量加權股價指數,27063.68
2025-10-08,水泥窯製類指數,536.21
2025-10-08,塑膠化工類指數,645.67
2025-10-08,機電類指數,8882.95
2025-10-08,水泥類指數,124.11
2025-10-08,食品類指數,2051.54
2025-10-08,塑膠類指數,121.68
2025-10-08,紡織纖維類指數,517.18
2025-10-08,電機機械類指數,422.48
2025-10-08,電器電纜類指數,100.32
2025-10-08,化學生技醫療類指數,148.61
2025-10-08,化學類指數,163.15
2025-10-08,生技醫療類指數,86.38
2025-10-08,玻璃陶瓷類指數,78.52
2025-10-08,造紙類指數,244.74
2025-10-08,鋼鐵類指數,117.55
2025-10-08,橡膠類指數,206.5
2025-10-08,汽車類指數,329.74
2025-10-08,電子工業類指數,1601.97
2025-10-08,半導體類指數,827.0
2025-10-08,電腦及週邊設備類指數,313.37
2025-10-08,光電類指數,38.68
2025-10-08,通信網路類指數,182.13
2025-10-08,電子零組件類指數,381.13
2025-10-08,電子通路類指數,241.43
2025-10-08,資訊服務類指數,222.43
2025-10-08,其他電子類指數,206.48
2025-10-08,建材營造類指數,470.6
2025-10-08,航運類指數,176.79
2025-10-08,觀光餐旅類指數,107.99
2025-10-08,金融保險類指數,2220.2
2025-10-08,貿易百貨類指數,248.12
2025-10-08,油電燃氣類指數,61.57
2025-10-08,綠能環保類指數,100.55
2025-10-08,數位雲端類指數,49.8
2025-10-08,運動休閒類指數,78.42
2025-10-08,居家生活類指數,115.08
2025-10-08,其他類指數,280.98
2025-10-07,發行量加權股價指數,27211.95
2025-10-07,水泥窯製類指數,534.81
2025-10-07,塑膠化工類指數,645.25
2025-10-07,機電類指數,8954.55
2025-10-07,水泥類指數,124.75
2025-10-07,食品類指數,2048.95
2025-10-07,塑膠類指數,119.42
2025-10-07,紡織纖維類指數,515.16
2025-10-07,電機機械類指數,421.6
2025-10-07,電器電纜類指數,96.72
2025-10-07,化學生技醫療類指數,150.15
2025-10-07,化學類指數,163.08
2025-10-07,生技醫療類指數,87.71
2025-10-07,玻璃陶瓷類指數,76.25
2025-10-07,造紙類指數,244.55
2025-10-07,鋼鐵類指數,117.43
2025-10-07,橡膠類指數,206.37
2025-10-07,汽車類指數,330.0
2025-10-07,電子工業類指數,1615.49
2025-10-07,半導體類指數,835.86
2025-10-07,電腦及週邊設備類指數,316.22
2025-10-07,光電類指數,38.81
2025-10-07,通信網路類指數,181.03
2025-10-07,電子零組件類指數,381.09
2025-10-07,電子通路類指數,240.1
2025-10-07,資訊服務類指數,222.48
2025-10-07,其他電子類指數,208.66
2025-10-07,建材營造類指數,471.57
2025-10-07,航運類指數,177.26
2025-10-07,觀光餐旅類指數,107.76
2025-10-07,金融保險類指數,2208.68
2025-10-07,貿易百貨類指數,248.54
2025-10-07,油電燃氣類指數,59.86
2025-10-07,綠能環保類指數,100.13
2025-10-07,數位雲端類指數,49.57
2025-10-07,運動休閒類指數,77.56
2025-10-07,居家生活類指數,114.41
2025-10-07,其他類指數,280.91
2025-10-03,發行量加權股價指數,26761.06
2025-10-03,水泥窯製類指數,526.13
2025-10-03,塑膠化工類指數,639.75
2025-10-03,機電類指數,8774.87
2025-10-03,水泥類指數,125.0
2025-10-03,食品類指數,2044.2
2025-10-03,塑膠類指數,114.44
2025-10-03,紡織纖維類指數,511.28
2025-10-03,電機機械類指數,416.7
2025-10-03,電器電纜類指數,90.94
2025-10-03,化學生技醫療類指數,151.62
2025-10-03,化學類指數,162.14
2025-10-03,生技醫療類指數,89.18
2025-10-03,玻璃陶瓷類指數,70.2
2025-10-03,造紙類指數,245.43
2025-10-03,鋼鐵類指數,116.42
2025-10-03,橡膠類指數,206.52
2025-10-03,汽車類指數,326.49
2025-10-03,電子工業類指數,1583.06
2025-10-03,半導體類指數,815.53
2025-10-03,電腦及週邊設備類指數,312.13
2025-10-03,光電類指數,37.89
2025-10-03,通信網路類指數,183.02
2025-10-03,電子零組件類指數,373.74
2025-10-03,電子通路類指數,236.61
2025-10-03,資訊服務類指數,221.37
2025-10-03,其他電子類指數,206.93
2025-10-03,建材營造類指數,472.54
2025-10-03,航運類指數,177.21
2025-10-03,觀光餐旅類指數,107.76
2025-10-03,金融保險類指數,2206.26
2025-10-03,貿易百貨類指數,249.99
2025-10-03,油電燃氣類指數,57.24
2025-10-03,綠能環保類指數,98.97
2025-10-03,數位雲端類指數,48.16
2025-10-03,運動休閒類指數,76.53
2025-10-03,居家生活類指數,112.98
2025-10-03,其他類指數,281.81
2025-10-02,發行量加權股價指數,26378.39
2025-10-02,水泥窯製類指數,523.58
2025-10-02,塑膠化工類指數,644.94
2025-10-02,機電類指數,8599.07
2025-10-02,水泥類指數,124.93
2025-10-02,食品類指數,2053.1
2025-10-02,塑膠類指數,116.2
2025-10-02,紡織纖維類指數,514.21
2025-10-02,電機機械類指數,413.82
2025-10-02,電器電纜類指數,91.42
2025-10-02,化學生技醫療類指數,152.31
2025-10-02,化學類指數,161.11
2025-10-02,生技醫療類指數,90.02
2025-10-02,玻璃陶瓷類指數,68.71
2025-10-02,造紙類指數,246.07
2025-10-02,鋼鐵類指數,117.09
2025-10-02,橡膠類指數,207.51
2025-10-02,汽車類指數,327.47
2025-10-02,電子工業類指數,1550.78
2025-10-02,半導體類指數,796.54
2025-10-02,電腦及週邊設備類指數,306.17
2025-10-02,光電類指數,37.71
2025-10-02,通信網路類指數,181.52
2025-10-02,電子零組件類指數,364.25
2025-10-02,電子通路類指數,239.55
2025-10-02,資訊服務類指數,221.67
2025-10-02,其他電子類指數,206.08
2025-10-02,建材營造類指數,476.3
2025-10-02,航運類指數,176.09
2025-10-02,觀光餐旅類指數,108.23
2025-10-02,金融保險類指數,2220.19
2025-10-02,貿易百貨類指數,250.03
2025-10-02,油電燃氣類指數,58.97
2025-10-02,綠能環保類指數,98.85
2025-10-02,數位雲端類指數,48.2
2025-10-02,運動休閒類指數,77.01
2025-10-02,居家生活類指數,115.56
2025-10-02,其他類指數,281.0
2025-10-01,發行量加權股價指數,25982.91
2025-10-01,水泥窯製類指數,528.03
2025-10-01,塑膠化工類指數,650.97
2025-10-01,機電類指數,8420.07
2025-10-01,水泥類指數,125.33
2025-10-01,食品類指數,2061.31
2025-10-01,塑膠類指數,118.52
2025-10-01,紡織纖維類指數,516.12
2025-10-01,電機機械類指數,406.38
2025-10-01,電器電纜類指數,91.81
2025-10-01,化學生技醫療類指數,153.16
2025-10-01,化學類指數,160.92
2025-10-01,生技醫療類指數,90.79
2025-10-01,玻璃陶瓷類指數,70.7
2025-10-01,造紙類指數,246.76
2025-10-01,鋼鐵類指數,117.74
2025-10-01,橡膠類指數,206.37
2025-10-01,汽車類指數,328.93
2025-10-01,電子工業類指數,1518.26
2025-10-01,半導體類指數,776.52
2025-10-01,電腦及週邊設備類指數,301.45
2025-10-01,光電類指數,37.98
2025-10-01,通信網路類指數,180.99
2025-10-01,電子零組件類指數,359.01
2025-10-01,電子通路類指數,240.5
2025-10-01,資訊服務類指數,222.43
2025-10-01,其他電子類指數,201.78
2025-10-01,建材營造類指數,478.83
2025-10-01,航運類指數,177.42
2025-10-01,觀光餐旅類指數,108.97
2025-10-01,金融保險類指數,2224.01
2025-10-01,貿易百貨類指數,250.28
2025-10-01,油電燃氣類指數,60.0
2025-10-01,綠能環保類指數,98.4
2025-10-01,數位雲端類指數,48.55
2025-10-01,運動休閒類指數,75.94
2025-10-01,居家生活類指數,114.16
2025-10-01,其他類指數,284.66
2025-09-30,發行量加權股價指數,25820.54
2025-09-30,水泥窯製類指數,531.29
2025-09-30,塑膠化工類指數,647.18
2025-09-30,機電類指數,8345.79
2025-09-30,水泥類指數,126.87
2025-09-30,食品類指數,2067.38
2025-09-30,塑膠類指數,119.26
2025-09-30,紡織纖維類指數,518.47
2025-09-30,電機機械類指數,400.88
2025-09-30,電器電纜類指數,93.06
2025-09-30,化學生技醫療類指數,150.71
2025-09-30,化學類指數,160.94
2025-09-30,生技醫療類指數,88.7
2025-09-30,玻璃陶瓷類指數,69.51
2025-09-30,造紙類指數,247.31
2025-09-30,鋼鐵類指數,118.86
2025-09-30,橡膠類指數,209.38
2025-09-30,汽車類指數,331.73
2025-09-30,電子工業類指數,1504.88
2025-09-30,半導體類指數,768.39
2025-09-30,電腦及週邊設備類指數,301.33
2025-09-30,光電類指數,37.91
2025-09-30,通信網路類指數,180.72
2025-09-30,電子零組件類指數,356.12
2025-09-30,電子通路類指數,241.62
2025-09-30,資訊服務類指數,223.57
2025-09-30,其他電子類指數,199.05
2025-09-30,建材營造類指數,481.62
2025-09-30,航運類指數,178.8
2025-09-30,觀光餐旅類指數,109.86
2025-09-30,金融保險類指數,2227.81
2025-09-30,貿易百貨類指數,250.49
2025-09-30,油電燃氣類指數,59.88
2025-09-30,綠能環保類指數,99.4
2025-09-30,數位雲端類指數,48.53
2025-09-30,運動休閒類指數,74.97
2025-09-30,居家生活類指數,115.15
2025-09-30,其他類指數,285.79
2025-09-26,發行量加權股價指數,25580.32
2025-09-26,水泥窯製類指數,520.86
2025-09-26,塑膠化工類指數,643.56
2025-09-26,機電類指數,8264.92
2025-09-26,水泥類指數,125.01
2025-09-26,食品類指數,2060.22
2025-09-26,塑膠類指數,118.92
2025-09-26,紡織纖維類指數,516.51
2025-09-26,電機機械類指數,396.73
2025-09-26,電器電纜類指數,90.87
2025-09-26,化學生技醫療類指數,149.35
2025-09-26,化學類指數,159.52
2025-09-26,生技醫療類指數,87.9
2025-09-26,玻璃陶瓷類指數,66.79
2025-09-26,造紙類指數,246.46
2025-09-26,鋼鐵類指數,118.88
2025-09-26,橡膠類指數,210.52
2025-09-26,汽車類指數,329.13
2025-09-26,電子工業類指數,1490.4
2025-09-26,半導體類指數,763.68
2025-09-26,電腦及週邊設備類指數,292.3
2025-09-26,光電類指數,37.48
2025-09-26,通信網路類指數,177.75
2025-09-26,電子零組件類指數,348.17
2025-09-26,電子通路類指數,239.05
2025-09-26,資訊服務類指數,220.41
2025-09-26,其他電子類指數,200.23
2025-09-26,建材營造類指數,479.85
2025-09-26,航運類指數,178.13
2025-09-26,觀光餐旅類指數,108.98
2025-09-26,金融保險類指數,2199.83
2025-09-26,貿易百貨類指數,251.53
2025-09-26,油電燃氣類指數,59.24
2025-09-26,綠能環保類指數,98.0
2025-09-26,數位雲端類指數,48.63
2025-09-26,運動休閒類指數,73.83
2025-09-26,居家生活類指數,116.42
2025-09-26,其他類指數,286.37
2025-09-25,發行量加權股價指數,26023.85
2025-09-25,水泥窯製類指數,531.28
2025-09-25,塑膠化工類指數,650.98
2025-09-25,機電類指數,8435.45
2025-09-25,水泥類指數,125.53
2025-09-25,食品類指數,2067.9
2025-09-25,塑膠類指數,121.3
2025-09-25,紡織纖維類指數,521.28
2025-09-25,電機機械類指數,408.09
2025-09-25,電器電纜類指數,93.84
2025-09-25,化學生技醫療類指數,150.27
2025-09-25,化學類指數,161.66
2025-09-25,生技醫療類指數,88.15
2025-09-25,玻璃陶瓷類指數,72.34
2025-09-25,造紙類指數,248.9
2025-09-25,鋼鐵類指數,119.8
2025-09-25,橡膠類指數,213.36
2025-09-25,汽車類指數,333.64
2025-09-25,電子工業類指數,1520.84
2025-09-25,半導體類指數,777.23
2025-09-25,電腦及週邊設備類指數,297.39
2025-09-25,光電類指數,38.37
2025-09-25,通信網路類指數,177.28
2025-09-25,電子零組件類指數,360.13
2025-09-25,電子通路類指數,243.27
2025-09-25,資訊服務類指數,222.72
2025-09-25,其他電子類指數,208.95
2025-09-25,建材營造類指數,484.82
2025-09-25,航運類指數,181.05
2025-09-25,觀光餐旅類指數,109.65
2025-09-25,金融保險類指數,2203.76
2025-09-25,貿易百貨類指數,250.64
2025-09-25,油電燃氣類指數,59.25
2025-09-25,綠能環保類指數,99.32
2025-09-25,數位雲端類指數,49.19
2025-09-25,運動休閒類指數,74.56
2025-09-25,居家生活類指數,117.05
2025-09-25,其他類指數,289.64
2025-09-24,發行量加權股價指數,26196.73
2025-09-24,水泥窯製類指數,519.08
2025-09-24,塑膠化工類指數,643.82
2025-09-24,機電類指數,8509.1
2025-09-24,水泥類指數,124.03
2025-09-24,食品類指數,2074.04
2025-09-24,塑膠類指數,116.84
2025-09-24,紡織纖維類指數,516.94
2025-09-24,電機機械類指數,410.16
2025-09-24,電器電纜類指數,88.57
2025-09-24,化學生技醫療類指數,150.73
2025-09-24,化學類指數,161.85
2025-09-24,生技醫療類指數,88.5
2025-09-24,玻璃陶瓷類指數,67.76
2025-09-24,造紙類指數,245.39
2025-09-24,鋼鐵類指數,117.75
2025-09-24,橡膠類指數,212.98
2025-09-24,汽車類指數,333.2
2025-09-24,電子工業類指數,1534.63
2025-09-24,半導體類指數,787.35
2025-09-24,電腦及週邊設備類指數,296.02
2025-09-24,光電類指數,37.97
2025-09-24,通信網路類指數,179.8
2025-09-24,電子零組件類指數,366.02
2025-09-24,電子通路類指數,241.75
2025-09-24,資訊服務類指數,222.46
2025-09-24,其他電子類指數,205.67
2025-09-24,建材營造類指數,487.36
2025-09-24,航運類指數,181.17
2025-09-24,觀光餐旅類指數,110.1
2025-09-24,金融保險類指數,2218.78
2025-09-24,貿易百貨類指數,251.35
2025-09-24,油電燃氣類指數,57.83
2025-09-24,綠能環保類指數,99.24
2025-09-24,數位雲端類指數,49.48
2025-09-24,運動休閒類指數,74.43
2025-09-24,居家生活類指數,119.17
2025-09-24,其他類指數,290.03
2025-09-23,發行量加權股價指數,26247.37
2025-09-23,水泥窯製類指數,518.36
2025-09-23,塑膠化工類指數,647.34
2025-09-23,機電類指數,8532.6
2025-09-23,水泥類指數,124.45
2025-09-23,食品類指數,2062.52
2025-09-23,塑膠類指數,119.03
2025-09-23,紡織纖維類指數,517.39
2025-09-23,電機機械類指數,405.1
2025-09-23,電器電纜類指數,88.84
2025-09-23,化學生技醫療類指數,150.51
2025-09-23,化學類指數,162.66
2025-09-23,生技醫療類指數,88.11
2025-09-23,玻璃陶瓷類指數,66.4
2025-09-23,造紙類指數,246.23
2025-09-23,鋼鐵類指數,117.55
2025-09-23,橡膠類指數,213.18
2025-09-23,汽車類指數,331.45
2025-09-23,電子工業類指數,1539.33
2025-09-23,半導體類指數,789.78
2025-09-23,電腦及週邊設備類指數,298.76
2025-09-23,光電類指數,38.16
2025-09-23,通信網路類指數,179.15
2025-09-23,電子零組件類指數,368.3
2025-09-23,電子通路類指數,239.91
2025-09-23,資訊服務類指數,222.18
2025-09-23,其他電子類指數,204.92
2025-09-23,建材營造類指數,487.16
2025-09-23,航運類指數,182.39
2025-09-23,觀光餐旅類指數,110.09
2025-09-23,金融保險類指數,2212.13
2025-09-23,貿易百貨類指數,251.52
2025-09-23,油電燃氣類指數,58.14
2025-09-23,綠能環保類指數,98.39
2025-09-23,數位雲端類指數,48.72
2025-09-23,運動休閒類指數,74.0
2025-09-23,居家生活類指數,118.22
2025-09-23,其他類指數,290.2
2025-09-22,發行量加權股價指數,25880.6
2025-09-22,水泥窯製類指數,530.13
2025-09-22,塑膠化工類指數,646.57
2025-09-22,機電類指數,8369.18
2025-09-22,水泥類指數,126.98
2025-09-22,食品類指數,2072.69
2025-09-22,塑膠類指數,119.97
2025-09-22,紡織纖維類指數,520.6
2025-09-22,電機機械類指數,401.18
2025-09-22,電器電纜類指數,89.67
2025-09-22,化學生技醫療類指數,149.31
2025-09-22,化學類指數,162.75
2025-09-22,生技醫療類指數,87.08
2025-09-22,玻璃陶瓷類指數,68.54
2025-09-22,造紙類指數,246.74
2025-09-22,鋼鐵類指數,117.69
2025-09-22,橡膠類指數,214.63
2025-09-22,汽車類指數,334.84
2025-09-22,電子工業類指數,1509.4
2025-09-22,半導體類指數,768.2
2025-09-22,電腦及週邊設備類指數,297.12
2025-09-22,光電類指數,38.1
2025-09-22,通信網路類指數,178.47
2025-09-22,電子零組件類指數,370.68
2025-09-22,電子通路類指數,238.26
2025-09-22,資訊服務類指數,222.07
2025-09-22,其他電子類指數,201.58
2025-09-22,建材營造類指數,488.21
2025-09-22,航運類指數,184.54
2025-09-22,觀光餐旅類指數,110.5
2025-09-22,金融保險類指數,2210.89
2025-09-22,貿易百貨類指數,251.66
2025-09-22,油電燃氣類指數,58.04
2025-09-22,綠能環保類指數,98.65
2025-09-22,數位雲端類指數,48.89
2025-09-22,運動休閒類指數,74.75
2025-09-22,居家生活類指數,120.34
2025-09-22,其他類指數,291.85
2025-09-19,發行量加權股價指數,25578.37
2025-09-19,水泥窯製類指數,515.5
2025-09-19,塑膠化工類指數,638.93
2025-09-19,機電類指數,8247.91
2025-09-19,水泥類指數,122.89
2025-09-19,食品類指數,2067.04
2025-09-19,塑膠類指數,118.24
2025-09-19,紡織纖維類指數,520.08
2025-09-19,電機機械類指數,396.13
2025-09-19,電器電纜類指數,88.02
2025-09-19,化學生技醫療類指數,147.57
2025-09-19,化學類指數,161.29
2025-09-19,生技醫療類指數,85.95
2025-09-19,玻璃陶瓷類指數,67.88
2025-09-19,造紙類指數,246.36
2025-09-19,鋼鐵類指數,117.65
2025-09-19,橡膠類指數,214.0
2025-09-19,汽車類指數,331.49
2025-09-19,電子工業類指數,1487.49
2025-09-19,半導體類指數,754.2
2025-09-19,電腦及週邊設備類指數,295.14
2025-09-19,光電類指數,37.9
2025-09-19,通信網路類指數,179.21
2025-09-19,電子零組件類指數,364.95
2025-09-19,電子通路類指數,240.52
2025-09-19,資訊服務類指數,222.1
2025-09-19,其他電子類指數,200.31
2025-09-19,建材營造類指數,489.72
2025-09-19,航運類指數,186.66
2025-09-19,觀光餐旅類指數,110.4
2025-09-19,金融保險類指數,2205.18
2025-09-19,貿易百貨類指數,250.58
2025-09-19,油電燃氣類指數,57.67
2025-09-19,綠能環保類指數,99.55
2025-09-19,數位雲端類指數,49.48
2025-09-19,運動休閒類指數,74.39
2025-09-19,居家生活類指數,121.97
2025-09-19,其他類指數,291.56
2025-09-18,發行量加權股價指數,25769.36
2025-09-18,水泥窯製類指數,501.4
2025-09-18,塑膠化工類指數,635.09
2025-09-18,機電類指數,8331.82
2025-09-18,水泥類指數,119.35
2025-09-18,食品類指數,2074.48
2025-09-18,塑膠類指數,114.28
2025-09-18,紡織纖維類指數,523.91
2025-09-18,電機機械類指數,398.98
2025-09-18,電器電纜類指數,87.11
2025-09-18,化學生技醫療類指數,148.94
2025-09-18,化學類指數,161.01
2025-09-18,生技醫療類指數,87.19
2025-09-18,玻璃陶瓷類指數,66.41
2025-09-18,造紙類指數,248.0
2025-09-18,鋼鐵類指數,117.35
2025-09-18,橡膠類指數,214.18
2025-09-18,汽車類指數,334.93
2025-09-18,電子工業類指數,1502.83
2025-09-18,半導體類指數,765.62
2025-09-18,電腦及週邊設備類指數,294.42
2025-09-18,光電類指數,37.73
2025-09-18,通信網路類指數,182.11
2025-09-18,電子零組件類指數,363.69
2025-09-18,電子通路類指數,237.25
2025-09-18,資訊服務類指數,222.77
2025-09-18,其他電子類指數,201.37
2025-09-18,建材營造類指數,500.98
2025-09-18,航運類指數,185.12
2025-09-18,觀光餐旅類指數,110.4
2025-09-18,金融保險類指數,2200.88
2025-09-18,貿易百貨類指數,253.28
2025-09-18,油電燃氣類指數,57.57
2025-09-18,綠能環保類指數,99.49
2025-09-18,數位雲端類指數,49.34
2025-09-18,運動休閒類指數,74.48
2025-09-18,居家生活類指數,123.46
2025-09-18,其他類指數,290.3
2025-09-17,發行量加權股價指數,25438.25
2025-09-17,水泥窯製類指數,502.95
2025-09-17,塑膠化工類指數,636.86
2025-09-17,機電類指數,8195.11
2025-09-17,水泥類指數,119.67
2025-09-17,食品類指數,2067.34
2025-09-17,塑膠類指數,115.25
2025-09-17,紡織纖維類指數,522.07
2025-09-17,電機機械類指數,397.87
2025-09-17,電器電纜類指數,86.53
2025-09-17,化學生技醫療類指數,148.83
2025-09-17,化學類指數,160.7
2025-09-17,生技醫療類指數,87.17
2025-09-17,玻璃陶瓷類指數,66.71
2025-09-17,造紙類指數,248.45
2025-09-17,鋼鐵類指數,116.42
2025-09-17,橡膠類指數,215.11
2025-09-17,汽車類指數,333.64
2025-09-17,電子工業類指數,1477.7
2025-09-17,半導體類指數,753.58
2025-09-17,電腦及週邊設備類指數,289.43
2025-09-17,光電類指數,37.41
2025-09-17,通信網路類指數,181.63
2025-09-17,電子零組件類指數,352.5
2025-09-17,電子通路類指數,232.23
2025-09-17,資訊服務類指數,220.52
2025-09-17,其他電子類指數,198.06
2025-09-17,建材營造類指數,503.93
2025-09-17,航運類指數,185.35
2025-09-17,觀光餐旅類指數,110.42
2025-09-17,金融保險類指數,2196.19
2025-09-17,貿易百貨類指數,252.66
2025-09-17,油電燃氣類指數,57.54
2025-09-17,綠能環保類指數,98.73
2025-09-17,數位雲端類指數,48.92
2025-09-17,運動休閒類指數,73.66
2025-09-17,居家生活類指數,121.02
2025-09-17,其他類指數,289.68
2025-09-16,發行量加權股價指數,25629.64
2025-09-16,水泥窯製類指數,502.82
2025-09-16,塑膠化工類指數,636.88
2025-09-16,機電類指數,8270.58
2025-09-16,水泥類指數,119.95
2025-09-16,食品類指數,2077.08
2025-09-16,塑膠類指數,114.03
2025-09-16,紡織纖維類指數,512.35
2025-09-16,電機機械類指數,401.78
2025-09-16,電器電纜類指數,86.21
2025-09-16,化學生技醫療類指數,149.7
2025-09-16,化學類指數,162.09
2025-09-16,生技醫療類指數,87.57
2025-09-16,玻璃陶瓷類指數,66.04
2025-09-16,造紙類指數,247.73
2025-09-16,鋼鐵類指數,116.75
2025-09-16,橡膠類指數,215.55
2025-09-16,汽車類指數,336.03
2025-09-16,電子工業類指數,1491.37
2025-09-16,半導體類指數,761.18
2025-09-16,電腦及週邊設備類指數,293.39
2025-09-16,光電類指數,37.19
2025-09-16,通信網路類指數,181.54
2025-09-16,電子零組件類指數,353.26
2025-09-16,電子通路類指數,233.89
2025-09-16,資訊服務類指數,222.19
2025-09-16,其他電子類指數,201.44
2025-09-16,建材營造類指數,504.0
2025-09-16,航運類指數,185.23
2025-09-16,觀光餐旅類指數,111.04
2025-09-16,金融保險類指數,2209.37
2025-09-16,貿易百貨類指數,252.93
2025-09-16,油電燃氣類指數,57.18
2025-09-16,綠能環保類指數,99.54
2025-09-16,數位雲端類指數,49.11
2025-09-16,運動休閒類指數,72.71
2025-09-16,居家生活類指數,120.62
2025-09-16,其他類指數,290.44
2025-09-15,發行量加權股價指數,25357.16
2025-09-15,水泥窯製類指數,506.38
2025-09-15,塑膠化工類指數,643.24
2025-09-15,機電類指數,8155.01
2025-09-15,水泥類指數,120.97
2025-09-15,食品類指數,2077.57
2025-09-15,塑膠類指數,115.38
2025-09-15,紡織纖維類指數,509.74
2025-09-15,電機機械類指數,404.29
2025-09-15,電器電纜類指數,86.55
2025-09-15,化學生技醫療類指數,151.22
2025-09-15,化學類指數,160.97
2025-09-15,生技醫療類指數,89.13
2025-09-15,玻璃陶瓷類指數,66.16
2025-09-15,造紙類指數,248.72
2025-09-15,鋼鐵類指數,116.84
2025-09-15,橡膠類指數,216.19
2025-09-15,汽車類指數,336.61
2025-09-15,電子工業類指數,1469.81
2025-09-15,半導體類指數,745.83
2025-09-15,電腦及週邊設備類指數,293.67
2025-09-15,光電類指數,36.87
2025-09-15,通信網路類指數,181.77
2025-09-15,電子零組件類指數,350.14
2025-09-15,電子通路類指數,233.48
2025-09-15,資訊服務類指數,221.98
2025-09-15,其他電子類指數,201.01
2025-09-15,建材營造類指數,498.09
2025-09-15,航運類指數,184.46
2025-09-15,觀光餐旅類指數,111.56
2025-09-15,金融保險類指數,2207.0
2025-09-15,貿易百貨類指數,253.45
2025-09-15,油電燃氣類指數,57.58
2025-09-15,綠能環保類指數,99.68
2025-09-15,數位雲端類指數,48.68
2025-09-15,運動休閒類指數,71.91
2025-09-15,居家生活類指數,120.62
2025-09-15,其他類指數,290.02
2025-09-12,發行量加權股價指數,25474.64
2025-09-12,水泥窯製類指數,507.14
2025-09-12,塑膠化工類指數,644.68
2025-09-12,機電類指數,8197.95
2025-09-12,水泥類指數,120.86
2025-09-12,食品類指數,2081.91
2025-09-12,塑膠類指數,115.56
2025-09-12,紡織纖維類指數,509.59
2025-09-12,電機機械類指數,409.4
2025-09-12,電器電纜類指數,86.96
2025-09-12,化學生技醫療類指數,151.73
2025-09-12,化學類指數,161.23
2025-09-12,生技醫療類指數,89.5
2025-09-12,玻璃陶瓷類指數,66.87
2025-09-12,造紙類指數,248.35
2025-09-12,鋼鐵類指數,117.63
2025-09-12,橡膠類指數,215.67
2025-09-12,汽車類指數,337.17
2025-09-12,電子工業類指數,1477.33
2025-09-12,半導體類指數,747.86
2025-09-12,電腦及週邊設備類指數,295.71
2025-09-12,光電類指數,37.13
2025-09-12,通信網路類指數,183.93
2025-09-12,電子零組件類指數,354.12
2025-09-12,電子通路類指數,233.4
2025-09-12,資訊服務類指數,224.48
2025-09-12,其他電子類指數,203.31
2025-09-12,建材營造類指數,496.18
2025-09-12,航運類指數,186.25
2025-09-12,觀光餐旅類指數,111.43
2025-09-12,金融保險類指數,2211.12
2025-09-12,貿易百貨類指數,255.11
2025-09-12,油電燃氣類指數,57.84
2025-09-12,綠能環保類指數,99.27
2025-09-12,數位雲端類指數,49.02
2025-09-12,運動休閒類指數,72.23
2025-09-12,居家生活類指數,121.18
2025-09-12,其他類指數,290.77
2025-09-11,發行量加權股價指數,25215.71
2025-09-11,水泥窯製類指數,507.28
2025-09-11,塑膠化工類指數,641.45
2025-09-11,機電類指數,8108.98
2025-09-11,水泥類指數,120.02
2025-09-11,食品類指數,2076.21
2025-09-11,塑膠類指數,114.52
2025-09-11,紡織纖維類指數,505.4
2025-09-11,電機機械類指數,409.48
2025-09-11,電器電纜類指數,86.34
2025-09-11,化學生技醫療類指數,151.42
2025-09-11,化學類指數,161.82
2025-09-11,生技醫療類指數,89.09
2025-09-11,玻璃陶瓷類指數,68.73
2025-09-11,造紙類指數,247.66
2025-09-11,鋼鐵類指數,116.47
2025-09-11,橡膠類指數,213.74
2025-09-11,汽車類指數,328.82
2025-09-11,電子工業類指數,1460.94
2025-09-11,半導體類指數,737.51
2025-09-11,電腦及週邊設備類指數,293.32
2025-09-11,光電類指數,36.92
2025-09-11,通信網路類指數,183.55
2025-09-11,電子零組件類指數,352.31
2025-09-11,電子通路類指數,231.15
2025-09-11,資訊服務類指數,224.29
2025-09-11,其他電子類指數,202.04
2025-09-11,建材營造類指數,488.84
2025-09-11,航運類指數,185.35
2025-09-11,觀光餐旅類指數,111.02
2025-09-11,金融保險類指數,2188.18
2025-09-11,貿易百貨類指數,254.35
2025-09-11,油電燃氣類指數,57.78
2025-09-11,綠能環保類指數,100.17
2025-09-11,數位雲端類指數,48.96
2025-09-11,運動休閒類指數,71.83
2025-09-11,居家生活類指數,119.84
2025-09-11,其他類指數,291.05
2025-09-10,發行量加權股價指數,25192.59
2025-09-10,水泥窯製類指數,519.97
2025-09-10,塑膠化工類指數,660.44
2025-09-10,機電類指數,8068.03
2025-09-10,水泥類指數,122.46
2025-09-10,食品類指數,2090.15
2025-09-10,塑膠類指數,116.71
2025-09-10,紡織纖維類指數,510.27
2025-09-10,電機機械類指數,411.32
2025-09-10,電器電纜類指數,88.29
2025-09-10,化學生技醫療類指數,157.22
2025-09-10,化學類指數,166.84
2025-09-10,生技醫療類指數,92.79
2025-09-10,玻璃陶瓷類指數,71.65
2025-09-10,造紙類指數,250.31
2025-09-10,鋼鐵類指數,118.4
2025-09-10,橡膠類指數,216.49
2025-09-10,汽車類指數,332.94
2025-09-10,電子工業類指數,1453.11
2025-09-10,半導體類指數,731.29
2025-09-10,電腦及週邊設備類指數,292.59
2025-09-10,光電類指數,37.69
2025-09-10,通信網路類指數,183.77
2025-09-10,電子零組件類指數,354.58
2025-09-10,電子通路類指數,235.66
2025-09-10,資訊服務類指數,226.97
2025-09-10,其他電子類指數,199.45
2025-09-10,建材營造類指數,490.86
2025-09-10,航運類指數,189.57
2025-09-10,觀光餐旅類指數,112.26
2025-09-10,金融保險類指數,2195.56
2025-09-10,貿易百貨類指數,256.3
2025-09-10,油電燃氣類指數,59.12
2025-09-10,綠能環保類指數,102.39
2025-09-10,數位雲端類指數,49.67
2025-09-10,運動休閒類指數,72.98
2025-09-10,居家生活類指數,120.55
2025-09-10,其他類指數,294.81
2025-09-09,發行量加權股價指數,24855.18
2025-09-09,水泥窯製類指數,518.69
2025-09-09,塑膠化工類指數,672.34
2025-09-09,機電類指數,7923.2
2025-09-09,水泥類指數,120.23
2025-09-09,食品類指數,2090.66
2025-09-09,塑膠類指數,117.78
2025-09-09,紡織纖維類指數,510.02
2025-09-09,電機機械類指數,405.83
2025-09-09,電器電纜類指數,87.11
2025-09-09,化學生技醫療類指數,161.05
2025-09-09,化學類指數,165.64
2025-09-09,生技醫療類指數,96.34
2025-09-09,玻璃陶瓷類指數,75.58
2025-09-09,造紙類指數,248.78
2025-09-09,鋼鐵類指數,118.69
2025-09-09,橡膠類指數,218.5
2025-09-09,汽車類指數,333.57
2025-09-09,電子工業類指數,1426.86
2025-09-09,半導體類指數,720.05
2025-09-09,電腦及週邊設備類指數,283.34
2025-09-09,光電類指數,37.8
2025-09-09,通信網路類指數,181.44
2025-09-09,電子零組件類指數,341.44
2025-09-09,電子通路類指數,234.61
2025-09-09,資訊服務類指數,224.02
2025-09-09,其他電子類指數,197.34
2025-09-09,建材營造類指數,495.26
2025-09-09,航運類指數,188.79
2025-09-09,觀光餐旅類指數,111.4
2025-09-09,金融保險類指數,2183.59
2025-09-09,貿易百貨類指數,255.56
2025-09-09,油電燃氣類指數,59.64
2025-09-09,綠能環保類指數,100.68
2025-09-09,數位雲端類指數,49.47
2025-09-09,運動休閒類指數,73.59
2025-09-09,居家生活類指數,120.59
2025-09-09,其他類指數,295.81
2025-09-08,發行量加權股價指數,24547.38
2025-09-08,水泥窯製類指數,509.04
2025-09-08,塑膠化工類指數,672.6
2025-09-08,機電類指數,7799.92
2025-09-08,水泥類指數,119.93
2025-09-08,食品類指數,2081.24
2025-09-08,塑膠類指數,117.23
2025-09-08,紡織纖維類指數,512.2
2025-09-08,電機機械類指數,398.8
2025-09-08,電器電纜類指數,87.06
2025-09-08,化學生技醫療類指數,161.49
2025-09-08,化學類指數,165.59
2025-09-08,生技醫療類指數,96.72
2025-09-08,玻璃陶瓷類指數,70.07
2025-09-08,造紙類指數,249.2
2025-09-08,鋼鐵類指數,118.71
2025-09-08,橡膠類指數,219.15
2025-09-08,汽車類指數,333.29
2025-09-08,電子工業類指數,1404.62
2025-09-08,半導體類指數,708.36
2025-09-08,電腦及週邊設備類指數,281.65
2025-09-08,光電類指數,38.13
2025-09-08,通信網路類指數,181.36
2025-09-08,電子零組件類指數,329.85
2025-09-08,電子通路類指數,233.84
2025-09-08,資訊服務類指數,222.94
2025-09-08,其他電子類指數,194.42
2025-09-08,建材營造類指數,495.9
2025-09-08,航運類指數,189.68
2025-09-08,觀光餐旅類指數,112.1
2025-09-08,金融保險類指數,2167.35
2025-09-08,貿易百貨類指數,254.74
2025-09-08,油電燃氣類指數,58.74
2025-09-08,綠能環保類指數,100.82
2025-09-08,數位雲端類指數,49.65
2025-09-08,運動休閒類指數,74.24
2025-09-08,居家生活類指數,123.3
2025-09-08,其他類指數,295.81
2025-09-05,發行量加權股價指數,24494.58
2025-09-05,水泥窯製類指數,513.71
2025-09-05,塑膠化工類指數,668.61
2025-09-05,機電類指數,7774.92
2025-09-05,水泥類指數,120.96
2025-09-05,食品類指數,2065.01
2025-09-05,塑膠類指數,116.54
2025-09-05,紡織纖維類指數,509.85
2025-09-05,電機機械類指數,394.62
2025-09-05,電器電纜類指數,89.16
2025-09-05,化學生技醫療類指數,160.54
2025-09-05,化學類指數,167.12
2025-09-05,生技醫療類指數,95.54
2025-09-05,玻璃陶瓷類指數,70.84
2025-09-05,造紙類指數,248.89
2025-09-05,鋼鐵類指數,118.08
2025-09-05,橡膠類指數,217.78
2025-09-05,汽車類指數,329.49
2025-09-05,電子工業類指數,1400.19
2025-09-05,半導體類指數,706.05
2025-09-05,電腦及週邊設備類指數,279.47
2025-09-05,光電類指數,37.9
2025-09-05,通信網路類指數,181.01
2025-09-05,電子零組件類指數,329.26
2025-09-05,電子通路類指數,230.2
2025-09-05,資訊服務類指數,219.67
2025-09-05,其他電子類指數,195.05
2025-09-05,建材營造類指數,507.01
2025-09-05,航運類指數,189.05
2025-09-05,觀光餐旅類指數,111.51
2025-09-05,金融保險類指數,2179.74
2025-09-05,貿易百貨類指數,254.52
2025-09-05,油電燃氣類指數,58.5
2025-09-05,綠能環保類指數,101.42
2025-09-05,數位雲端類指數,50.14
2025-09-05,運動休閒類指數,73.81
2025-09-05,居家生活類指數,120.68
2025-09-05,其他類指數,295.92
2025-09-04,發行量加權股價指數,24179.85
2025-09-04,水泥窯製類指數,514.62
2025-09-04,塑膠化工類指數,665.82
2025-09-04,機電類指數,7643.44
2025-09-04,水泥類指數,121.09
2025-09-04,食品類指數,2067.95
2025-09-04,塑膠類指數,117.84
2025-09-04,紡織纖維類指數,510.73
2025-09-04,電機機械類指數,395.1
2025-09-04,電器電纜類指數,91.11
2025-09-04,化學生技醫療類指數,158.33
2025-09-04,化學類指數,164.75
2025-09-04,生技醫療類指數,94.25
2025-09-04,玻璃陶瓷類指數,71.14
2025-09-04,造紙類指數,250.05
2025-09-04,鋼鐵類指數,119.26
2025-09-04,橡膠類指數,218.55
2025-09-04,汽車類指數,328.54
2025-09-04,電子工業類指數,1375.74
2025-09-04,半導體類指數,693.06
2025-09-04,電腦及週邊設備類指數,275.19
2025-09-04,光電類指數,37.52
2025-09-04,通信網路類指數,179.96
2025-09-04,電子零組件類指數,320.12
2025-09-04,電子通路類指數,231.12
2025-09-04,資訊服務類指數,218.28
2025-09-04,其他電子類指數,192.89
2025-09-04,建材營造類指數,513.35
2025-09-04,航運類指數,188.75
2025-09-04,觀光餐旅類指數,112.23
2025-09-04,金融保險類指數,2172.39
2025-09-04,貿易百貨類指數,255.0
2025-09-04,油電燃氣類指數,58.63
2025-09-04,綠能環保類指數,101.24
2025-09-04,數位雲端類指數,50.02
2025-09-04,運動休閒類指數,74.06
2025-09-04,居家生活類指數,119.85
2025-09-04,其他類指數,296.0
2025-09-03,發行量加權股價指數,24100.3
2025-09-03,水泥窯製類指數,516.78
2025-09-03,塑膠化工類指數,669.87
2025-09-03,機電類指數,7630.68
2025-09-03,水泥類指數,120.31
2025-09-03,食品類指數,2061.36
2025-09-03,塑膠類指數,117.37
2025-09-03,紡織纖維類指數,504.87
2025-09-03,電機機械類指數,390.94
2025-09-03,電器電纜類指數,85.33
2025-09-03,化學生技醫療類指數,160.67
2025-09-03,化學類指數,167.53
2025-09-03,生技醫療類指數,95.56
2025-09-03,玻璃陶瓷類指數,74.18
2025-09-03,造紙類指數,245.28
2025-09-03,鋼鐵類指數,118.29
2025-09-03,橡膠類指數,215.63
2025-09-03,汽車類指數,325.49
2025-09-03,電子工業類指數,1374.08
2025-09-03,半導體類指數,693.56
2025-09-03,電腦及週邊設備類指數,273.01
2025-09-03,光電類指數,37.44
2025-09-03,通信網路類指數,179.5
2025-09-03,電子零組件類指數,320.04
2025-09-03,電子通路類指數,228.31
2025-09-03,資訊服務類指數,216.48
2025-09-03,其他電子類指數,191.23
2025-09-03,建材營造類指數,480.47
2025-09-03,航運類指數,186.9
2025-09-03,觀光餐旅類指數,110.85
2025-09-03,金融保險類指數,2161.37
2025-09-03,貿易百貨類指數,253.0
2025-09-03,油電燃氣類指數,58.29
2025-09-03,綠能環保類指數,101.13
2025-09-03,數位雲端類指數,49.84
2025-09-03,運動休閒類指數,72.68
2025-09-03,居家生活類指數,119.55
2025-09-03,其他類指數,291.55
2025-09-02,發行量加權股價指數,24016.78
2025-09-02,水泥窯製類指數,512.06
2025-09-02,塑膠化工類指數,661.46
2025-09-02,機電類指數,7601.93
2025-09-02,水泥類指數,119.42
2025-09-02,食品類指數,2063.29
2025-09-02,塑膠類指數,118.82
2025-09-02,紡織纖維類指數,498.83
2025-09-02,電機機械類指數,388.83
2025-09-02,電器電纜類指數,85.7
2025-09-02,化學生技醫療類指數,156.12
2025-09-02,化學類指數,166.87
2025-09-02,生技醫療類指數,91.85
2025-09-02,玻璃陶瓷類指數,73.07
2025-09-02,造紙類指數,245.44
2025-09-02,鋼鐵類指數,118.7
2025-09-02,橡膠類指數,215.88
2025-09-02,汽車類指數,325.94
2025-09-02,電子工業類指數,1368.9
2025-09-02,半導體類指數,691.71
2025-09-02,電腦及週邊設備類指數,271.76
2025-09-02,光電類指數,36.96
2025-09-02,通信網路類指數,179.13
2025-09-02,電子零組件類指數,317.65
2025-09-02,電子通路類指數,229.44
2025-09-02,資訊服務類指數,215.72
2025-09-02,其他電子類指數,189.86
2025-09-02,建材營造類指數,480.78
2025-09-02,航運類指數,185.51
2025-09-02,觀光餐旅類指數,109.84
2025-09-02,金融保險類指數,2162.69
2025-09-02,貿易百貨類指數,252.86
2025-09-02,油電燃氣類指數,58.43
2025-09-02,綠能環保類指數,102.4
2025-09-02,數位雲端類指數,49.74
2025-09-02,運動休閒類指數,72.87
2025-09-02,居家生活類指數,119.5
2025-09-02,其他類指數,288.78
2025-09-01,發行量加權股價指數,24071.73
2025-09-01,水泥窯製類指數,525.27
2025-09-01,塑膠化工類指數,660.56
2025-09-01,機電類指數,7638.71
2025-09-01,水泥類指數,120.16
2025-09-01,食品類指數,2047.94
2025-09-01,塑膠類指數,123.38
2025-09-01,紡織纖維類指數,498.92
2025-09-01,電機機械類指數,395.4
2025-09-01,電器電纜類指數,86.76
2025-09-01,化學生技醫療類指數,152.25
2025-09-01,化學類指數,168.88
2025-09-01,生技醫療類指數,88.08
2025-09-01,玻璃陶瓷類指數,79.93
2025-09-01,造紙類指數,245.94
2025-09-01,鋼鐵類指數,119.22
2025-09-01,橡膠類指數,216.61
2025-09-01,汽車類指數,326.71
2025-09-01,電子工業類指數,1375.13
2025-09-01,半導體類指數,694.32
2025-09-01,電腦及週邊設備類指數,272.9
2025-09-01,光電類指數,37.15
2025-09-01,通信網路類指數,177.81
2025-09-01,電子零組件類指數,321.7
2025-09-01,電子通路類指數,230.66
2025-09-01,資訊服務類指數,217.58
2025-09-01,其他電子類指數,191.47
2025-09-01,建材營造類指數,477.97
2025-09-01,航運類指數,185.24
2025-09-01,觀光餐旅類指數,109.74
2025-09-01,金融保險類指數,2134.49
2025-09-01,貿易百貨類指數,252.82
2025-09-01,油電燃氣類指數,58.87
2025-09-01,綠能環保類指數,102.44
2025-09-01,數位雲端類指數,49.44
2025-09-01,運動休閒類指數,73.29
2025-09-01,居家生活類指數,118.14
2025-09-01,其他類指數,288.69
2025-08-29,發行量加權股價指數,24233.1
2025-08-29,水泥窯製類指數,540.44
2025-08-29,塑膠化工類指數,659.08
2025-08-29,機電類指數,7706.49
2025-08-29,水泥類指數,121.33
2025-08-29,食品類指數,2056.57
2025-08-29,塑膠類指數,124.23
2025-08-29,紡織纖維類指數,502.97
2025-08-29,電機機械類指數,407.52
2025-08-29,電器電纜類指數,88.54
2025-08-29,化學生技醫療類指數,150.9
2025-08-29,化學類指數,166.21
2025-08-29,生技醫療類指數,87.58
2025-08-29,玻璃陶瓷類指數,87.12
2025-08-29,造紙類指數,246.98
2025-08-29,鋼鐵類指數,120.74
2025-08-29,橡膠類指數,217.55
2025-08-29,汽車類指數,328.35
2025-08-29,電子工業類指數,1386.62
2025-08-29,半導體類指數,692.44
2025-08-29,電腦及週邊設備類指數,281.27
2025-08-29,光電類指數,37.96
2025-08-29,通信網路類指數,180.35
2025-08-29,電子零組件類指數,334.6
2025-08-29,電子通路類指數,236.58
2025-08-29,資訊服務類指數,220.49
2025-08-29,其他電子類指數,196.62
2025-08-29,建材營造類指數,480.72
2025-08-29,航運類指數,186.88
2025-08-29,觀光餐旅類指數,109.6
2025-08-29,金融保險類指數,2114.59
2025-08-29,貿易百貨類指數,255.12
2025-08-29,油電燃氣類指數,59.24
2025-08-29,綠能環保類指數,103.96
2025-08-29,數位雲端類指數,50.18
2025-08-29,運動休閒類指數,74.73
2025-08-29,居家生活類指數,117.09
2025-08-29,其他類指數,291.66
2025-08-28,發行量加權股價指數,24236.45
2025-08-28,水泥窯製類指數,541.35
2025-08-28,塑膠化工類指數,654.38
2025-08-28,機電類指數,7697.68
2025-08-28,水泥類指數,122.27
2025-08-28,食品類指數,2062.27
2025-08-28,塑膠類指數,124.15
2025-08-28,紡織纖維類指數,502.43
2025-08-28,電機機械類指數,403.74
2025-08-28,電器電纜類指數,89.72
2025-08-28,化學生技醫療類指數,148.9
2025-08-28,化學類指數,163.23
2025-08-28,生技醫療類指數,86.61
2025-08-28,玻璃陶瓷類指數,85.7
2025-08-28,造紙類指數,247.53
2025-08-28,鋼鐵類指數,121.11
2025-08-28,橡膠類指數,218.66
2025-08-28,汽車類指數,330.43
2025-08-28,電子工業類指數,1385.2
2025-08-28,半導體類指數,692.25
2025-08-28,電腦及週邊設備類指數,283.98
2025-08-28,光電類指數,37.96
2025-08-28,通信網路類指數,178.58
2025-08-28,電子零組件類指數,331.03
2025-08-28,電子通路類指數,235.54
2025-08-28,資訊服務類指數,222.88
2025-08-28,其他電子類指數,196.38
2025-08-28,建材營造類指數,483.48
2025-08-28,航運類指數,188.0
2025-08-28,觀光餐旅類指數,109.04
2025-08-28,金融保險類指數,2131.59
2025-08-28,貿易百貨類指數,252.42
2025-08-28,油電燃氣類指數,59.95
2025-08-28,綠能環保類指數,104.59
2025-08-28,數位雲端類指數,50.66
2025-08-28,運動休閒類指數,74.93
2025-08-28,居家生活類指數,120.51
2025-08-28,其他類指數,290.54
2025-08-27,發行量加權股價指數,24519.9
2025-08-27,水泥窯製類指數,543.36
2025-08-27,塑膠化工類指數,662.89
2025-08-27,機電類指數,7814.25
2025-08-27,水泥類指數,123.21
2025-08-27,食品類指數,2044.17
2025-08-27,塑膠類指數,127.57
2025-08-27,紡織纖維類指數,503.5
2025-08-27,電機機械類指數,405.27
2025-08-27,電器電纜類指數,89.58
2025-08-27,化學生技醫療類指數,149.8
2025-08-27,化學類指數,162.39
2025-08-27,生技醫療類指數,87.58
2025-08-27,玻璃陶瓷類指數,84.99
2025-08-27,造紙類指數,247.44
2025-08-27,鋼鐵類指數,121.84
2025-08-27,橡膠類指數,218.85
2025-08-27,汽車類指數,326.74
2025-08-27,電子工業類指數,1406.62
2025-08-27,半導體類指數,707.83
2025-08-27,電腦及週邊設備類指數,285.29
2025-08-27,光電類指數,37.51
2025-08-27,通信網路類指數,179.49
2025-08-27,電子零組件類指數,331.71
2025-08-27,電子通路類指數,230.53
2025-08-27,資訊服務類指數,224.36
2025-08-27,其他電子類指數,197.54
2025-08-27,建材營造類指數,481.91
2025-08-27,航運類指數,187.06
2025-08-27,觀光餐旅類指數,108.82
2025-08-27,金融保險類指數,2132.59
2025-08-27,貿易百貨類指數,252.95
2025-08-27,油電燃氣類指數,61.27
2025-08-27,綠能環保類指數,104.98
2025-08-27,數位雲端類指數,50.98
2025-08-27,運動休閒類指數,74.87
2025-08-27,居家生活類指數,120.69
2025-08-27,其他類指數,290.59
2025-08-26,發行量加權股價指數,24305.1
2025-08-26,水泥窯製類指數,542.54
2025-08-26,塑膠化工類指數,663.12
2025-08-26,機電類指數,7720.18
2025-08-26,水泥類指數,123.73
2025-08-26,食品類指數,2039.2
2025-08-26,塑膠類指數,127.84
2025-08-26,紡織纖維類指數,502.74
2025-08-26,電機機械類指數,400.1
2025-08-26,電器電纜類指數,88.26
2025-08-26,化學生技醫療類指數,149.7
2025-08-26,化學類指數,161.68
2025-08-26,生技醫療類指數,87.66
2025-08-26,玻璃陶瓷類指數,83.35
2025-08-26,造紙類指數,247.02
2025-08-26,鋼鐵類指數,121.55
2025-08-26,橡膠類指數,218.77
2025-08-26,汽車類指數,327.1
2025-08-26,電子工業類指數,1389.72
2025-08-26,半導體類指數,700.04
2025-08-26,電腦及週邊設備類指數,280.68
2025-08-26,光電類指數,37.12
2025-08-26,通信網路類指數,179.02
2025-08-26,電子零組件類指數,322.48
2025-08-26,電子通路類指數,228.89
2025-08-26,資訊服務類指數,223.85
2025-08-26,其他電子類指數,197.06
2025-08-26,建材營造類指數,482.43
2025-08-26,航運類指數,186.65
2025-08-26,觀光餐旅類指數,108.59
2025-08-26,金融保險類指數,2139.46
2025-08-26,貿易百貨類指數,252.93
2025-08-26,油電燃氣類指數,62.15
2025-08-26,綠能環保類指數,105.47
2025-08-26,數位雲端類指數,50.93
2025-08-26,運動休閒類指數,74.61
2025-08-26,居家生活類指數,120.13
2025-08-26,其他類指數,289.57
2025-08-25,發行量加權股價指數,24277.38
2025-08-25,水泥窯製類指數,545.74
2025-08-25,塑膠化工類指數,657.78
2025-08-25,機電類指數,7683.56
2025-08-25,水泥類指數,125.01
2025-08-25,食品類指數,2059.99
2025-08-25,塑膠類指數,125.86
2025-08-25,紡織纖維類指數,511.23
2025-08-25,電機機械類指數,404.43
2025-08-25,電器電纜類指數,89.57
2025-08-25,化學生技醫療類指數,148.58
2025-08-25,化學類指數,160.53
2025-08-25,生技醫療類指數,87.0
2025-08-25,玻璃陶瓷類指數,82.68
2025-08-25,造紙類指數,247.58
2025-08-25,鋼鐵類指數,123.24
2025-08-25,橡膠類指數,222.33
2025-08-25,汽車類指數,329.03
2025-08-25,電子工業類指數,1382.55
2025-08-25,半導體類指數,696.54
2025-08-25,電腦及週邊設備類指數,281.28
2025-08-25,光電類指數,36.83
2025-08-25,通信網路類指數,178.59
2025-08-25,電子零組件類指數,319.53
2025-08-25,電子通路類指數,228.35
2025-08-25,資訊服務類指數,223.35
2025-08-25,其他電子類指數,194.84
2025-08-25,建材營造類指數,485.5
2025-08-25,航運類指數,187.98
2025-08-25,觀光餐旅類指數,108.5
2025-08-25,金融保險類指數,2175.21
2025-08-25,貿易百貨類指數,255.52
2025-08-25,油電燃氣類指數,62.85
2025-08-25,綠能環保類指數,106.36
2025-08-25,數位雲端類指數,51.32
2025-08-25,運動休閒類指數,75.18
2025-08-25,居家生活類指數,120.89
2025-08-25,其他類指數,291.14
2025-08-22,發行量加權股價指數,23764.47
2025-08-22,水泥窯製類指數,538.49
2025-08-22,塑膠化工類指數,650.66
2025-08-22,機電類指數,7479.61
2025-08-22,水泥類指數,124.23
2025-08-22,食品類指數,2055.38
2025-08-22,塑膠類指數,124.73
2025-08-22,紡織纖維類指數,509.01
2025-08-22,電機機械類指數,391.94
2025-08-22,電器電纜類指數,88.6
2025-08-22,化學生技醫療類指數,146.85
2025-08-22,化學類指數,157.99
2025-08-22,生技醫療類指數,86.15
2025-08-22,玻璃陶瓷類指數,79.72
2025-08-22,造紙類指數,247.52
2025-08-22,鋼鐵類指數,122.33
2025-08-22,橡膠類指數,219.54
2025-08-22,汽車類指數,325.04
2025-08-22,電子工業類指數,1345.89
2025-08-22,半導體類指數,676.06
2025-08-22,電腦及週邊設備類指數,275.09
2025-08-22,光電類指數,36.25
2025-08-22,通信網路類指數,177.63
2025-08-22,電子零組件類指數,310.39
2025-08-22,電子通路類指數,226.41
2025-08-22,資訊服務類指數,218.74
2025-08-22,其他電子類指數,190.25
2025-08-22,建材營造類指數,488.33
2025-08-22,航運類指數,187.44
2025-08-22,觀光餐旅類指數,108.54
2025-08-22,金融保險類指數,2165.99
2025-08-22,貿易百貨類指數,255.28
2025-08-22,油電燃氣類指數,63.17
2025-08-22,綠能環保類指數,105.74
2025-08-22,數位雲端類指數,51.15
2025-08-22,運動休閒類指數,74.21
2025-08-22,居家生活類指數,120.43
2025-08-22,其他類指數,287.46
2025-08-21,發行量加權股價指數,23962.13
2025-08-21,水泥窯製類指數,542.27
2025-08-21,塑膠化工類指數,656.02
2025-08-21,機電類指數,7546.85
2025-08-21,水泥類指數,124.68
2025-08-21,食品類指數,2062.44
2025-08-21,塑膠類指數,126.13
2025-08-21,紡織纖維類指數,509.61
2025-08-21,電機機械類指數,390.44
2025-08-21,電器電纜類指數,87.28
2025-08-21,化學生技醫療類指數,147.71
2025-08-21,化學類指數,160.37
2025-08-21,生技醫療類指數,86.3
2025-08-21,玻璃陶瓷類指數,81.18
2025-08-21,造紙類指數,249.12
2025-08-21,鋼鐵類指數,123.22
2025-08-21,橡膠類指數,221.9
2025-08-21,汽車類指數,328.08
2025-08-21,電子工業類指數,1358.51
2025-08-21,半導體類指數,684.23
2025-08-21,電腦及週邊設備類指數,276.46
2025-08-21,光電類指數,36.67
2025-08-21,通信網路類指數,179.25
2025-08-21,電子零組件類指數,307.83
2025-08-21,電子通路類指數,226.87
2025-08-21,資訊服務類指數,219.56
2025-08-21,其他電子類指數,193.01
2025-08-21,建材營造類指數,491.27
2025-08-21,航運類指數,189.55
2025-08-21,觀光餐旅類指數,109.08
2025-08-21,金融保險類指數,2181.46
2025-08-21,貿易百貨類指數,257.19
2025-08-21,油電燃氣類指數,62.56
2025-08-21,綠能環保類指數,103.43
2025-08-21,數位雲端類指數,52.04
2025-08-21,運動休閒類指數,74.55
2025-08-21,居家生活類指數,120.72
2025-08-21,其他類指數,288.52
2025-08-20,發行量加權股價指數,23625.44
2025-08-20,水泥窯製類指數,541.83
2025-08-20,塑膠化工類指數,635.52
2025-08-20,機電類指數,7434.6
2025-08-20,水泥類指數,124.89
2025-08-20,食品類指數,2042.1
2025-08-20,塑膠類指數,119.5
2025-08-20,紡織纖維類指數,503.49
2025-08-20,電機機械類指數,382.95
2025-08-20,電器電纜類指數,86.38
2025-08-20,化學生技醫療類指數,144.2
2025-08-20,化學類指數,158.71
2025-08-20,生技醫療類指數,83.72
2025-08-20,玻璃陶瓷類指數,80.44
2025-08-20,造紙類指數,246.42
2025-08-20,鋼鐵類指數,122.23
2025-08-20,橡膠類指數,222.83
2025-08-20,汽車類指數,323.79
2025-08-20,電子工業類指數,1338.4
2025-08-20,半導體類指數,675.58
2025-08-20,電腦及週邊設備類指數,273.86
2025-08-20,光電類指數,35.74
2025-08-20,通信網路類指數,178.17
2025-08-20,電子零組件類指數,298.81
2025-08-20,電子通路類指數,225.42
2025-08-20,資訊服務類指數,216.13
2025-08-20,其他電子類指數,188.16
2025-08-20,建材營造類指數,490.81
2025-08-20,航運類指數,188.19
2025-08-20,觀光餐旅類指數,108.35
2025-08-20,金融保險類指數,2167.98
2025-08-20,貿易百貨類指數,255.08
2025-08-20,油電燃氣類指數,58.5
2025-08-20,綠能環保類指數,101.57
2025-08-20,數位雲端類指數,51.09
2025-08-20,運動休閒類指數,73.83
2025-08-20,居家生活類指數,121.16
2025-08-20,其他類指數,286.09
2025-08-19,發行量加權股價指數,24353.5
2025-08-19,水泥窯製類指數,554.14
2025-08-19,塑膠化工類指數,643.54
2025-08-19,機電類指數,7719.72
2025-08-19,水泥類指數,124.92
2025-08-19,食品類指數,2050.13
2025-08-19,塑膠類指數,123.12
2025-08-19,紡織纖維類指數,509.48
2025-08-19,電機機械類指數,388.55
2025-08-19,電器電纜類指數,88.75
2025-08-19,化學生技醫療類指數,144.75
2025-08-19,化學類指數,161.02
2025-08-19,生技醫療類指數,83.63
2025-08-19,玻璃陶瓷類指數,88.24
2025-08-19,造紙類指數,247.5
2025-08-19,鋼鐵類指數,123.31
2025-08-19,橡膠類指數,222.89
2025-08-19,汽車類指數,326.44
2025-08-19,電子工業類指數,1390.48
2025-08-19,半導體類指數,703.31
2025-08-19,電腦及週邊設備類指數,283.69
2025-08-19,光電類指數,36.43
2025-08-19,通信網路類指數,181.89
2025-08-19,電子零組件類指數,312.86
2025-08-19,電子通路類指數,229.72
2025-08-19,資訊服務類指數,218.52
2025-08-19,其他電子類指數,194.75
2025-08-19,建材營造類指數,495.12
2025-08-19,航運類指數,189.62
2025-08-19,觀光餐旅類指數,108.97
2025-08-19,金融保險類指數,2185.37
2025-08-19,貿易百貨類指數,255.13
2025-08-19,油電燃氣類指數,60.09
2025-08-19,綠能環保類指數,102.85
2025-08-19,數位雲端類指數,51.85
2025-08-19,運動休閒類指數,74.26
2025-08-19,居家生活類指數,120.16
2025-08-19,其他類指數,290.3
2025-08-18,發行量加權股價指數,24482.52
2025-08-18,水泥窯製類指數,568.8
2025-08-18,塑膠化工類指數,647.92
2025-08-18,機電類指數,7755.01
2025-08-18,水泥類指數,127.6
2025-08-18,食品類指數,2057.23
2025-08-18,塑膠類指數,129.35
2025-08-18,紡織纖維類指數,514.36
2025-08-18,電機機械類指數,391.77
2025-08-18,電器電纜類指數,89.63
2025-08-18,化學生技醫療類指數,141.98
2025-08-18,化學類指數,160.06
2025-08-18,生技醫療類指數,81.51
2025-08-18,玻璃陶瓷類指數,91.89
2025-08-18,造紙類指數,249.33
2025-08-18,鋼鐵類指數,123.84
2025-08-18,橡膠類指數,221.93
2025-08-18,汽車類指數,328.51
2025-08-18,電子工業類指數,1396.69
2025-08-18,半導體類指數,702.23
2025-08-18,電腦及週邊設備類指數,288.05
2025-08-18,光電類指數,36.54
2025-08-18,通信網路類指數,183.8
2025-08-18,電子零組件類指數,320.9
2025-08-18,電子通路類指數,230.84
2025-08-18,資訊服務類指數,219.62
2025-08-18,其他電子類指數,197.35
2025-08-18,建材營造類指數,498.59
2025-08-18,航運類指數,192.64
2025-08-18,觀光餐旅類指數,109.57
2025-08-18,金融保險類指數,2196.53
2025-08-18,貿易百貨類指數,255.31
2025-08-18,油電燃氣類指數,60.79
2025-08-18,綠能環保類指數,103.09
2025-08-18,數位雲端類指數,52.16
2025-08-18,運動休閒類指數,75.5
2025-08-18,居家生活類指數,121.82
2025-08-18,其他類指數,291.68
2025-08-15,發行量加權股價指數,24334.48
2025-08-15,水泥窯製類指數,555.99
2025-08-15,塑膠化工類指數,630.57
2025-08-15,機電類指數,7706.3
2025-08-15,水泥類指數,127.31
2025-08-15,食品類指數,2065.63
2025-08-15,塑膠類指數,124.59
2025-08-15,紡織纖維類指數,511.79
2025-08-15,電機機械類指數,387.16
2025-08-15,電器電纜類指數,87.76
2025-08-15,化學生技醫療類指數,138.77
2025-08-15,化學類指數,155.63
2025-08-15,生技醫療類指數,79.86
2025-08-15,玻璃陶瓷類指數,84.34
2025-08-15,造紙類指數,250.4
2025-08-15,鋼鐵類指數,123.13
2025-08-15,橡膠類指數,219.28
2025-08-15,汽車類指數,328.68
2025-08-15,電子工業類指數,1388.17
2025-08-15,半導體類指數,700.96
2025-08-15,電腦及週邊設備類指數,285.68
2025-08-15,光電類指數,35.99
2025-08-15,通信網路類指數,180.14
2025-08-15,電子零組件類指數,314.51
2025-08-15,電子通路類指數,230.86
2025-08-15,資訊服務類指數,219.4
2025-08-15,其他電子類指數,194.95
2025-08-15,建材營造類指數,497.64
2025-08-15,航運類指數,191.33
2025-08-15,觀光餐旅類指數,109.56
2025-08-15,金融保險類指數,2189.35
2025-08-15,貿易百貨類指數,255.07
2025-08-15,油電燃氣類指數,61.43
2025-08-15,綠能環保類指數,102.49
2025-08-15,數位雲端類指數,51.99
2025-08-15,運動休閒類指數,76.94
2025-08-15,居家生活類指數,125.47
2025-08-15,其他類指數,290.62
2025-08-14,發行量加權股價指數,24238.1
2025-08-14,水泥窯製類指數,547.69
2025-08-14,塑膠化工類指數,622.24
2025-08-14,機電類指數,7666.73
2025-08-14,水泥類指數,127.95
2025-08-14,食品類指數,2054.78
2025-08-14,塑膠類指數,122.06
2025-08-14,紡織纖維類指數,506.58
2025-08-14,電機機械類指數,385.74
2025-08-14,電器電纜類指數,88.21
2025-08-14,化學生技醫療類指數,137.26
2025-08-14,化學類指數,154.04
2025-08-14,生技醫療類指數,78.97
2025-08-14,玻璃陶瓷類指數,77.68
2025-08-14,造紙類指數,249.19
2025-08-14,鋼鐵類指數,120.54
2025-08-14,橡膠類指數,219.27
2025-08-14,汽車類指數,328.47
2025-08-14,電子工業類指數,1380.94
2025-08-14,半導體類指數,699.15
2025-08-14,電腦及週邊設備類指數,286.09
2025-08-14,光電類指數,35.75
2025-08-14,通信網路類指數,178.75
2025-08-14,電子零組件類指數,310.68
2025-08-14,電子通路類指數,231.88
2025-08-14,資訊服務類指數,220.48
2025-08-14,其他電子類指數,189.8
2025-08-14,建材營造類指數,495.87
2025-08-14,航運類指數,191.39
2025-08-14,觀光餐旅類指數,109.37
2025-08-14,金融保險類指數,2202.41
2025-08-14,貿易百貨類指數,256.72
2025-08-14,油電燃氣類指數,60.72
2025-08-14,綠能環保類指數,102.9
2025-08-14,數位雲端類指數,52.38
2025-08-14,運動休閒類指數,77.13
2025-08-14,居家生活類指數,130.01
2025-08-14,其他類指數,292.14
2025-08-13,發行量加權股價指數,24370.02
2025-08-13,水泥窯製類指數,550.71
2025-08-13,塑膠化工類指數,620.43
2025-08-13,機電類指數,7744.32
2025-08-13,水泥類指數,129.88
2025-08-13,食品類指數,2034.97
2025-08-13,塑膠類指數,123.05
2025-08-13,紡織纖維類指數,495.01
2025-08-13,電機機械類指數,384.91
2025-08-13,電器電纜類指數,85.03
2025-08-13,化學生技醫療類指數,135.75
2025-08-13,化學類指數,152.81
2025-08-13,生技醫療類指數,77.99
2025-08-13,玻璃陶瓷類指數,75.5
2025-08-13,造紙類指數,248.98
2025-08-13,鋼鐵類指數,119.6
2025-08-13,橡膠類指數,219.45
2025-08-13,汽車類指數,327.71
2025-08-13,電子工業類指數,1395.54
2025-08-13,半導體類指數,710.15
2025-08-13,電腦及週邊設備類指數,288.64
2025-08-13,光電類指數,35.75
2025-08-13,通信網路類指數,178.8
2025-08-13,電子零組件類指數,309.98
2025-08-13,電子通路類指數,232.37
2025-08-13,資訊服務類指數,221.45
2025-08-13,其他電子類指數,188.74
2025-08-13,建材營造類指數,493.7
2025-08-13,航運類指數,190.39
2025-08-13,觀光餐旅類指數,108.97
2025-08-13,金融保險類指數,2177.73
2025-08-13,貿易百貨類指數,256.93
2025-08-13,油電燃氣類指數,60.73
2025-08-13,綠能環保類指數,103.09
2025-08-13,數位雲端類指數,52.35
2025-08-13,運動休閒類指數,76.03
2025-08-13,居家生活類指數,123.87
2025-08-13,其他類指數,289.4
2025-08-12,發行量加權股價指數,24158.36
2025-08-12,水泥窯製類指數,539.86
2025-08-12,塑膠化工類指數,620.12
2025-08-12,機電類指數,7660.66
2025-08-12,水泥類指數,129.7
2025-08-12,食品類指數,2036.61
2025-08-12,塑膠類指數,122.41
2025-08-12,紡織纖維類指數,491.53
2025-08-12,電機機械類指數,386.9
2025-08-12,電器電纜類指數,84.98
2025-08-12,化學生技醫療類指數,135.75
2025-08-12,化學類指數,152.93
2025-08-12,生技醫療類指數,77.95
2025-08-12,玻璃陶瓷類指數,68.96
2025-08-12,造紙類指數,252.55
2025-08-12,鋼鐵類指數,120.43
2025-08-12,橡膠類指數,222.59
2025-08-12,汽車類指數,326.73
2025-08-12,電子工業類指數,1379.94
2025-08-12,半導體類指數,699.92
2025-08-12,電腦及週邊設備類指數,292.22
2025-08-12,光電類指數,35.59
2025-08-12,通信網路類指數,177.98
2025-08-12,電子零組件類指數,304.31
2025-08-12,電子通路類指數,233.54
2025-08-12,資訊服務類指數,222.48
2025-08-12,其他電子類指數,186.69
2025-08-12,建材營造類指數,493.38
2025-08-12,航運類指數,190.6
2025-08-12,觀光餐旅類指數,108.91
2025-08-12,金融保險類指數,2170.22
2025-08-12,貿易百貨類指數,256.27
2025-08-12,油電燃氣類指數,60.8
2025-08-12,綠能環保類指數,103.95
2025-08-12,數位雲端類指數,52.15
2025-08-12,運動休閒類指數,75.55
2025-08-12,居家生活類指數,121.25
2025-08-12,其他類指數,287.41
2025-08-11,發行量加權股價指數,24135.5
2025-08-11,水泥窯製類指數,530.63
2025-08-11,塑膠化工類指數,608.88
2025-08-11,機電類指數,7662.66
2025-08-11,水泥類指數,129.53
2025-08-11,食品類指數,2036.83
2025-08-11,塑膠類指數,118.24
2025-08-11,紡織纖維類指數,491.01
2025-08-11,電機機械類指數,388.98
2025-08-11,電器電纜類指數,85.28
2025-08-11,化學生技醫療類指數,134.41
2025-08-11,化學類指數,152.23
2025-08-11,生技醫療類指數,76.99
2025-08-11,玻璃陶瓷類指數,63.45
2025-08-11,造紙類指數,251.63
2025-08-11,鋼鐵類指數,120.31
2025-08-11,橡膠類指數,221.46
2025-08-11,汽車類指數,325.24
2025-08-11,電子工業類指數,1380.13
2025-08-11,半導體類指數,699.34
2025-08-11,電腦及週邊設備類指數,294.45
2025-08-11,光電類指數,35.51
2025-08-11,通信網路類指數,177.18
2025-08-11,電子零組件類指數,303.48
2025-08-11,電子通路類指數,234.87
2025-08-11,資訊服務類指數,220.62
2025-08-11,其他電子類指數,187.86
2025-08-11,建材營造類指數,494.56
2025-08-11,航運類指數,188.73
2025-08-11,觀光餐旅類指數,109.4
2025-08-11,金融保險類指數,2169.88
2025-08-11,貿易百貨類指數,257.52
2025-08-11,油電燃氣類指數,58.83
2025-08-11,綠能環保類指數,104.49
2025-08-11,數位雲端類指數,52.18
2025-08-11,運動休閒類指數,75.68
2025-08-11,居家生活類指數,120.84
2025-08-11,其他類指數,286.67
2025-08-08,發行量加權股價指數,24021.26
2025-08-08,水泥窯製類指數,528.95
2025-08-08,塑膠化工類指數,602.89
2025-08-08,機電類指數,7618.27
2025-08-08,水泥類指數,129.78
2025-08-08,食品類指數,2054.35
2025-08-08,塑膠類指數,113.13
2025-08-08,紡織纖維類指數,500.9
2025-08-08,電機機械類指數,389.38
2025-08-08,電器電纜類指數,86.23
2025-08-08,化學生技醫療類指數,135.49
2025-08-08,化學類指數,152.87
2025-08-08,生技醫療類指數,77.75
2025-08-08,玻璃陶瓷類指數,61.83
2025-08-08,造紙類指數,250.88
2025-08-08,鋼鐵類指數,119.79
2025-08-08,橡膠類指數,224.08
2025-08-08,汽車類指數,324.8
2025-08-08,電子工業類指數,1371.84
2025-08-08,半導體類指數,696.66
2025-08-08,電腦及週邊設備類指數,292.03
2025-08-08,光電類指數,35.44
2025-08-08,通信網路類指數,175.89
2025-08-08,電子零組件類指數,299.07
2025-08-08,電子通路類指數,237.82
2025-08-08,資訊服務類指數,219.49
2025-08-08,其他電子類指數,185.08
2025-08-08,建材營造類指數,495.85
2025-08-08,航運類指數,188.95
2025-08-08,觀光餐旅類指數,110.26
2025-08-08,金融保險類指數,2161.82
2025-08-08,貿易百貨類指數,258.75
2025-08-08,油電燃氣類指數,58.08
2025-08-08,綠能環保類指數,104.57
2025-08-08,數位雲端類指數,52.47
2025-08-08,運動休閒類指數,76.55
2025-08-08,居家生活類指數,122.16
2025-08-08,其他類指數,286.73
2025-08-07,發行量加權股價指數,24003.77
2025-08-07,水泥窯製類指數,526.79
2025-08-07,塑膠化工類指數,604.03
2025-08-07,機電類指數,7611.05
2025-08-07,水泥類指數,129.78
2025-08-07,食品類指數,2082.92
2025-08-07,塑膠類指數,114.27
2025-08-07,紡織纖維類指數,503.08
2025-08-07,電機機械類指數,388.32
2025-08-07,電器電纜類指數,86.47
2025-08-07,化學生技醫療類指數,134.89
2025-08-07,化學類指數,152.49
2025-08-07,生技醫療類指數,77.34
2025-08-07,玻璃陶瓷類指數,60.46
2025-08-07,造紙類指數,250.4
2025-08-07,鋼鐵類指數,118.35
2025-08-07,橡膠類指數,225.83
2025-08-07,汽車類指數,327.12
2025-08-07,電子工業類指數,1370.57
2025-08-07,半導體類指數,698.94
2025-08-07,電腦及週邊設備類指數,289.95
2025-08-07,光電類指數,35.43
2025-08-07,通信網路類指數,174.25
2025-08-07,電子零組件類指數,293.04
2025-08-07,電子通路類指數,242.76
2025-08-07,資訊服務類指數,219.18
2025-08-07,其他電子類指數,184.28
2025-08-07,建材營造類指數,497.85
2025-08-07,航運類指數,186.42
2025-08-07,觀光餐旅類指數,110.74
2025-08-07,金融保險類指數,2159.57
2025-08-07,貿易百貨類指數,259.19
2025-08-07,油電燃氣類指數,58.78
2025-08-07,綠能環保類指數,104.73
2025-08-07,數位雲端類指數,53.46
2025-08-07,運動休閒類指數,76.78
2025-08-07,居家生活類指數,123.85
2025-08-07,其他類指數,286.83
2025-08-06,發行量加權股價指數,23447.36
2025-08-06,水泥窯製類指數,527.38
2025-08-06,塑膠化工類指數,603.25
2025-08-06,機電類指數,7368.08
2025-08-06,水泥類指數,129.88
2025-08-06,食品類指數,2084.76
2025-08-06,塑膠類指數,114.65
2025-08-06,紡織纖維類指數,503.36
2025-08-06,電機機械類指數,383.68
2025-08-06,電器電纜類指數,85.48
2025-08-06,化學生技醫療類指數,134.13
2025-08-06,化學類指數,154.35
2025-08-06,生技醫療類指數,76.24
2025-08-06,玻璃陶瓷類指數,60.61
2025-08-06,造紙類指數,250.53
2025-08-06,鋼鐵類指數,118.78
2025-08-06,橡膠類指數,227.18
2025-08-06,汽車類指數,325.57
2025-08-06,電子工業類指數,1326.12
2025-08-06,半導體類指數,670.35
2025-08-06,電腦及週邊設備類指數,287.67
2025-08-06,光電類指數,35.34
2025-08-06,通信網路類指數,171.82
2025-08-06,電子零組件類指數,289.37
2025-08-06,電子通路類指數,245.96
2025-08-06,資訊服務類指數,217.27
2025-08-06,其他電子類指數,176.99
2025-08-06,建材營造類指數,497.97
2025-08-06,航運類指數,187.33
2025-08-06,觀光餐旅類指數,110.86
2025-08-06,金融保險類指數,2173.48
2025-08-06,貿易百貨類指數,258.27
2025-08-06,油電燃氣類指數,58.41
2025-08-06,綠能環保類指數,103.63
2025-08-06,數位雲端類指數,53.38
2025-08-06,運動休閒類指數,77.46
2025-08-06,居家生活類指數,118.48
2025-08-06,其他類指數,287.29
2025-08-05,發行量加權股價指數,23660.59
2025-08-05,水泥窯製類指數,526.82
2025-08-05,塑膠化工類指數,599.29
2025-08-05,機電類指數,7469.26
2025-08-05,水泥類指數,129.81
2025-08-05,食品類指數,2089.49
2025-08-05,塑膠類指數,112.51
2025-08-05,紡織纖維類指數,506.24
2025-08-05,電機機械類指數,383.4
2025-08-05,電器電纜類指數,83.82
2025-08-05,化學生技醫療類指數,134.14
2025-08-05,化學類指數,154.22
2025-08-05,生技醫療類指數,76.28
2025-08-05,玻璃陶瓷類指數,60.41
2025-08-05,造紙類指數,245.29
2025-08-05,鋼鐵類指數,118.2
2025-08-05,橡膠類指數,226.99
2025-08-05,汽車類指數,326.07
2025-08-05,電子工業類指數,1344.94
2025-08-05,半導體類指數,684.68
2025-08-05,電腦及週邊設備類指數,287.67
2025-08-05,光電類指數,35.5
2025-08-05,通信網路類指數,171.22
2025-08-05,電子零組件類指數,290.99
2025-08-05,電子通路類指數,246.35
2025-08-05,資訊服務類指數,217.7
2025-08-05,其他電子類指數,176.24
2025-08-05,建材營造類指數,495.9
2025-08-05,航運類指數,186.23
2025-08-05,觀光餐旅類指數,111.13
2025-08-05,金融保險類指數,2160.24
2025-08-05,貿易百貨類指數,258.87
2025-08-05,油電燃氣類指數,57.73
2025-08-05,綠能環保類指數,103.86
2025-08-05,數位雲端類指數,54.41
2025-08-05,運動休閒類指數,77.81
2025-08-05,居家生活類指數,118.8
2025-08-05,其他類指數,286.52
2025-08-04,發行量加權股價指數,23378.94
2025-08-04,水泥窯製類指數,528.2
2025-08-04,塑膠化工類指數,599.68
2025-08-04,機電類指數,7353.97
2025-08-04,水泥類指數,129.46
2025-08-04,食品類指數,2085.11
2025-08-04,塑膠類指數,113.98
2025-08-04,紡織纖維類指數,505.12
2025-08-04,電機機械類指數,381.77
2025-08-04,電器電纜類指數,83.27
2025-08-04,化學生技醫療類指數,133.2
2025-08-04,化學類指數,154.17
2025-08-04,生技醫療類指數,75.49
2025-08-04,玻璃陶瓷類指數,62.04
2025-08-04,造紙類指數,244.23
2025-08-04,鋼鐵類指數,117.98
2025-08-04,橡膠類指數,226.95
2025-08-04,汽車類指數,324.74
2025-08-04,電子工業類指數,1323.81
2025-08-04,半導體類指數,676.44
2025-08-04,電腦及週邊設備類指數,278.79
2025-08-04,光電類指數,34.98
2025-08-04,通信網路類指數,170.15
2025-08-04,電子零組件類指數,282.66
2025-08-04,電子通路類指數,243.4
2025-08-04,資訊服務類指數,214.62
2025-08-04,其他電子類指數,172.59
2025-08-04,建材營造類指數,499.08
2025-08-04,航運類指數,185.57
2025-08-04,觀光餐旅類指數,110.65
2025-08-04,金融保險類指數,2154.44
2025-08-04,貿易百貨類指數,257.99
2025-08-04,油電燃氣類指數,58.18
2025-08-04,綠能環保類指數,102.71
2025-08-04,數位雲端類指數,53.69
2025-08-04,運動休閒類指數,77.38
2025-08-04,居家生活類指數,117.85
2025-08-04,其他類指數,286.93
2025-08-01,發行量加權股價指數,23434.38
2025-08-01,水泥窯製類指數,529.33
2025-08-01,塑膠化工類指數,608.6
2025-08-01,機電類指數,7390.73
2025-08-01,水泥類指數,129.0
2025-08-01,食品類指數,2069.77
2025-08-01,塑膠類指數,120.59
2025-08-01,紡織纖維類指數,505.32
2025-08-01,電機機械類指數,383.86
2025-08-01,電器電纜類指數,82.76
2025-08-01,化學生技醫療類指數,132.02
2025-08-01,化學類指數,153.58
2025-08-01,生技醫療類指數,74.64
2025-08-01,玻璃陶瓷類指數,63.75
2025-08-01,造紙類指數,245.21
2025-08-01,鋼鐵類指數,118.03
2025-08-01,橡膠類指數,225.83
2025-08-01,汽車類指數,321.67
2025-08-01,電子工業類指數,1330.47
2025-08-01,半導體類指數,680.59
2025-08-01,電腦及週邊設備類指數,281.18
2025-08-01,光電類指數,34.56
2025-08-01,通信網路類指數,169.23
2025-08-01,電子零組件類指數,283.84
2025-08-01,電子通路類指數,242.93
2025-08-01,資訊服務類指數,212.39
2025-08-01,其他電子類指數,173.46
2025-08-01,建材營造類指數,492.63
2025-08-01,航運類指數,185.9
2025-08-01,觀光餐旅類指數,109.79
2025-08-01,金融保險類指數,2120.47
2025-08-01,貿易百貨類指數,255.87
2025-08-01,油電燃氣類指數,61.65
2025-08-01,綠能環保類指數,103.31
2025-08-01,數位雲端類指數,54.25
2025-08-01,運動休閒類指數,76.88
2025-08-01,居家生活類指數,115.34
2025-08-01,其他類指數,284.41
2025-07-31,發行量加權股價指數,23542.52
2025-07-31,水泥窯製類指數,528.33
2025-07-31,塑膠化工類指數,617.37
2025-07-31,機電類指數,7439.9
2025-07-31,水泥類指數,129.9
2025-07-31,食品類指數,2066.25
2025-07-31,塑膠類指數,124.66
2025-07-31,紡織纖維類指數,506.89
2025-07-31,電機機械類指數,384.15
2025-07-31,電器電纜類指數,84.49
2025-07-31,化學生技醫療類指數,132.65
2025-07-31,化學類指數,154.85
2025-07-31,生技醫療類指數,74.86
2025-07-31,玻璃陶瓷類指數,61.2
2025-07-31,造紙類指數,246.77
2025-07-31,鋼鐵類指數,118.58
2025-07-31,橡膠類指數,224.99
2025-07-31,汽車類指數,321.69
2025-07-31,電子工業類指數,1339.41
2025-07-31,半導體類指數,690.78
2025-07-31,電腦及週邊設備類指數,280.23
2025-07-31,光電類指數,34.62
2025-07-31,通信網路類指數,168.24
2025-07-31,電子零組件類指數,280.4
2025-07-31,電子通路類指數,242.26
2025-07-31,資訊服務類指數,210.64
2025-07-31,其他電子類指數,169.75
2025-07-31,建材營造類指數,487.84
2025-07-31,航運類指數,184.4
2025-07-31,觀光餐旅類指數,109.31
2025-07-31,金融保險類指數,2107.17
2025-07-31,貿易百貨類指數,254.79
2025-07-31,油電燃氣類指數,63.37
2025-07-31,綠能環保類指數,102.63
2025-07-31,數位雲端類指數,54.17
2025-07-31,運動休閒類指數,76.82
2025-07-31,居家生活類指數,116.89
2025-07-31,其他類指數,283.85
2025-07-30,發行量加權股價指數,23461.72
2025-07-30,水泥窯製類指數,526.49
2025-07-30,塑膠化工類指數,615.6
2025-07-30,機電類指數,7383.36
2025-07-30,水泥類指數,131.43
2025-07-30,食品類指數,2124.61
2025-07-30,塑膠類指數,123.0
2025-07-30,紡織纖維類指數,507.79
2025-07-30,電機機械類指數,382.88
2025-07-30,電器電纜類指數,86.01
2025-07-30,化學生技醫療類指數,132.83
2025-07-30,化學類指數,154.55
2025-07-30,生技醫療類指數,75.09
2025-07-30,玻璃陶瓷類指數,56.76
2025-07-30,造紙類指數,250.13
2025-07-30,鋼鐵類指數,120.62
2025-07-30,橡膠類指數,227.92
2025-07-30,汽車類指數,329.6
2025-07-30,電子工業類指數,1328.97
2025-07-30,半導體類指數,689.06
2025-07-30,電腦及週邊設備類指數,275.62
2025-07-30,光電類指數,34.97
2025-07-30,通信網路類指數,167.32
2025-07-30,電子零組件類指數,271.61
2025-07-30,電子通路類指數,244.56
2025-07-30,資訊服務類指數,210.7
2025-07-30,其他電子類指數,165.05
2025-07-30,建材營造類指數,492.85
2025-07-30,航運類指數,186.63
2025-07-30,觀光餐旅類指數,110.03
2025-07-30,金融保險類指數,2124.06
2025-07-30,貿易百貨類指數,259.7
2025-07-30,油電燃氣類指數,62.78
2025-07-30,綠能環保類指數,103.32
2025-07-30,數位雲端類指數,54.06
2025-07-30,運動休閒類指數,77.9
2025-07-30,居家生活類指數,117.92
2025-07-30,其他類指數,287.3
2025-07-29,發行量加權股價指數,23201.52
2025-07-29,水泥窯製類指數,517.33
2025-07-29,塑膠化工類指數,599.86
2025-07-29,機電類指數,7301.61
2025-07-29,水泥類指數,128.93
2025-07-29,食品類指數,2113.11
2025-07-29,塑膠類指數,113.93
2025-07-29,紡織纖維類指數,504.72
2025-07-29,電機機械類指數,380.75
2025-07-29,電器電纜類指數,81.76
2025-07-29,化學生技醫療類指數,133.3
2025-07-29,化學類指數,152.07
2025-07-29,生技醫療類指數,76.1
2025-07-29,玻璃陶瓷類指數,56.22
2025-07-29,造紙類指數,248.45
2025-07-29,鋼鐵類指數,118.16
2025-07-29,橡膠類指數,227.24
2025-07-29,汽車類指數,323.41
2025-07-29,電子工業類指數,1314.31
2025-07-29,半導體類指數,678.9
2025-07-29,電腦及週邊設備類指數,274.45
2025-07-29,光電類指數,34.65
2025-07-29,通信網路類指數,166.75
2025-07-29,電子零組件類指數,270.68
2025-07-29,電子通路類指數,242.76
2025-07-29,資訊服務類指數,210.4
2025-07-29,其他電子類指數,165.11
2025-07-29,建材營造類指數,491.09
2025-07-29,航運類指數,185.93
2025-07-29,觀光餐旅類指數,110.13
2025-07-29,金融保險類指數,2110.55
2025-07-29,貿易百貨類指數,257.88
2025-07-29,油電燃氣類指數,58.2
2025-07-29,綠能環保類指數,103.14
2025-07-29,數位雲端類指數,53.71
2025-07-29,運動休閒類指數,77.13
2025-07-29,居家生活類指數,112.5
2025-07-29,其他類指數,289.8
2025-07-28,發行量加權股價指數,23412.98
2025-07-28,水泥窯製類指數,525.84
2025-07-28,塑膠化工類指數,613.9
2025-07-28,機電類指數,7365.6
2025-07-28,水泥類指數,130.68
2025-07-28,食品類指數,2129.59
2025-07-28,塑膠類指數,117.78
2025-07-28,紡織纖維類指數,509.15
2025-07-28,電機機械類指數,380.94
2025-07-28,電器電纜類指數,81.96
2025-07-28,化學生技醫療類指數,135.79
2025-07-28,化學類指數,153.77
2025-07-28,生技醫療類指數,77.8
2025-07-28,玻璃陶瓷類指數,57.93
2025-07-28,造紙類指數,250.67
2025-07-28,鋼鐵類指數,118.13
2025-07-28,橡膠類指數,230.33
2025-07-28,汽車類指數,326.33
2025-07-28,電子工業類指數,1326.1
2025-07-28,半導體類指數,685.79
2025-07-28,電腦及週邊設備類指數,276.74
2025-07-28,光電類指數,34.84
2025-07-28,通信網路類指數,167.25
2025-07-28,電子零組件類指數,269.64
2025-07-28,電子通路類指數,246.28
2025-07-28,資訊服務類指數,213.25
2025-07-28,其他電子類指數,168.21
2025-07-28,建材營造類指數,497.01
2025-07-28,航運類指數,187.48
2025-07-28,觀光餐旅類指數,110.4
2025-07-28,金融保險類指數,2125.1
2025-07-28,貿易百貨類指數,259.76
2025-07-28,油電燃氣類指數,59.46
2025-07-28,綠能環保類指數,102.72
2025-07-28,數位雲端類指數,54.66
2025-07-28,運動休閒類指數,78.35
2025-07-28,居家生活類指數,115.2
2025-07-28,其他類指數,291.72
2025-07-25,發行量加權股價指數,23364.38
2025-07-25,水泥窯製類指數,517.29
2025-07-25,塑膠化工類指數,603.17
2025-07-25,機電類指數,7340.18
2025-07-25,水泥類指數,129.79
2025-07-25,食品類指數,2153.82
2025-07-25,塑膠類指數,111.67
2025-07-25,紡織纖維類指數,507.24
2025-07-25,電機機械類指數,378.2
2025-07-25,電器電纜類指數,81.84
2025-07-25,化學生技醫療類指數,136.2
2025-07-25,化學類指數,152.47
2025-07-25,生技醫療類指數,78.47
2025-07-25,玻璃陶瓷類指數,54.37
2025-07-25,造紙類指數,251.63
2025-07-25,鋼鐵類指數,119.19
2025-07-25,橡膠類指數,228.64
2025-07-25,汽車類指數,327.17
2025-07-25,電子工業類指數,1321.62
2025-07-25,半導體類指數,686.55
2025-07-25,電腦及週邊設備類指數,272.56
2025-07-25,光電類指數,34.74
2025-07-25,通信網路類指數,164.49
2025-07-25,電子零組件類指數,265.71
2025-07-25,電子通路類指數,245.1
2025-07-25,資訊服務類指數,210.51
2025-07-25,其他電子類指數,166.87
2025-07-25,建材營造類指數,499.45
2025-07-25,航運類指數,189.13
2025-07-25,觀光餐旅類指數,110.17
2025-07-25,金融保險類指數,2140.04
2025-07-25,貿易百貨類指數,260.97
2025-07-25,油電燃氣類指數,58.25
2025-07-25,綠能環保類指數,102.44
2025-07-25,數位雲端類指數,54.25
2025-07-25,運動休閒類指數,78.52
2025-07-25,居家生活類指數,114.99
2025-07-25,其他類指數,292.47
2025-07-24,發行量加權股價指數,23373.73
2025-07-24,水泥窯製類指數,514.53
2025-07-24,塑膠化工類指數,600.67
2025-07-24,機電類指數,7341.05
2025-07-24,水泥類指數,129.45
2025-07-24,食品類指數,2162.05
2025-07-24,塑膠類指數,110.42
2025-07-24,紡織纖維類指數,510.54
2025-07-24,電機機械類指數,377.07
2025-07-24,電器電纜類指數,82.7
2025-07-24,化學生技醫療類指數,135.8
2025-07-24,化學類指數,153.57
2025-07-24,生技醫療類指數,77.86
2025-07-24,玻璃陶瓷類指數,53.33
2025-07-24,造紙類指數,246.29
2025-07-24,鋼鐵類指數,118.25
2025-07-24,橡膠類指數,231.31
2025-07-24,汽車類指數,328.12
2025-07-24,電子工業類指數,1321.81
2025-07-24,半導體類指數,686.84
2025-07-24,電腦及週邊設備類指數,272.45
2025-07-24,光電類指數,34.88
2025-07-24,通信網路類指數,164.2
2025-07-24,電子零組件類指數,265.78
2025-07-24,電子通路類指數,244.9
2025-07-24,資訊服務類指數,211.53
2025-07-24,其他電子類指數,166.54
2025-07-24,建材營造類指數,501.47
2025-07-24,航運類指數,188.25
2025-07-24,觀光餐旅類指數,110.28
2025-07-24,金融保險類指數,2146.7
2025-07-24,貿易百貨類指數,261.92
2025-07-24,油電燃氣類指數,59.26
2025-07-24,綠能環保類指數,102.12
2025-07-24,數位雲端類指數,54.59
2025-07-24,運動休閒類指數,78.86
2025-07-24,居家生活類指數,114.12
2025-07-24,其他類指數,294.0
2025-07-23,發行量加權股價指數,23318.67
2025-07-23,水泥窯製類指數,514.7
2025-07-23,塑膠化工類指數,599.25
2025-07-23,機電類指數,7312.29
2025-07-23,水泥類指數,131.38
2025-07-23,食品類指數,2184.6
2025-07-23,塑膠類指數,110.59
2025-07-23,紡織纖維類指數,511.37
2025-07-23,電機機械類指數,377.03
2025-07-23,電器電纜類指數,83.79
2025-07-23,化學生技醫療類指數,135.31
2025-07-23,化學類指數,153.35
2025-07-23,生技醫療類指數,77.49
2025-07-23,玻璃陶瓷類指數,49.34
2025-07-23,造紙類指數,245.36
2025-07-23,鋼鐵類指數,119.57
2025-07-23,橡膠類指數,229.5
2025-07-23,汽車類指數,329.88
2025-07-23,電子工業類指數,1316.43
2025-07-23,半導體類指數,686.52
2025-07-23,電腦及週邊設備類指數,269.9
2025-07-23,光電類指數,34.57
2025-07-23,通信網路類指數,164.12
2025-07-23,電子零組件類指數,264.11
2025-07-23,電子通路類指數,249.32
2025-07-23,資訊服務類指數,212.58
2025-07-23,其他電子類指數,160.73
2025-07-23,建材營造類指數,503.77
2025-07-23,航運類指數,186.06
2025-07-23,觀光餐旅類指數,111.14
2025-07-23,金融保險類指數,2158.85
2025-07-23,貿易百貨類指數,263.58
2025-07-23,油電燃氣類指數,58.97
2025-07-23,綠能環保類指數,101.48
2025-07-23,數位雲端類指數,53.78
2025-07-23,運動休閒類指數,78.85
2025-07-23,居家生活類指數,112.97
2025-07-23,其他類指數,293.73
2025-07-22,發行量加權股價指數,22987.92
2025-07-22,水泥窯製類指數,497.04
2025-07-22,塑膠化工類指數,579.43
2025-07-22,機電類指數,7214.43
2025-07-22,水泥類指數,127.88
2025-07-22,食品類指數,2185.77
2025-07-22,塑膠類指數,104.74
2025-07-22,紡織纖維類指數,501.33
2025-07-22,電機機械類指數,363.91
2025-07-22,電器電纜類指數,81.51
2025-07-22,化學生技醫療類指數,132.45
2025-07-22,化學類指數,151.2
2025-07-22,生技醫療類指數,75.59
2025-07-22,玻璃陶瓷類指數,45.52
2025-07-22,造紙類指數,241.24
2025-07-22,鋼鐵類指數,115.89
2025-07-22,橡膠類指數,222.23
2025-07-22,汽車類指數,318.42
2025-07-22,電子工業類指數,1299.5
2025-07-22,半導體類指數,677.75
2025-07-22,電腦及週邊設備類指數,266.75
2025-07-22,光電類指數,34.22
2025-07-22,通信網路類指數,163.16
2025-07-22,電子零組件類指數,259.92
2025-07-22,電子通路類指數,245.63
2025-07-22,資訊服務類指數,209.66
2025-07-22,其他電子類指數,158.0
2025-07-22,建材營造類指數,497.14
2025-07-22,航運類指數,183.31
2025-07-22,觀光餐旅類指數,110.54
2025-07-22,金融保險類指數,2141.66
2025-07-22,貿易百貨類指數,260.23
2025-07-22,油電燃氣類指數,57.84
2025-07-22,綠能環保類指數,100.27
2025-07-22,數位雲端類指數,51.08
2025-07-22,運動休閒類指數,76.38
2025-07-22,居家生活類指數,111.38
2025-07-22,其他類指數,287.99
2025-07-21,發行量加權股價指數,23340.56
2025-07-21,水泥窯製類指數,493.87
2025-07-21,塑膠化工類指數,590.93
2025-07-21,機電類指數,7342.1
2025-07-21,水泥類指數,126.77
2025-07-21,食品類指數,2190.37
2025-07-21,塑膠類指數,106.09
2025-07-21,紡織纖維類指數,508.56
2025-07-21,電機機械類指數,376.55
2025-07-21,電器電纜類指數,83.7
2025-07-21,化學生技醫療類指數,136.0
2025-07-21,化學類指數,153.38
2025-07-21,生技醫療類指數,78.07
2025-07-21,玻璃陶瓷類指數,45.84
2025-07-21,造紙類指數,242.94
2025-07-21,鋼鐵類指數,115.9
2025-07-21,橡膠類指數,223.49
2025-07-21,汽車類指數,323.58
2025-07-21,電子工業類指數,1321.98
2025-07-21,半導體類指數,688.81
2025-07-21,電腦及週邊設備類指數,274.15
2025-07-21,光電類指數,34.88
2025-07-21,通信網路類指數,164.23
2025-07-21,電子零組件類指數,263.66
2025-07-21,電子通路類指數,248.85
2025-07-21,資訊服務類指數,215.54
2025-07-21,其他電子類指數,161.85
2025-07-21,建材營造類指數,503.74
2025-07-21,航運類指數,185.57
2025-07-21,觀光餐旅類指數,111.48
2025-07-21,金融保險類指數,2149.35
2025-07-21,貿易百貨類指數,261.35
2025-07-21,油電燃氣類指數,58.06
2025-07-21,綠能環保類指數,101.91
2025-07-21,數位雲端類指數,52.48
2025-07-21,運動休閒類指數,78.12
2025-07-21,居家生活類指數,113.43
2025-07-21,其他類指數,292.01
2025-07-18,發行量加權股價指數,23383.13
2025-07-18,水泥窯製類指數,492.62
2025-07-18,塑膠化工類指數,583.99
2025-07-18,機電類指數,7356.84
2025-07-18,水泥類指數,126.32
2025-07-18,食品類指數,2189.3
2025-07-18,塑膠類指數,105.06
2025-07-18,紡織纖維類指數,506.19
2025-07-18,電機機械類指數,376.49
2025-07-18,電器電纜類指數,82.36
2025-07-18,化學生技醫療類指數,134.11
2025-07-18,化學類指數,153.14
2025-07-18,生技醫療類指數,76.52
2025-07-18,玻璃陶瓷類指數,46.01
2025-07-18,造紙類指數,243.56
2025-07-18,鋼鐵類指數,115.17
2025-07-18,橡膠類指數,221.9
2025-07-18,汽車類指數,323.65
2025-07-18,電子工業類指數,1324.79
2025-07-18,半導體類指數,691.48
2025-07-18,電腦及週邊設備類指數,274.09
2025-07-18,光電類指數,34.87
2025-07-18,通信網路類指數,163.93
2025-07-18,電子零組件類指數,262.23
2025-07-18,電子通路類指數,247.88
2025-07-18,資訊服務類指數,217.37
2025-07-18,其他電子類指數,162.12
2025-07-18,建材營造類指數,504.0
2025-07-18,航運類指數,186.64
2025-07-18,觀光餐旅類指數,111.67
2025-07-18,金融保險類指數,2165.1
2025-07-18,貿易百貨類指數,259.77
2025-07-18,油電燃氣類指數,57.98
2025-07-18,綠能環保類指數,102.19
2025-07-18,數位雲端類指數,52.75
2025-07-18,運動休閒類指數,77.83
2025-07-18,居家生活類指數,112.87
2025-07-18,其他類指數,290.88
2025-07-17,發行量加權股價指數,23113.28
2025-07-17,水泥窯製類指數,493.78
2025-07-17,塑膠化工類指數,579.52
2025-07-17,機電類指數,7238.34
2025-07-17,水泥類指數,126.4
2025-07-17,食品類指數,2186.91
2025-07-17,塑膠類指數,103.36
2025-07-17,紡織纖維類指數,506.63
2025-07-17,電機機械類指數,375.44
2025-07-17,電器電纜類指數,81.06
2025-07-17,化學生技醫療類指數,133.64
2025-07-17,化學類指數,152.2
2025-07-17,生技醫療類指數,76.35
2025-07-17,玻璃陶瓷類指數,46.57
2025-07-17,造紙類指數,240.27
2025-07-17,鋼鐵類指數,116.26
2025-07-17,橡膠類指數,221.32
2025-07-17,汽車類指數,322.47
2025-07-17,電子工業類指數,1303.07
2025-07-17,半導體類指數,678.38
2025-07-17,電腦及週邊設備類指數,270.46
2025-07-17,光電類指數,34.6
2025-07-17,通信網路類指數,163.37
2025-07-17,電子零組件類指數,257.46
2025-07-17,電子通路類指數,248.92
2025-07-17,資訊服務類指數,217.33
2025-07-17,其他電子類指數,160.74
2025-07-17,建材營造類指數,504.58
2025-07-17,航運類指數,187.76
2025-07-17,觀光餐旅類指數,112.39
2025-07-17,金融保險類指數,2171.99
2025-07-17,貿易百貨類指數,260.98
2025-07-17,油電燃氣類指數,57.05
2025-07-17,綠能環保類指數,102.54
2025-07-17,數位雲端類指數,52.62
2025-07-17,運動休閒類指數,78.14
2025-07-17,居家生活類指數,114.9
2025-07-17,其他類指數,292.5
2025-07-16,發行量加權股價指數,23042.9
2025-07-16,水泥窯製類指數,493.85
2025-07-16,塑膠化工類指數,564.09
2025-07-16,機電類指數,7224.89
2025-07-16,水泥類指數,126.29
2025-07-16,食品類指數,2179.24
2025-07-16,塑膠類指數,97.76
2025-07-16,紡織纖維類指數,503.11
2025-07-16,電機機械類指數,372.36
2025-07-16,電器電纜類指數,79.71
2025-07-16,化學生技醫療類指數,131.86
2025-07-16,化學類指數,150.34
2025-07-16,生技醫療類指數,75.3
2025-07-16,玻璃陶瓷類指數,46.85
2025-07-16,造紙類指數,236.34
2025-07-16,鋼鐵類指數,114.94
2025-07-16,橡膠類指數,218.8
2025-07-16,汽車類指數,322.31
2025-07-16,電子工業類指數,1300.91
2025-07-16,半導體類指數,678.13
2025-07-16,電腦及週邊設備類指數,270.99
2025-07-16,光電類指數,34.02
2025-07-16,通信網路類指數,163.28
2025-07-16,電子零組件類指數,256.06
2025-07-16,電子通路類指數,248.88
2025-07-16,資訊服務類指數,214.1
2025-07-16,其他電子類指數,159.03
2025-07-16,建材營造類指數,501.55
2025-07-16,航運類指數,187.34
2025-07-16,觀光餐旅類指數,112.67
2025-07-16,金融保險類指數,2174.05
2025-07-16,貿易百貨類指數,260.77
2025-07-16,油電燃氣類指數,54.83
2025-07-16,綠能環保類指數,102.49
2025-07-16,數位雲端類指數,51.78
2025-07-16,運動休閒類指數,76.29
2025-07-16,居家生活類指數,112.36
2025-07-16,其他類指數,290.24
2025-07-15,發行量加權股價指數,22835.94
2025-07-15,水泥窯製類指數,499.5
2025-07-15,塑膠化工類指數,561.82
2025-07-15,機電類指數,7142.45
2025-07-15,水泥類指數,127.98
2025-07-15,食品類指數,2166.37
2025-07-15,塑膠類指數,97.87
2025-07-15,紡織纖維類指數,501.39
2025-07-15,電機機械類指數,376.72
2025-07-15,電器電纜類指數,80.17
2025-07-15,化學生技醫療類指數,131.08
2025-07-15,化學類指數,149.16
2025-07-15,生技醫療類指數,74.93
2025-07-15,玻璃陶瓷類指數,46.86
2025-07-15,造紙類指數,236.08
2025-07-15,鋼鐵類指數,115.11
2025-07-15,橡膠類指數,216.78
2025-07-15,汽車類指數,323.56
2025-07-15,電子工業類指數,1285.33
2025-07-15,半導體類指數,666.86
2025-07-15,電腦及週邊設備類指數,271.76
2025-07-15,光電類指數,33.8
2025-07-15,通信網路類指數,162.93
2025-07-15,電子零組件類指數,253.72
2025-07-15,電子通路類指數,246.35
2025-07-15,資訊服務類指數,214.49
2025-07-15,其他電子類指數,159.32
2025-07-15,建材營造類指數,502.87
2025-07-15,航運類指數,185.99
2025-07-15,觀光餐旅類指數,113.01
2025-07-15,金融保險類指數,2165.1
2025-07-15,貿易百貨類指數,261.66
2025-07-15,油電燃氣類指數,54.65
2025-07-15,綠能環保類指數,104.29
2025-07-15,數位雲端類指數,52.17
2025-07-15,運動休閒類指數,76.15
2025-07-15,居家生活類指數,113.33
2025-07-15,其他類指數,291.19
2025-07-14,發行量加權股價指數,22614.97
2025-07-14,水泥窯製類指數,496.18
2025-07-14,塑膠化工類指數,560.84
2025-07-14,機電類指數,7045.69
2025-07-14,水泥類指數,127.63
2025-07-14,食品類指數,2174.48
2025-07-14,塑膠類指數,97.19
2025-07-14,紡織纖維類指數,517.87
2025-07-14,電機機械類指數,373.17
2025-07-14,電器電纜類指數,81.05
2025-07-14,化學生技醫療類指數,130.89
2025-07-14,化學類指數,148.98
2025-07-14,生技醫療類指數,74.81
2025-07-14,玻璃陶瓷類指數,45.49
2025-07-14,造紙類指數,237.81
2025-07-14,鋼鐵類指數,114.94
2025-07-14,橡膠類指數,219.38
2025-07-14,汽車類指數,323.17
2025-07-14,電子工業類指數,1267.67
2025-07-14,半導體類指數,658.65
2025-07-14,電腦及週邊設備類指數,267.73
2025-07-14,光電類指數,33.69
2025-07-14,通信網路類指數,162.92
2025-07-14,電子零組件類指數,244.45
2025-07-14,電子通路類指數,245.23
2025-07-14,資訊服務類指數,214.25
2025-07-14,其他電子類指數,157.2
2025-07-14,建材營造類指數,503.79
2025-07-14,航運類指數,187.03
2025-07-14,觀光餐旅類指數,114.7
2025-07-14,金融保險類指數,2163.27
2025-07-14,貿易百貨類指數,264.09
2025-07-14,油電燃氣類指數,54.63
2025-07-14,綠能環保類指數,104.82
2025-07-14,數位雲端類指數,51.5
2025-07-14,運動休閒類指數,76.63
2025-07-14,居家生活類指數,112.87
2025-07-14,其他類指數,290.0
2025-07-11,發行量加權股價指數,22751.03
2025-07-11,水泥窯製類指數,499.86
2025-07-11,塑膠化工類指數,557.94
2025-07-11,機電類指數,7104.0
2025-07-11,水泥類指數,129.16
2025-07-11,食品類指數,2171.47
2025-07-11,塑膠類指數,94.05
2025-07-11,紡織纖維類指數,526.3
2025-07-11,電機機械類指數,370.36
2025-07-11,電器電纜類指數,81.06
2025-07-11,化學生技醫療類指數,132.32
2025-07-11,化學類指數,150.22
2025-07-11,生技醫療類指數,75.72
2025-07-11,玻璃陶瓷類指數,44.59
2025-07-11,造紙類指數,238.07
2025-07-11,鋼鐵類指數,114.81
2025-07-11,橡膠類指數,217.53
2025-07-11,汽車類指數,323.95
2025-07-11,電子工業類指數,1278.65
2025-07-11,半導體類指數,663.18
2025-07-11,電腦及週邊設備類指數,272.08
2025-07-11,光電類指數,34.02
2025-07-11,通信網路類指數,164.34
2025-07-11,電子零組件類指數,248.25
2025-07-11,電子通路類指數,246.85
2025-07-11,資訊服務類指數,215.69
2025-07-11,其他電子類指數,158.42
2025-07-11,建材營造類指數,506.77
2025-07-11,航運類指數,184.99
2025-07-11,觀光餐旅類指數,112.1
2025-07-11,金融保險類指數,2164.82
2025-07-11,貿易百貨類指數,262.39
2025-07-11,油電燃氣類指數,54.09
2025-07-11,綠能環保類指數,103.89
2025-07-11,數位雲端類指數,51.59
2025-07-11,運動休閒類指數,78.51
2025-07-11,居家生活類指數,113.42
2025-07-11,其他類指數,290.5
2025-07-10,發行量加權股價指數,22693.25
2025-07-10,水泥窯製類指數,505.79
2025-07-10,塑膠化工類指數,557.54
2025-07-10,機電類指數,7091.28
2025-07-10,水泥類指數,130.67
2025-07-10,食品類指數,2154.54
2025-07-10,塑膠類指數,95.62
2025-07-10,紡織纖維類指數,525.53
2025-07-10,電機機械類指數,365.39
2025-07-10,電器電纜類指數,79.46
2025-07-10,化學生技醫療類指數,131.0
2025-07-10,化學類指數,148.66
2025-07-10,生技醫療類指數,74.98
2025-07-10,玻璃陶瓷類指數,45.16
2025-07-10,造紙類指數,241.61
2025-07-10,鋼鐵類指數,115.09
2025-07-10,橡膠類指數,217.09
2025-07-10,汽車類指數,322.91
2025-07-10,電子工業類指數,1276.78
2025-07-10,半導體類指數,662.47
2025-07-10,電腦及週邊設備類指數,271.47
2025-07-10,光電類指數,33.41
2025-07-10,通信網路類指數,164.47
2025-07-10,電子零組件類指數,248.51
2025-07-10,電子通路類指數,245.78
2025-07-10,資訊服務類指數,212.36
2025-07-10,其他電子類指數,157.97
2025-07-10,建材營造類指數,501.72
2025-07-10,航運類指數,183.55
2025-07-10,觀光餐旅類指數,112.5
2025-07-10,金融保險類指數,2147.56
2025-07-10,貿易百貨類指數,261.35
2025-07-10,油電燃氣類指數,54.74
2025-07-10,綠能環保類指數,103.05
2025-07-10,數位雲端類指數,51.18
2025-07-10,運動休閒類指數,78.01
2025-07-10,居家生活類指數,113.53
2025-07-10,其他類指數,291.54
2025-07-09,發行量加權股價指數,22527.01
2025-07-09,水泥窯製類指數,504.62
2025-07-09,塑膠化工類指數,554.04
2025-07-09,機電類指數,7032.24
2025-07-09,水泥類指數,130.59
2025-07-09,食品類指數,2140.32
2025-07-09,塑膠類指數,95.88
2025-07-09,紡織纖維類指數,528.37
2025-07-09,電機機械類指數,364.26
2025-07-09,電器電纜類指數,79.6
2025-07-09,化學生技醫療類指數,129.1
2025-07-09,化學類指數,149.4
2025-07-09,生技醫療類指數,73.16
2025-07-09,玻璃陶瓷類指數,44.59
2025-07-09,造紙類指數,240.53
2025-07-09,鋼鐵類指數,115.12
2025-07-09,橡膠類指數,219.33
2025-07-09,汽車類指數,324.56
2025-07-09,電子工業類指數,1265.95
2025-07-09,半導體類指數,655.97
2025-07-09,電腦及週邊設備類指數,271.32
2025-07-09,光電類指數,33.67
2025-07-09,通信網路類指數,162.59
2025-07-09,電子零組件類指數,244.45
2025-07-09,電子通路類指數,245.28
2025-07-09,資訊服務類指數,211.53
2025-07-09,其他電子類指數,157.89
2025-07-09,建材營造類指數,502.17
2025-07-09,航運類指數,186.34
2025-07-09,觀光餐旅類指數,112.76
2025-07-09,金融保險類指數,2118.72
2025-07-09,貿易百貨類指數,260.64
2025-07-09,油電燃氣類指數,54.81
2025-07-09,綠能環保類指數,101.69
2025-07-09,數位雲端類指數,51.23
2025-07-09,運動休閒類指數,79.01
2025-07-09,居家生活類指數,113.68
2025-07-09,其他類指數,291.77
2025-07-08,發行量加權股價指數,22362.27
2025-07-08,水泥窯製類指數,507.47
2025-07-08,塑膠化工類指數,557.16
2025-07-08,機電類指數,6947.14
2025-07-08,水泥類指數,131.91
2025-07-08,食品類指數,2145.78
2025-07-08,塑膠類指數,97.31
2025-07-08,紡織纖維類指數,533.34
2025-07-08,電機機械類指數,359.48
2025-07-08,電器電纜類指數,79.85
2025-07-08,化學生技醫療類指數,129.34
2025-07-08,化學類指數,149.63
2025-07-08,生技醫療類指數,73.31
2025-07-08,玻璃陶瓷類指數,43.6
2025-07-08,造紙類指數,241.64
2025-07-08,鋼鐵類指數,115.46
2025-07-08,橡膠類指數,218.87
2025-07-08,汽車類指數,324.4
2025-07-08,電子工業類指數,1250.58
2025-07-08,半導體類指數,647.61
2025-07-08,電腦及週邊設備類指數,266.43
2025-07-08,光電類指數,33.3
2025-07-08,通信網路類指數,164.74
2025-07-08,電子零組件類指數,241.55
2025-07-08,電子通路類指數,239.87
2025-07-08,資訊服務類指數,209.89
2025-07-08,其他電子類指數,155.44
2025-07-08,建材營造類指數,504.1
2025-07-08,航運類指數,189.0
2025-07-08,觀光餐旅類指數,111.99
2025-07-08,金融保險類指數,2133.97
2025-07-08,貿易百貨類指數,262.07
2025-07-08,油電燃氣類指數,55.27
2025-07-08,綠能環保類指數,100.76
2025-07-08,數位雲端類指數,51.3
2025-07-08,運動休閒類指數,78.73
2025-07-08,居家生活類指數,112.57
2025-07-08,其他類指數,293.65
2025-07-07,發行量加權股價指數,22428.72
2025-07-07,水泥窯製類指數,516.23
2025-07-07,塑膠化工類指數,567.16
2025-07-07,機電類指數,6957.67
2025-07-07,水泥類指數,134.37
2025-07-07,食品類指數,2138.65
2025-07-07,塑膠類指數,99.03
2025-07-07,紡織纖維類指數,544.39
2025-07-07,電機機械類指數,363.01
2025-07-07,電器電纜類指數,81.03
2025-07-07,化學生技醫療類指數,131.95
2025-07-07,化學類指數,151.12
2025-07-07,生技醫療類指數,75.18
2025-07-07,玻璃陶瓷類指數,43.97
2025-07-07,造紙類指數,243.62
2025-07-07,鋼鐵類指數,116.7
2025-07-07,橡膠類指數,220.53
2025-07-07,汽車類指數,327.51
2025-07-07,電子工業類指數,1252.18
2025-07-07,半導體類指數,648.89
2025-07-07,電腦及週邊設備類指數,267.33
2025-07-07,光電類指數,33.65
2025-07-07,通信網路類指數,164.53
2025-07-07,電子零組件類指數,238.87
2025-07-07,電子通路類指數,239.92
2025-07-07,資訊服務類指數,207.22
2025-07-07,其他電子類指數,156.38
2025-07-07,建材營造類指數,510.24
2025-07-07,航運類指數,190.42
2025-07-07,觀光餐旅類指數,112.01
2025-07-07,金融保險類指數,2137.41
2025-07-07,貿易百貨類指數,263.57
2025-07-07,油電燃氣類指數,56.15
2025-07-07,綠能環保類指數,101.02
2025-07-07,數位雲端類指數,51.78
2025-07-07,運動休閒類指數,79.24
2025-07-07,居家生活類指數,114.39
2025-07-07,其他類指數,295.67
2025-07-04,發行量加權股價指數,22547.5
2025-07-04,水泥窯製類指數,521.93
2025-07-04,塑膠化工類指數,576.34
2025-07-04,機電類指數,7004.42
2025-07-04,水泥類指數,135.7
2025-07-04,食品類指數,2130.51
2025-07-04,塑膠類指數,100.78
2025-07-04,紡織纖維類指數,552.81
2025-07-04,電機機械類指數,369.45
2025-07-04,電器電纜類指數,81.97
2025-07-04,化學生技醫療類指數,134.5
2025-07-04,化學類指數,151.87
2025-07-04,生技醫療類指數,77.18
2025-07-04,玻璃陶瓷類指數,44.79
2025-07-04,造紙類指數,244.74
2025-07-04,鋼鐵類指數,118.21
2025-07-04,橡膠類指數,219.65
2025-07-04,汽車類指數,328.01
2025-07-04,電子工業類指數,1260.27
2025-07-04,半導體類指數,652.57
2025-07-04,電腦及週邊設備類指數,268.08
2025-07-04,光電類指數,34.07
2025-07-04,通信網路類指數,167.43
2025-07-04,電子零組件類指數,241.24
2025-07-04,電子通路類指數,241.11
2025-07-04,資訊服務類指數,208.25
2025-07-04,其他電子類指數,157.22
2025-07-04,建材營造類指數,510.48
2025-07-04,航運類指數,192.19
2025-07-04,觀光餐旅類指數,112.49
2025-07-04,金融保險類指數,2117.41
2025-07-04,貿易百貨類指數,265.82
2025-07-04,油電燃氣類指數,56.44
2025-07-04,綠能環保類指數,101.57
2025-07-04,數位雲端類指數,52.67
2025-07-04,運動休閒類指數,80.54
2025-07-04,居家生活類指數,115.02
2025-07-04,其他類指數,297.74
2025-07-03,發行量加權股價指數,22712.97
2025-07-03,水泥窯製類指數,529.73
2025-07-03,塑膠化工類指數,581.49
2025-07-03,機電類指數,7053.09
2025-07-03,水泥類指數,137.7
2025-07-03,食品類指數,2115.34
2025-07-03,塑膠類指數,100.84
2025-07-03,紡織纖維類指數,544.24
2025-07-03,電機機械類指數,380.01
2025-07-03,電器電纜類指數,84.37
2025-07-03,化學生技醫療類指數,136.23
2025-07-03,化學類指數,153.74
2025-07-03,生技醫療類指數,78.19
2025-07-03,玻璃陶瓷類指數,45.52
2025-07-03,造紙類指數,246.97
2025-07-03,鋼鐵類指數,120.38
2025-07-03,橡膠類指數,222.57
2025-07-03,汽車類指數,333.49
2025-07-03,電子工業類指數,1268.31
2025-07-03,半導體類指數,655.04
2025-07-03,電腦及週邊設備類指數,271.16
2025-07-03,光電類指數,34.85
2025-07-03,通信網路類指數,168.68
2025-07-03,電子零組件類指數,243.14
2025-07-03,電子通路類指數,247.05
2025-07-03,資訊服務類指數,210.13
2025-07-03,其他電子類指數,159.41
2025-07-03,建材營造類指數,516.01
2025-07-03,航運類指數,194.35
2025-07-03,觀光餐旅類指數,113.7
2025-07-03,金融保險類指數,2134.46
2025-07-03,貿易百貨類指數,264.47
2025-07-03,油電燃氣類指數,57.45
2025-07-03,綠能環保類指數,103.65
2025-07-03,數位雲端類指數,53.25
2025-07-03,運動休閒類指數,81.96
2025-07-03,居家生活類指數,116.11
2025-07-03,其他類指數,298.56
2025-07-02,發行量加權股價指數,22577.74
2025-07-02,水泥窯製類指數,524.43
2025-07-02,塑膠化工類指數,578.74
2025-07-02,機電類指數,7010.71
2025-07-02,水泥類指數,136.46
2025-07-02,食品類指數,2126.71
2025-07-02,塑膠類指數,99.07
2025-07-02,紡織纖維類指數,536.93
2025-07-02,電機機械類指數,374.7
2025-07-02,電器電纜類指數,83.63
2025-07-02,化學生技醫療類指數,136.97
2025-07-02,化學類指數,152.53
2025-07-02,生技醫療類指數,79.13
2025-07-02,玻璃陶瓷類指數,44.76
2025-07-02,造紙類指數,242.93
2025-07-02,鋼鐵類指數,117.86
2025-07-02,橡膠類指數,218.23
2025-07-02,汽車類指數,330.89
2025-07-02,電子工業類指數,1260.93
2025-07-02,半導體類指數,652.56
2025-07-02,電腦及週邊設備類指數,270.9
2025-07-02,光電類指數,34.55
2025-07-02,通信網路類指數,168.8
2025-07-02,電子零組件類指數,236.62
2025-07-02,電子通路類指數,244.55
2025-07-02,資訊服務類指數,210.15
2025-07-02,其他電子類指數,157.7
2025-07-02,建材營造類指數,516.25
2025-07-02,航運類指數,192.44
2025-07-02,觀光餐旅類指數,114.59
2025-07-02,金融保險類指數,2125.65
2025-07-02,貿易百貨類指數,261.97
2025-07-02,油電燃氣類指數,57.21
2025-07-02,綠能環保類指數,103.76
2025-07-02,數位雲端類指數,53.21
2025-07-02,運動休閒類指數,81.28
2025-07-02,居家生活類指數,114.79
2025-07-02,其他類指數,295.49
2025-07-01,發行量加權股價指數,22553.72
2025-07-01,水泥窯製類指數,532.84
2025-07-01,塑膠化工類指數,574.94
2025-07-01,機電類指數,7005.76
2025-07-01,水泥類指數,139.22
2025-07-01,食品類指數,2120.75
2025-07-01,塑膠類指數,97.6
2025-07-01,紡織纖維類指數,530.26
2025-07-01,電機機械類指數,372.58
2025-07-01,電器電纜類指數,84.19
2025-07-01,化學生技醫療類指數,136.62
2025-07-01,化學類指數,153.33
2025-07-01,生技醫療類指數,78.63
2025-07-01,玻璃陶瓷類指數,44.27
2025-07-01,造紙類指數,243.07
2025-07-01,鋼鐵類指數,117.83
2025-07-01,橡膠類指數,217.45
2025-07-01,汽車類指數,334.29
2025-07-01,電子工業類指數,1260.14
2025-07-01,半導體類指數,651.95
2025-07-01,電腦及週邊設備類指數,269.42
2025-07-01,光電類指數,34.44
2025-07-01,通信網路類指數,168.94
2025-07-01,電子零組件類指數,235.6
2025-07-01,電子通路類指數,243.68
2025-07-01,資訊服務類指數,209.1
2025-07-01,其他電子類指數,159.88
2025-07-01,建材營造類指數,514.96
2025-07-01,航運類指數,191.08
2025-07-01,觀光餐旅類指數,114.19
2025-07-01,金融保險類指數,2131.9
2025-07-01,貿易百貨類指數,259.54
2025-07-01,油電燃氣類指數,56.08
2025-07-01,綠能環保類指數,102.41
2025-07-01,數位雲端類指數,53.32
2025-07-01,運動休閒類指數,79.23
2025-07-01,居家生活類指數,114.41
2025-07-01,其他類指數,293.02
2025-06-30,發行量加權股價指數,22256.02
2025-06-30,水泥窯製類指數,524.41
2025-06-30,塑膠化工類指數,570.11
2025-06-30,機電類指數,6893.14
2025-06-30,水泥類指數,136.51
2025-06-30,食品類指數,2103.09
2025-06-30,塑膠類指數,96.47
2025-06-30,紡織纖維類指數,527.26
2025-06-30,電機機械類指數,369.48
2025-06-30,電器電纜類指數,84.08
2025-06-30,化學生技醫療類指數,135.76
2025-06-30,化學類指數,152.21
2025-06-30,生技醫療類指數,78.17
2025-06-30,玻璃陶瓷類指數,44.65
2025-06-30,造紙類指數,238.93
2025-06-30,鋼鐵類指數,117.01
2025-06-30,橡膠類指數,215.24
2025-06-30,汽車類指數,327.5
2025-06-30,電子工業類指數,1239.58
2025-06-30,半導體類指數,639.3
2025-06-30,電腦及週邊設備類指數,267.92
2025-06-30,光電類指數,34.57
2025-06-30,通信網路類指數,167.91
2025-06-30,電子零組件類指數,232.75
2025-06-30,電子通路類指數,239.54
2025-06-30,資訊服務類指數,205.74
2025-06-30,其他電子類指數,156.77
2025-06-30,建材營造類指數,505.44
2025-06-30,航運類指數,189.39
2025-06-30,觀光餐旅類指數,114.01
2025-06-30,金融保險類指數,2135.75
2025-06-30,貿易百貨類指數,257.13
2025-06-30,油電燃氣類指數,54.41
2025-06-30,綠能環保類指數,101.42
2025-06-30,數位雲端類指數,53.63
2025-06-30,運動休閒類指數,78.79
2025-06-30,居家生活類指數,114.96
2025-06-30,其他類指數,291.83
2025-06-27,發行量加權股價指數,22580.08
2025-06-27,水泥窯製類指數,533.61
2025-06-27,塑膠化工類指數,576.09
2025-06-27,機電類指數,6996.36
2025-06-27,水泥類指數,139.14
2025-06-27,食品類指數,2096.2
2025-06-27,塑膠類指數,98.47
2025-06-27,紡織纖維類指數,537.19
2025-06-27,電機機械類指數,375.06
2025-06-27,電器電纜類指數,84.95
2025-06-27,化學生技醫療類指數,136.07
2025-06-27,化學類指數,153.42
2025-06-27,生技醫療類指數,78.13
2025-06-27,玻璃陶瓷類指數,44.93
2025-06-27,造紙類指數,242.18
2025-06-27,鋼鐵類指數,118.59
2025-06-27,橡膠類指數,220.49
2025-06-27,汽車類指數,332.61
2025-06-27,電子工業類指數,1258.16
2025-06-27,半導體類指數,650.97
2025-06-27,電腦及週邊設備類指數,269.65
2025-06-27,光電類指數,34.92
2025-06-27,通信網路類指數,169.34
2025-06-27,電子零組件類指數,233.96
2025-06-27,電子通路類指數,241.79
2025-06-27,資訊服務類指數,207.99
2025-06-27,其他電子類指數,158.93
2025-06-27,建材營造類指數,509.94
2025-06-27,航運類指數,193.4
2025-06-27,觀光餐旅類指數,114.78
2025-06-27,金融保險類指數,2167.65
2025-06-27,貿易百貨類指數,260.64
2025-06-27,油電燃氣類指數,55.4
2025-06-27,綠能環保類指數,102.78
2025-06-27,數位雲端類指數,54.9
2025-06-27,運動休閒類指數,79.3
2025-06-27,居家生活類指數,115.25
2025-06-27,其他類指數,294.34
2025-06-26,發行量加權股價指數,22492.34
2025-06-26,水泥窯製類指數,528.41
2025-06-26,塑膠化工類指數,573.84
2025-06-26,機電類指數,6973.3
2025-06-26,水泥類指數,137.41
2025-06-26,食品類指數,2080.68
2025-06-26,塑膠類指數,98.98
2025-06-26,紡織纖維類指數,527.76
2025-06-26,電機機械類指數,375.75
2025-06-26,電器電纜類指數,84.5
2025-06-26,化學生技醫療類指數,134.65
2025-06-26,化學類指數,152.7
2025-06-26,生技醫療類指數,77.1
2025-06-26,玻璃陶瓷類指數,45.29
2025-06-26,造紙類指數,240.69
2025-06-26,鋼鐵類指數,117.53
2025-06-26,橡膠類指數,221.31
2025-06-26,汽車類指數,330.96
2025-06-26,電子工業類指數,1253.88
2025-06-26,半導體類指數,647.84
2025-06-26,電腦及週邊設備類指數,272.04
2025-06-26,光電類指數,34.6
2025-06-26,通信網路類指數,169.26
2025-06-26,電子零組件類指數,232.44
2025-06-26,電子通路類指數,244.8
2025-06-26,資訊服務類指數,206.36
2025-06-26,其他電子類指數,158.02
2025-06-26,建材營造類指數,507.25
2025-06-26,航運類指數,193.16
2025-06-26,觀光餐旅類指數,113.96
2025-06-26,金融保險類指數,2157.97
2025-06-26,貿易百貨類指數,258.72
2025-06-26,油電燃氣類指數,55.4
2025-06-26,綠能環保類指數,103.31
2025-06-26,數位雲端類指數,52.93
2025-06-26,運動休閒類指數,78.18
2025-06-26,居家生活類指數,114.46
2025-06-26,其他類指數,292.5
2025-06-25,發行量加權股價指數,22430.61
2025-06-25,水泥窯製類指數,524.79
2025-06-25,塑膠化工類指數,565.87
2025-06-25,機電類指數,6966.6
2025-06-25,水泥類指數,136.49
2025-06-25,食品類指數,2054.51
2025-06-25,塑膠類指數,97.21
2025-06-25,紡織纖維類指數,522.35
2025-06-25,電機機械類指數,373.02
2025-06-25,電器電纜類指數,83.79
2025-06-25,化學生技醫療類指數,133.24
2025-06-25,化學類指數,151.73
2025-06-25,生技醫療類指數,76.13
2025-06-25,玻璃陶瓷類指數,44.93
2025-06-25,造紙類指數,237.98
2025-06-25,鋼鐵類指數,116.26
2025-06-25,橡膠類指數,216.92
2025-06-25,汽車類指數,325.62
2025-06-25,電子工業類指數,1252.9
2025-06-25,半導體類指數,645.8
2025-06-25,電腦及週邊設備類指數,276.63
2025-06-25,光電類指數,34.67
2025-06-25,通信網路類指數,169.69
2025-06-25,電子零組件類指數,233.6
2025-06-25,電子通路類指數,238.89
2025-06-25,資訊服務類指數,205.36
2025-06-25,其他電子類指數,156.77
2025-06-25,建材營造類指數,499.63
2025-06-25,航運類指數,193.43
2025-06-25,觀光餐旅類指數,112.42
2025-06-25,金融保險類指數,2147.5
2025-06-25,貿易百貨類指數,257.67
2025-06-25,油電燃氣類指數,54.49
2025-06-25,綠能環保類指數,103.26
2025-06-25,數位雲端類指數,50.98
2025-06-25,運動休閒類指數,78.06
2025-06-25,居家生活類指數,113.74
2025-06-25,其他類指數,290.53
2025-06-24,發行量加權股價指數,22188.76
2025-06-24,水泥窯製類指數,528.53
2025-06-24,塑膠化工類指數,568.07
2025-06-24,機電類指數,6866.55
2025-06-24,水泥類指數,137.09
2025-06-24,食品類指數,2059.82
2025-06-24,塑膠類指數,96.97
2025-06-24,紡織纖維類指數,522.55
2025-06-24,電機機械類指數,372.79
2025-06-24,電器電纜類指數,84.44
2025-06-24,化學生技醫療類指數,134.22
2025-06-24,化學類指數,152.26
2025-06-24,生技醫療類指數,76.83
2025-06-24,玻璃陶瓷類指數,46.03
2025-06-24,造紙類指數,238.78
2025-06-24,鋼鐵類指數,116.72
2025-06-24,橡膠類指數,217.92
2025-06-24,汽車類指數,324.52
2025-06-24,電子工業類指數,1234.4
2025-06-24,半導體類指數,634.44
2025-06-24,電腦及週邊設備類指數,274.08
2025-06-24,光電類指數,34.7
2025-06-24,通信網路類指數,166.7
2025-06-24,電子零組件類指數,231.71
2025-06-24,電子通路類指數,239.43
2025-06-24,資訊服務類指數,205.15
2025-06-24,其他電子類指數,155.38
2025-06-24,建材營造類指數,498.46
2025-06-24,航運類指數,193.64
2025-06-24,觀光餐旅類指數,112.72
2025-06-24,金融保險類指數,2138.18
2025-06-24,貿易百貨類指數,257.54
2025-06-24,油電燃氣類指數,55.31
2025-06-24,綠能環保類指數,103.59
2025-06-24,數位雲端類指數,51.31
2025-06-24,運動休閒類指數,76.33
2025-06-24,居家生活類指數,115.55
2025-06-24,其他類指數,291.05
2025-06-23,發行量加權股價指數,21732.02
2025-06-23,水泥窯製類指數,517.14
2025-06-23,塑膠化工類指數,558.46
2025-06-23,機電類指數,6703.91
2025-06-23,水泥類指數,134.63
2025-06-23,食品類指數,2040.59
2025-06-23,塑膠類指數,95.37
2025-06-23,紡織纖維類指數,514.19
2025-06-23,電機機械類指數,366.61
2025-06-23,電器電纜類指數,81.25
2025-06-23,化學生技醫療類指數,131.82
2025-06-23,化學類指數,151.1
2025-06-23,生技醫療類指數,75.07
2025-06-23,玻璃陶瓷類指數,43.99
2025-06-23,造紙類指數,232.67
2025-06-23,鋼鐵類指數,114.33
2025-06-23,橡膠類指數,215.02
2025-06-23,汽車類指數,316.87
2025-06-23,電子工業類指數,1205.04
2025-06-23,半導體類指數,618.46
2025-06-23,電腦及週邊設備類指數,267.01
2025-06-23,光電類指數,33.93
2025-06-23,通信網路類指數,168.28
2025-06-23,電子零組件類指數,224.71
2025-06-23,電子通路類指數,236.85
2025-06-23,資訊服務類指數,204.68
2025-06-23,其他電子類指數,150.98
2025-06-23,建材營造類指數,493.8
2025-06-23,航運類指數,191.65
2025-06-23,觀光餐旅類指數,110.69
2025-06-23,金融保險類指數,2114.63
2025-06-23,貿易百貨類指數,256.15
2025-06-23,油電燃氣類指數,57.42
2025-06-23,綠能環保類指數,102.75
2025-06-23,數位雲端類指數,50.44
2025-06-23,運動休閒類指數,74.28
2025-06-23,居家生活類指數,112.32
2025-06-23,其他類指數,288.06
2025-06-20,發行量加權股價指數,22045.74
2025-06-20,水泥窯製類指數,520.82
2025-06-20,塑膠化工類指數,559.83
2025-06-20,機電類指數,6825.06
2025-06-20,水泥類指數,135.86
2025-06-20,食品類指數,2030.34
2025-06-20,塑膠類指數,95.13
2025-06-20,紡織纖維類指數,522.28
2025-06-20,電機機械類指數,368.29
2025-06-20,電器電纜類指數,81.76
2025-06-20,化學生技醫療類指數,132.27
2025-06-20,化學類指數,151.4
2025-06-20,生技醫療類指數,75.38
2025-06-20,玻璃陶瓷類指數,43.74
2025-06-20,造紙類指數,238.01
2025-06-20,鋼鐵類指數,114.21
2025-06-20,橡膠類指數,217.52
2025-06-20,汽車類指數,319.55
2025-06-20,電子工業類指數,1227.25
2025-06-20,半導體類指數,635.35
2025-06-20,電腦及週邊設備類指數,267.72
2025-06-20,光電類指數,34.24
2025-06-20,通信網路類指數,168.62
2025-06-20,電子零組件類指數,223.83
2025-06-20,電子通路類指數,244.63
2025-06-20,資訊服務類指數,206.59
2025-06-20,其他電子類指數,150.0
2025-06-20,建材營造類指數,498.41
2025-06-20,航運類指數,194.54
2025-06-20,觀光餐旅類指數,111.55
2025-06-20,金融保險類指數,2123.45
2025-06-20,貿易百貨類指數,257.19
2025-06-20,油電燃氣類指數,55.69
2025-06-20,綠能環保類指數,103.43
2025-06-20,數位雲端類指數,51.04
2025-06-20,運動休閒類指數,75.09
2025-06-20,居家生活類指數,113.71
2025-06-20,其他類指數,288.49
2025-06-19,發行量加權股價指數,22003.5
2025-06-19,水泥窯製類指數,526.76
2025-06-19,塑膠化工類指數,563.81
2025-06-19,機電類指數,6781.57
2025-06-19,水泥類指數,137.27
2025-06-19,食品類指數,2026.25
2025-06-19,塑膠類指數,96.81
2025-06-19,紡織纖維類指數,530.22
2025-06-19,電機機械類指數,372.51
2025-06-19,電器電纜類指數,82.72
2025-06-19,化學生技醫療類指數,132.34
2025-06-19,化學類指數,153.16
2025-06-19,生技醫療類指數,75.0
2025-06-19,玻璃陶瓷類指數,44.53
2025-06-19,造紙類指數,239.18
2025-06-19,鋼鐵類指數,115.93
2025-06-19,橡膠類指數,219.95
2025-06-19,汽車類指數,328.61
2025-06-19,電子工業類指數,1218.84
2025-06-19,半導體類指數,626.91
2025-06-19,電腦及週邊設備類指數,269.5
2025-06-19,光電類指數,34.75
2025-06-19,通信網路類指數,169.07
2025-06-19,電子零組件類指數,227.58
2025-06-19,電子通路類指數,246.37
2025-06-19,資訊服務類指數,210.99
2025-06-19,其他電子類指數,148.95
2025-06-19,建材營造類指數,503.92
2025-06-19,航運類指數,197.62
2025-06-19,觀光餐旅類指數,112.68
2025-06-19,金融保險類指數,2141.67
2025-06-19,貿易百貨類指數,258.04
2025-06-19,油電燃氣類指數,55.39
2025-06-19,綠能環保類指數,103.84
2025-06-19,數位雲端類指數,51.75
2025-06-19,運動休閒類指數,77.88
2025-06-19,居家生活類指數,113.26
2025-06-19,其他類指數,288.88
2025-06-18,發行量加權股價指數,22356.73
2025-06-18,水泥窯製類指數,535.12
2025-06-18,塑膠化工類指數,571.52
2025-06-18,機電類指數,6890.29
2025-06-18,水泥類指數,139.51
2025-06-18,食品類指數,2045.17
2025-06-18,塑膠類指數,99.36
2025-06-18,紡織纖維類指數,534.01
2025-06-18,電機機械類指數,383.14
2025-06-18,電器電纜類指數,83.91
2025-06-18,化學生技醫療類指數,133.19
2025-06-18,化學類指數,154.97
2025-06-18,生技醫療類指數,75.27
2025-06-18,玻璃陶瓷類指數,45.1
2025-06-18,造紙類指數,245.87
2025-06-18,鋼鐵類指數,117.47
2025-06-18,橡膠類指數,223.09
2025-06-18,汽車類指數,334.91
2025-06-18,電子工業類指數,1238.03
2025-06-18,半導體類指數,638.22
2025-06-18,電腦及週邊設備類指數,273.05
2025-06-18,光電類指數,35.29
2025-06-18,通信網路類指數,170.54
2025-06-18,電子零組件類指數,229.31
2025-06-18,電子通路類指數,249.68
2025-06-18,資訊服務類指數,214.43
2025-06-18,其他電子類指數,150.79
2025-06-18,建材營造類指數,514.05
2025-06-18,航運類指數,207.41
2025-06-18,觀光餐旅類指數,114.29
2025-06-18,金融保險類指數,2157.35
2025-06-18,貿易百貨類指數,261.87
2025-06-18,油電燃氣類指數,57.43
2025-06-18,綠能環保類指數,106.11
2025-06-18,數位雲端類指數,53.25
2025-06-18,運動休閒類指數,79.79
2025-06-18,居家生活類指數,116.93
2025-06-18,其他類指數,292.82
2025-06-17,發行量加權股價指數,22211.59
2025-06-17,水泥窯製類指數,539.21
2025-06-17,塑膠化工類指數,570.49
2025-06-17,機電類指數,6838.86
2025-06-17,水泥類指數,140.58
2025-06-17,食品類指數,2059.19
2025-06-17,塑膠類指數,100.18
2025-06-17,紡織纖維類指數,535.87
2025-06-17,電機機械類指數,377.29
2025-06-17,電器電纜類指數,83.25
2025-06-17,化學生技醫療類指數,131.73
2025-06-17,化學類指數,154.35
2025-06-17,生技醫療類指數,74.18
2025-06-17,玻璃陶瓷類指數,45.43
2025-06-17,造紙類指數,243.68
2025-06-17,鋼鐵類指數,117.47
2025-06-17,橡膠類指數,226.52
2025-06-17,汽車類指數,335.02
2025-06-17,電子工業類指數,1229.02
2025-06-17,半導體類指數,632.37
2025-06-17,電腦及週邊設備類指數,272.76
2025-06-17,光電類指數,35.21
2025-06-17,通信網路類指數,170.14
2025-06-17,電子零組件類指數,227.66
2025-06-17,電子通路類指數,250.3
2025-06-17,資訊服務類指數,215.79
2025-06-17,其他電子類指數,149.97
2025-06-17,建材營造類指數,511.55
2025-06-17,航運類指數,207.45
2025-06-17,觀光餐旅類指數,114.32
2025-06-17,金融保險類指數,2138.05
2025-06-17,貿易百貨類指數,262.82
2025-06-17,油電燃氣類指數,56.85
2025-06-17,綠能環保類指數,104.97
2025-06-17,數位雲端類指數,52.05
2025-06-17,運動休閒類指數,80.01
2025-06-17,居家生活類指數,117.03
2025-06-17,其他類指數,292.52
2025-06-16,發行量加權股價指數,22049.9
2025-06-16,水泥窯製類指數,540.58
2025-06-16,塑膠化工類指數,574.63
2025-06-16,機電類指數,6765.42
2025-06-16,水泥類指數,140.85
2025-06-16,食品類指數,2066.64
2025-06-16,塑膠類指數,104.26
2025-06-16,紡織纖維類指數,534.58
2025-06-16,電機機械類指數,374.87
2025-06-16,電器電纜類指數,83.71
2025-06-16,化學生技醫療類指數,130.26
2025-06-16,化學類指數,154.63
2025-06-16,生技醫療類指數,72.84
2025-06-16,玻璃陶瓷類指數,45.75
2025-06-16,造紙類指數,245.39
2025-06-16,鋼鐵類指數,118.21
2025-06-16,橡膠類指數,227.01
2025-06-16,汽車類指數,334.76
2025-06-16,電子工業類指數,1215.61
2025-06-16,半導體類指數,621.07
2025-06-16,電腦及週邊設備類指數,274.12
2025-06-16,光電類指數,35.13
2025-06-16,通信網路類指數,171.3
2025-06-16,電子零組件類指數,229.51
2025-06-16,電子通路類指數,247.35
2025-06-16,資訊服務類指數,214.07
2025-06-16,其他電子類指數,149.43
2025-06-16,建材營造類指數,511.2
2025-06-16,航運類指數,205.69
2025-06-16,觀光餐旅類指數,114.13
2025-06-16,金融保險類指數,2143.68
2025-06-16,貿易百貨類指數,263.16
2025-06-16,油電燃氣類指數,58.61
2025-06-16,綠能環保類指數,104.61
2025-06-16,數位雲端類指數,51.2
2025-06-16,運動休閒類指數,78.83
2025-06-16,居家生活類指數,117.3
2025-06-16,其他類指數,294.44
2025-06-13,發行量加權股價指數,22072.95
2025-06-13,水泥窯製類指數,542.74
2025-06-13,塑膠化工類指數,571.94
2025-06-13,機電類指數,6775.08
2025-06-13,水泥類指數,141.54
2025-06-13,食品類指數,2066.24
2025-06-13,塑膠類指數,102.44
2025-06-13,紡織纖維類指數,531.36
2025-06-13,電機機械類指數,371.07
2025-06-13,電器電纜類指數,83.18
2025-06-13,化學生技醫療類指數,130.43
2025-06-13,化學類指數,153.93
2025-06-13,生技醫療類指數,73.17
2025-06-13,玻璃陶瓷類指數,45.66
2025-06-13,造紙類指數,245.19
2025-06-13,鋼鐵類指數,118.04
2025-06-13,橡膠類指數,227.89
2025-06-13,汽車類指數,335.28
2025-06-13,電子工業類指數,1217.72
2025-06-13,半導體類指數,622.82
2025-06-13,電腦及週邊設備類指數,274.83
2025-06-13,光電類指數,35.02
2025-06-13,通信網路類指數,170.28
2025-06-13,電子零組件類指數,228.55
2025-06-13,電子通路類指數,246.5
2025-06-13,資訊服務類指數,213.25
2025-06-13,其他電子類指數,150.31
2025-06-13,建材營造類指數,514.38
2025-06-13,航運類指數,205.48
2025-06-13,觀光餐旅類指數,114.64
2025-06-13,金融保險類指數,2147.83
2025-06-13,貿易百貨類指數,262.61
2025-06-13,油電燃氣類指數,58.84
2025-06-13,綠能環保類指數,104.06
2025-06-13,數位雲端類指數,51.42
2025-06-13,運動休閒類指數,78.43
2025-06-13,居家生活類指數,116.27
2025-06-13,其他類指數,293.41
2025-06-12,發行量加權股價指數,22287.82
2025-06-12,水泥窯製類指數,542.79
2025-06-12,塑膠化工類指數,578.09
2025-06-12,機電類指數,6857.46
2025-06-12,水泥類指數,141.4
2025-06-12,食品類指數,2065.35
2025-06-12,塑膠類指數,102.39
2025-06-12,紡織纖維類指數,536.29
2025-06-12,電機機械類指數,376.42
2025-06-12,電器電纜類指數,84.27
2025-06-12,化學生技醫療類指數,132.36
2025-06-12,化學類指數,156.63
2025-06-12,生技醫療類指數,74.14
2025-06-12,玻璃陶瓷類指數,45.97
2025-06-12,造紙類指數,249.45
2025-06-12,鋼鐵類指數,119.13
2025-06-12,橡膠類指數,233.38
2025-06-12,汽車類指數,338.85
2025-06-12,電子工業類指數,1232.46
2025-06-12,半導體類指數,632.53
2025-06-12,電腦及週邊設備類指數,274.74
2025-06-12,光電類指數,35.55
2025-06-12,通信網路類指數,170.19
2025-06-12,電子零組件類指數,230.76
2025-06-12,電子通路類指數,248.92
2025-06-12,資訊服務類指數,218.43
2025-06-12,其他電子類指數,151.47
2025-06-12,建材營造類指數,520.42
2025-06-12,航運類指數,206.24
2025-06-12,觀光餐旅類指數,115.71
2025-06-12,金融保險類指數,2145.65
2025-06-12,貿易百貨類指數,263.12
2025-06-12,油電燃氣類指數,57.39
2025-06-12,綠能環保類指數,104.84
2025-06-12,數位雲端類指數,52.14
2025-06-12,運動休閒類指數,79.04
2025-06-12,居家生活類指數,117.26
2025-06-12,其他類指數,296.79
2025-06-11,發行量加權股價指數,22470.1
2025-06-11,水泥窯製類指數,547.72
2025-06-11,塑膠化工類指數,582.81
2025-06-11,機電類指數,6927.24
2025-06-11,水泥類指數,142.52
2025-06-11,食品類指數,2057.73
2025-06-11,塑膠類指數,102.52
2025-06-11,紡織纖維類指數,536.98
2025-06-11,電機機械類指數,374.1
2025-06-11,電器電纜類指數,83.62
2025-06-11,化學生技醫療類指數,132.69
2025-06-11,化學類指數,156.95
2025-06-11,生技醫療類指數,74.35
2025-06-11,玻璃陶瓷類指數,46.74
2025-06-11,造紙類指數,250.47
2025-06-11,鋼鐵類指數,119.07
2025-06-11,橡膠類指數,246.1
2025-06-11,汽車類指數,340.9
2025-06-11,電子工業類指數,1245.56
2025-06-11,半導體類指數,643.65
2025-06-11,電腦及週邊設備類指數,271.66
2025-06-11,光電類指數,35.52
2025-06-11,通信網路類指數,170.14
2025-06-11,電子零組件類指數,232.41
2025-06-11,電子通路類指數,249.08
2025-06-11,資訊服務類指數,215.96
2025-06-11,其他電子類指數,150.29
2025-06-11,建材營造類指數,523.62
2025-06-11,航運類指數,209.15
2025-06-11,觀光餐旅類指數,115.76
2025-06-11,金融保險類指數,2148.44
2025-06-11,貿易百貨類指數,261.46
2025-06-11,油電燃氣類指數,56.67
2025-06-11,綠能環保類指數,104.46
2025-06-11,數位雲端類指數,52.6
2025-06-11,運動休閒類指數,78.42
2025-06-11,居家生活類指數,118.9
2025-06-11,其他類指數,296.07
2025-06-10,發行量加權股價指數,22242.14
2025-06-10,水泥窯製類指數,544.82
2025-06-10,塑膠化工類指數,580.69
2025-06-10,機電類指數,6839.98
2025-06-10,水泥類指數,141.84
2025-06-10,食品類指數,2065.3
2025-06-10,塑膠類指數,102.11
2025-06-10,紡織纖維類指數,538.91
2025-06-10,電機機械類指數,371.81
2025-06-10,電器電纜類指數,82.71
2025-06-10,化學生技醫療類指數,132.04
2025-06-10,化學類指數,156.48
2025-06-10,生技醫療類指數,73.9
2025-06-10,玻璃陶瓷類指數,46.35
2025-06-10,造紙類指數,252.28
2025-06-10,鋼鐵類指數,119.22
2025-06-10,橡膠類指數,246.88
2025-06-10,汽車類指數,341.56
2025-06-10,電子工業類指數,1229.68
2025-06-10,半導體類指數,633.54
2025-06-10,電腦及週邊設備類指數,269.79
2025-06-10,光電類指數,35.18
2025-06-10,通信網路類指數,169.09
2025-06-10,電子零組件類指數,231.42
2025-06-10,電子通路類指數,246.49
2025-06-10,資訊服務類指數,213.75
2025-06-10,其他電子類指數,149.07
2025-06-10,建材營造類指數,524.62
2025-06-10,航運類指數,205.41
2025-06-10,觀光餐旅類指數,115.75
2025-06-10,金融保險類指數,2136.43
2025-06-10,貿易百貨類指數,259.87
2025-06-10,油電燃氣類指數,56.85
2025-06-10,綠能環保類指數,106.07
2025-06-10,數位雲端類指數,52.35
2025-06-10,運動休閒類指數,79.19
2025-06-10,居家生活類指數,121.35
2025-06-10,其他類指數,295.2
2025-06-09,發行量加權股價指數,21790.29
2025-06-09,水泥窯製類指數,544.18
2025-06-09,塑膠化工類指數,580.45
2025-06-09,機電類指數,6651.65
2025-06-09,水泥類指數,141.16
2025-06-09,食品類指數,2062.54
2025-06-09,塑膠類指數,101.18
2025-06-09,紡織纖維類指數,534.51
2025-06-09,電機機械類指數,368.53
2025-06-09,電器電纜類指數,81.36
2025-06-09,化學生技醫療類指數,132.47
2025-06-09,化學類指數,155.95
2025-06-09,生技醫療類指數,74.41
2025-06-09,玻璃陶瓷類指數,47.38
2025-06-09,造紙類指數,251.28
2025-06-09,鋼鐵類指數,118.92
2025-06-09,橡膠類指數,248.42
2025-06-09,汽車類指數,339.95
2025-06-09,電子工業類指數,1195.23
2025-06-09,半導體類指數,611.03
2025-06-09,電腦及週邊設備類指數,265.68
2025-06-09,光電類指數,34.81
2025-06-09,通信網路類指數,166.4
2025-06-09,電子零組件類指數,227.35
2025-06-09,電子通路類指數,247.9
2025-06-09,資訊服務類指數,212.43
2025-06-09,其他電子類指數,148.26
2025-06-09,建材營造類指數,520.8
2025-06-09,航運類指數,203.46
2025-06-09,觀光餐旅類指數,114.78
2025-06-09,金融保險類指數,2143.65
2025-06-09,貿易百貨類指數,257.3
2025-06-09,油電燃氣類指數,56.24
2025-06-09,綠能環保類指數,106.2
2025-06-09,數位雲端類指數,52.32
2025-06-09,運動休閒類指數,79.05
2025-06-09,居家生活類指數,121.16
2025-06-09,其他類指數,294.12
2025-06-06,發行量加權股價指數,21660.66
2025-06-06,水泥窯製類指數,542.18
2025-06-06,塑膠化工類指數,577.96
2025-06-06,機電類指數,6603.41
2025-06-06,水泥類指數,142.1
2025-06-06,食品類指數,2066.45
2025-06-06,塑膠類指數,101.39
2025-06-06,紡織纖維類指數,538.31
2025-06-06,電機機械類指數,368.1
2025-06-06,電器電纜類指數,82.63
2025-06-06,化學生技醫療類指數,131.16
2025-06-06,化學類指數,155.77
2025-06-06,生技醫療類指數,73.33
2025-06-06,玻璃陶瓷類指數,44.11
2025-06-06,造紙類指數,253.43
2025-06-06,鋼鐵類指數,119.72
2025-06-06,橡膠類指數,249.37
2025-06-06,汽車類指數,341.22
2025-06-06,電子工業類指數,1186.28
2025-06-06,半導體類指數,605.78
2025-06-06,電腦及週邊設備類指數,264.54
2025-06-06,光電類指數,34.84
2025-06-06,通信網路類指數,164.57
2025-06-06,電子零組件類指數,226.25
2025-06-06,電子通路類指數,246.89
2025-06-06,資訊服務類指數,216.06
2025-06-06,其他電子類指數,147.36
2025-06-06,建材營造類指數,522.0
2025-06-06,航運類指數,204.88
2025-06-06,觀光餐旅類指數,115.02
2025-06-06,金融保險類指數,2126.73
2025-06-06,貿易百貨類指數,258.48
2025-06-06,油電燃氣類指數,56.54
2025-06-06,綠能環保類指數,105.22
2025-06-06,數位雲端類指數,52.2
2025-06-06,運動休閒類指數,77.92
2025-06-06,居家生活類指數,120.45
2025-06-06,其他類指數,293.85
2025-06-05,發行量加權股價指數,21674.43
2025-06-05,水泥窯製類指數,540.49
2025-06-05,塑膠化工類指數,577.27
2025-06-05,機電類指數,6618.39
2025-06-05,水泥類指數,141.42
2025-06-05,食品類指數,2076.05
2025-06-05,塑膠類指數,99.17
2025-06-05,紡織纖維類指數,536.91
2025-06-05,電機機械類指數,367.14
2025-06-05,電器電纜類指數,82.26
2025-06-05,化學生技醫療類指數,132.6
2025-06-05,化學類指數,158.48
2025-06-05,生技醫療類指數,73.89
2025-06-05,玻璃陶瓷類指數,44.47
2025-06-05,造紙類指數,253.89
2025-06-05,鋼鐵類指數,119.06
2025-06-05,橡膠類指數,249.15
2025-06-05,汽車類指數,343.76
2025-06-05,電子工業類指數,1189.14
2025-06-05,半導體類指數,606.17
2025-06-05,電腦及週邊設備類指數,267.29
2025-06-05,光電類指數,34.79
2025-06-05,通信網路類指數,164.44
2025-06-05,電子零組件類指數,227.81
2025-06-05,電子通路類指數,245.06
2025-06-05,資訊服務類指數,215.5
2025-06-05,其他電子類指數,148.65
2025-06-05,建材營造類指數,516.16
2025-06-05,航運類指數,206.16
2025-06-05,觀光餐旅類指數,116.43
2025-06-05,金融保險類指數,2110.73
2025-06-05,貿易百貨類指數,257.68
2025-06-05,油電燃氣類指數,55.26
2025-06-05,綠能環保類指數,106.21
2025-06-05,數位雲端類指數,51.91
2025-06-05,運動休閒類指數,77.89
2025-06-05,居家生活類指數,120.87
2025-06-05,其他類指數,292.68
2025-06-04,發行量加權股價指數,21618.09
2025-06-04,水泥窯製類指數,534.51
2025-06-04,塑膠化工類指數,569.68
2025-06-04,機電類指數,6586.72
2025-06-04,水泥類指數,139.83
2025-06-04,食品類指數,2065.66
2025-06-04,塑膠類指數,97.43
2025-06-04,紡織纖維類指數,538.17
2025-06-04,電機機械類指數,371.35
2025-06-04,電器電纜類指數,81.98
2025-06-04,化學生技醫療類指數,131.03
2025-06-04,化學類指數,157.33
2025-06-04,生技醫療類指數,72.83
2025-06-04,玻璃陶瓷類指數,44.04
2025-06-04,造紙類指數,254.01
2025-06-04,鋼鐵類指數,118.31
2025-06-04,橡膠類指數,247.25
2025-06-04,汽車類指數,344.42
2025-06-04,電子工業類指數,1182.99
2025-06-04,半導體類指數,602.65
2025-06-04,電腦及週邊設備類指數,266.95
2025-06-04,光電類指數,34.64
2025-06-04,通信網路類指數,163.39
2025-06-04,電子零組件類指數,225.24
2025-06-04,電子通路類指數,244.29
2025-06-04,資訊服務類指數,218.01
2025-06-04,其他電子類指數,149.04
2025-06-04,建材營造類指數,516.45
2025-06-04,航運類指數,214.53
2025-06-04,觀光餐旅類指數,116.35
2025-06-04,金融保險類指數,2115.46
2025-06-04,貿易百貨類指數,255.76
2025-06-04,油電燃氣類指數,54.72
2025-06-04,綠能環保類指數,106.64
2025-06-04,數位雲端類指數,51.88
2025-06-04,運動休閒類指數,78.3
2025-06-04,居家生活類指數,119.97
2025-06-04,其他類指數,295.12
2025-06-03,發行量加權股價指數,21126.93
2025-06-03,水泥窯製類指數,531.86
2025-06-03,塑膠化工類指數,562.69
2025-06-03,機電類指數,6398.46
2025-06-03,水泥類指數,139.66
2025-06-03,食品類指數,2059.1
2025-06-03,塑膠類指數,96.28
2025-06-03,紡織纖維類指數,539.64
2025-06-03,電機機械類指數,366.13
2025-06-03,電器電纜類指數,80.89
2025-06-03,化學生技醫療類指數,128.93
2025-06-03,化學類指數,153.35
2025-06-03,生技醫療類指數,72.03
2025-06-03,玻璃陶瓷類指數,42.7
2025-06-03,造紙類指數,253.07
2025-06-03,鋼鐵類指數,117.25
2025-06-03,橡膠類指數,248.05
2025-06-03,汽車類指數,345.84
2025-06-03,電子工業類指數,1148.69
2025-06-03,半導體類指數,581.43
2025-06-03,電腦及週邊設備類指數,261.79
2025-06-03,光電類指數,34.0
2025-06-03,通信網路類指數,162.88
2025-06-03,電子零組件類指數,221.42
2025-06-03,電子通路類指數,240.09
2025-06-03,資訊服務類指數,214.33
2025-06-03,其他電子類指數,145.6
2025-06-03,建材營造類指數,510.42
2025-06-03,航運類指數,215.23
2025-06-03,觀光餐旅類指數,116.29
2025-06-03,金融保險類指數,2092.53
2025-06-03,貿易百貨類指數,254.23
2025-06-03,油電燃氣類指數,53.94
2025-06-03,綠能環保類指數,105.39
2025-06-03,數位雲端類指數,51.71
2025-06-03,運動休閒類指數,77.84
2025-06-03,居家生活類指數,119.75
2025-06-03,其他類指數,290.13
2025-06-02,發行量加權股價指數,21002.71
2025-06-02,水泥窯製類指數,538.71
2025-06-02,塑膠化工類指數,561.2
2025-06-02,機電類指數,6362.42
2025-06-02,水泥類指數,141.75
2025-06-02,食品類指數,2068.03
2025-06-02,塑膠類指數,95.96
2025-06-02,紡織纖維類指數,538.75
2025-06-02,電機機械類指數,362.17
2025-06-02,電器電纜類指數,80.56
2025-06-02,化學生技醫療類指數,128.43
2025-06-02,化學類指數,153.73
2025-06-02,生技醫療類指數,71.5
2025-06-02,玻璃陶瓷類指數,42.65
2025-06-02,造紙類指數,255.85
2025-06-02,鋼鐵類指數,117.67
2025-06-02,橡膠類指數,249.16
2025-06-02,汽車類指數,348.71
2025-06-02,電子工業類指數,1142.36
2025-06-02,半導體類指數,578.66
2025-06-02,電腦及週邊設備類指數,258.07
2025-06-02,光電類指數,34.04
2025-06-02,通信網路類指數,164.25
2025-06-02,電子零組件類指數,217.1
2025-06-02,電子通路類指數,241.35
2025-06-02,資訊服務類指數,213.74
2025-06-02,其他電子類指數,145.74
2025-06-02,建材營造類指數,510.65
2025-06-02,航運類指數,213.31
2025-06-02,觀光餐旅類指數,116.43
2025-06-02,金融保險類指數,2056.88
2025-06-02,貿易百貨類指數,255.08
2025-06-02,油電燃氣類指數,54.48
2025-06-02,綠能環保類指數,104.34
2025-06-02,數位雲端類指數,52.35
2025-06-02,運動休閒類指數,78.02
2025-06-02,居家生活類指數,120.18
2025-06-02,其他類指數,290.79
2025-05-29,發行量加權股價指數,21347.3
2025-05-29,水泥窯製類指數,556.8
2025-05-29,塑膠化工類指數,571.47
2025-05-29,機電類指數,6488.13
2025-05-29,水泥類指數,146.63
2025-05-29,食品類指數,2089.23
2025-05-29,塑膠類指數,99.79
2025-05-29,紡織纖維類指數,553.79
2025-05-29,電機機械類指數,368.84
2025-05-29,電器電纜類指數,82.93
2025-05-29,化學生技醫療類指數,128.59
2025-05-29,化學類指數,155.68
2025-05-29,生技醫療類指數,71.14
2025-05-29,玻璃陶瓷類指數,43.81
2025-05-29,造紙類指數,262.47
2025-05-29,鋼鐵類指數,118.85
2025-05-29,橡膠類指數,258.82
2025-05-29,汽車類指數,359.59
2025-05-29,電子工業類指數,1164.91
2025-05-29,半導體類指數,591.15
2025-05-29,電腦及週邊設備類指數,261.15
2025-05-29,光電類指數,34.88
2025-05-29,通信網路類指數,165.46
2025-05-29,電子零組件類指數,221.94
2025-05-29,電子通路類指數,246.23
2025-05-29,資訊服務類指數,215.81
2025-05-29,其他電子類指數,148.49
2025-05-29,建材營造類指數,516.26
2025-05-29,航運類指數,211.89
2025-05-29,觀光餐旅類指數,118.3
2025-05-29,金融保險類指數,2050.68
2025-05-29,貿易百貨類指數,257.34
2025-05-29,油電燃氣類指數,56.72
2025-05-29,綠能環保類指數,105.38
2025-05-29,數位雲端類指數,54.12
2025-05-29,運動休閒類指數,80.98
2025-05-29,居家生活類指數,121.26
2025-05-29,其他類指數,294.25
2025-05-28,發行量加權股價指數,21357.72
2025-05-28,水泥窯製類指數,559.25
2025-05-28,塑膠化工類指數,575.64
2025-05-28,機電類指數,6476.91
2025-05-28,水泥類指數,146.51
2025-05-28,食品類指數,2115.44
2025-05-28,塑膠類指數,102.13
2025-05-28,紡織纖維類指數,551.87
2025-05-28,電機機械類指數,368.16
2025-05-28,電器電纜類指數,83.44
2025-05-28,化學生技醫療類指數,128.44
2025-05-28,化學類指數,155.01
2025-05-28,生技醫療類指數,71.19
2025-05-28,玻璃陶瓷類指數,45.62
2025-05-28,造紙類指數,263.5
2025-05-28,鋼鐵類指數,119.71
2025-05-28,橡膠類指數,259.39
2025-05-28,汽車類指數,356.45
2025-05-28,電子工業類指數,1162.86
2025-05-28,半導體類指數,591.68
2025-05-28,電腦及週邊設備類指數,259.42
2025-05-28,光電類指數,34.78
2025-05-28,通信網路類指數,166.98
2025-05-28,電子零組件類指數,220.21
2025-05-28,電子通路類指數,244.0
2025-05-28,資訊服務類指數,214.14
2025-05-28,其他電子類指數,145.54
2025-05-28,建材營造類指數,517.56
2025-05-28,航運類指數,214.4
2025-05-28,觀光餐旅類指數,118.58
2025-05-28,金融保險類指數,2067.72
2025-05-28,貿易百貨類指數,260.08
2025-05-28,油電燃氣類指數,57.18
2025-05-28,綠能環保類指數,105.29
2025-05-28,數位雲端類指數,53.97
2025-05-28,運動休閒類指數,79.74
2025-05-28,居家生活類指數,122.79
2025-05-28,其他類指數,295.13
2025-05-27,發行量加權股價指數,21336.54
2025-05-27,水泥窯製類指數,558.85
2025-05-27,塑膠化工類指數,577.58
2025-05-27,機電類指數,6455.55
2025-05-27,水泥類指數,146.9
2025-05-27,食品類指數,2118.61
2025-05-27,塑膠類指數,101.97
2025-05-27,紡織纖維類指數,549.22
2025-05-27,電機機械類指數,368.37
2025-05-27,電器電纜類指數,84.16
2025-05-27,化學生技醫療類指數,129.16
2025-05-27,化學類指數,157.12
2025-05-27,生技醫療類指數,71.27
2025-05-27,玻璃陶瓷類指數,44.54
2025-05-27,造紙類指數,263.58
2025-05-27,鋼鐵類指數,119.4
2025-05-27,橡膠類指數,261.15
2025-05-27,汽車類指數,356.88
2025-05-27,電子工業類指數,1158.86
2025-05-27,半導體類指數,590.17
2025-05-27,電腦及週邊設備類指數,256.6
2025-05-27,光電類指數,34.86
2025-05-27,通信網路類指數,166.02
2025-05-27,電子零組件類指數,219.0
2025-05-27,電子通路類指數,244.63
2025-05-27,資訊服務類指數,215.19
2025-05-27,其他電子類指數,145.44
2025-05-27,建材營造類指數,522.04
2025-05-27,航運類指數,218.34
2025-05-27,觀光餐旅類指數,119.35
2025-05-27,金融保險類指數,2077.57
2025-05-27,貿易百貨類指數,261.1
2025-05-27,油電燃氣類指數,57.22
2025-05-27,綠能環保類指數,106.0
2025-05-27,數位雲端類指數,54.25
2025-05-27,運動休閒類指數,79.67
2025-05-27,居家生活類指數,122.43
2025-05-27,其他類指數,295.85
2025-05-26,發行量加權股價指數,21536.57
2025-05-26,水泥窯製類指數,561.64
2025-05-26,塑膠化工類指數,580.94
2025-05-26,機電類指數,6520.07
2025-05-26,水泥類指數,149.2
2025-05-26,食品類指數,2114.26
2025-05-26,塑膠類指數,103.49
2025-05-26,紡織纖維類指數,554.03
2025-05-26,電機機械類指數,373.55
2025-05-26,電器電纜類指數,85.51
2025-05-26,化學生技醫療類指數,129.16
2025-05-26,化學類指數,157.15
2025-05-26,生技醫療類指數,71.27
2025-05-26,玻璃陶瓷類指數,41.44
2025-05-26,造紙類指數,271.45
2025-05-26,鋼鐵類指數,120.44
2025-05-26,橡膠類指數,262.9
2025-05-26,汽車類指數,358.34
2025-05-26,電子工業類指數,1170.29
2025-05-26,半導體類指數,596.68
2025-05-26,電腦及週邊設備類指數,259.17
2025-05-26,光電類指數,35.41
2025-05-26,通信網路類指數,168.04
2025-05-26,電子零組件類指數,219.35
2025-05-26,電子通路類指數,241.79
2025-05-26,資訊服務類指數,217.06
2025-05-26,其他電子類指數,146.65
2025-05-26,建材營造類指數,529.74
2025-05-26,航運類指數,219.05
2025-05-26,觀光餐旅類指數,120.25
2025-05-26,金融保險類指數,2096.69
2025-05-26,貿易百貨類指數,261.8
2025-05-26,油電燃氣類指數,58.5
2025-05-26,綠能環保類指數,106.6
2025-05-26,數位雲端類指數,54.82
2025-05-26,運動休閒類指數,80.62
2025-05-26,居家生活類指數,122.63
2025-05-26,其他類指數,298.32
2025-05-23,發行量加權股價指數,21652.24
2025-05-23,水泥窯製類指數,561.86
2025-05-23,塑膠化工類指數,582.84
2025-05-23,機電類指數,6554.14
2025-05-23,水泥類指數,149.2
2025-05-23,食品類指數,2115.77
2025-05-23,塑膠類指數,104.57
2025-05-23,紡織纖維類指數,549.44
2025-05-23,電機機械類指數,376.35
2025-05-23,電器電纜類指數,85.75
2025-05-23,化學生技醫療類指數,128.82
2025-05-23,化學類指數,156.74
2025-05-23,生技醫療類指數,71.07
2025-05-23,玻璃陶瓷類指數,41.59
2025-05-23,造紙類指數,271.46
2025-05-23,鋼鐵類指數,120.96
2025-05-23,橡膠類指數,265.43
2025-05-23,汽車類指數,357.46
2025-05-23,電子工業類指數,1176.36
2025-05-23,半導體類指數,601.93
2025-05-23,電腦及週邊設備類指數,256.01
2025-05-23,光電類指數,35.69
2025-05-23,通信網路類指數,167.91
2025-05-23,電子零組件類指數,219.47
2025-05-23,電子通路類指數,242.37
2025-05-23,資訊服務類指數,218.57
2025-05-23,其他電子類指數,147.27
2025-05-23,建材營造類指數,527.64
2025-05-23,航運類指數,223.36
2025-05-23,觀光餐旅類指數,120.35
2025-05-23,金融保險類指數,2115.49
2025-05-23,貿易百貨類指數,262.63
2025-05-23,油電燃氣類指數,57.25
2025-05-23,綠能環保類指數,107.62
2025-05-23,數位雲端類指數,54.99
2025-05-23,運動休閒類指數,80.96
2025-05-23,居家生活類指數,121.38
2025-05-23,其他類指數,301.08
2025-05-22,發行量加權股價指數,21670.96
2025-05-22,水泥窯製類指數,564.44
2025-05-22,塑膠化工類指數,582.4
2025-05-22,機電類指數,6561.46
2025-05-22,水泥類指數,150.25
2025-05-22,食品類指數,2128.72
2025-05-22,塑膠類指數,104.32
2025-05-22,紡織纖維類指數,546.73
2025-05-22,電機機械類指數,374.92
2025-05-22,電器電纜類指數,85.3
2025-05-22,化學生技醫療類指數,129.01
2025-05-22,化學類指數,157.77
2025-05-22,生技醫療類指數,70.98
2025-05-22,玻璃陶瓷類指數,41.0
2025-05-22,造紙類指數,268.22
2025-05-22,鋼鐵類指數,121.24
2025-05-22,橡膠類指數,263.97
2025-05-22,汽車類指數,360.51
2025-05-22,電子工業類指數,1177.85
2025-05-22,半導體類指數,602.03
2025-05-22,電腦及週邊設備類指數,258.97
2025-05-22,光電類指數,35.38
2025-05-22,通信網路類指數,168.32
2025-05-22,電子零組件類指數,220.1
2025-05-22,電子通路類指數,243.1
2025-05-22,資訊服務類指數,221.46
2025-05-22,其他電子類指數,146.92
2025-05-22,建材營造類指數,527.42
2025-05-22,航運類指數,225.38
2025-05-22,觀光餐旅類指數,119.08
2025-05-22,金融保險類指數,2108.37
2025-05-22,貿易百貨類指數,262.0
2025-05-22,油電燃氣類指數,57.51
2025-05-22,綠能環保類指數,108.24
2025-05-22,數位雲端類指數,55.1
2025-05-22,運動休閒類指數,81.36
2025-05-22,居家生活類指數,121.88
2025-05-22,其他類指數,300.02
2025-05-21,發行量加權股價指數,21803.91
2025-05-21,水泥窯製類指數,574.39
2025-05-21,塑膠化工類指數,590.1
2025-05-21,機電類指數,6608.28
2025-05-21,水泥類指數,152.84
2025-05-21,食品類指數,2141.27
2025-05-21,塑膠類指數,106.99
2025-05-21,紡織纖維類指數,551.47
2025-05-21,電機機械類指數,372.86
2025-05-21,電器電纜類指數,86.31
2025-05-21,化學生技醫療類指數,129.52
2025-05-21,化學類指數,157.84
2025-05-21,生技醫療類指數,71.41
2025-05-21,玻璃陶瓷類指數,41.84
2025-05-21,造紙類指數,269.45
2025-05-21,鋼鐵類指數,123.64
2025-05-21,橡膠類指數,268.99
2025-05-21,汽車類指數,364.87
2025-05-21,電子工業類指數,1186.58
2025-05-21,半導體類指數,607.01
2025-05-21,電腦及週邊設備類指數,261.11
2025-05-21,光電類指數,35.87
2025-05-21,通信網路類指數,168.17
2025-05-21,電子零組件類指數,220.33
2025-05-21,電子通路類指數,243.86
2025-05-21,資訊服務類指數,222.56
2025-05-21,其他電子類指數,148.49
2025-05-21,建材營造類指數,530.48
2025-05-21,航運類指數,220.22
2025-05-21,觀光餐旅類指數,118.93
2025-05-21,金融保險類指數,2111.03
2025-05-21,貿易百貨類指數,263.8
2025-05-21,油電燃氣類指數,58.64
2025-05-21,綠能環保類指數,107.61
2025-05-21,數位雲端類指數,55.47
2025-05-21,運動休閒類指數,82.75
2025-05-21,居家生活類指數,123.14
2025-05-21,其他類指數,302.49
2025-05-20,發行量加權股價指數,21526.03
2025-05-20,水泥窯製類指數,573.27
2025-05-20,塑膠化工類指數,581.62
2025-05-20,機電類指數,6515.47
2025-05-20,水泥類指數,152.67
2025-05-20,食品類指數,2148.16
2025-05-20,塑膠類指數,106.62
2025-05-20,紡織纖維類指數,546.53
2025-05-20,電機機械類指數,370.57
2025-05-20,電器電纜類指數,86.87
2025-05-20,化學生技醫療類指數,127.23
2025-05-20,化學類指數,156.34
2025-05-20,生技醫療類指數,69.81
2025-05-20,玻璃陶瓷類指數,41.49
2025-05-20,造紙類指數,266.29
2025-05-20,鋼鐵類指數,124.82
2025-05-20,橡膠類指數,261.13
2025-05-20,汽車類指數,353.81
2025-05-20,電子工業類指數,1169.58
2025-05-20,半導體類指數,599.11
2025-05-20,電腦及週邊設備類指數,257.07
2025-05-20,光電類指數,35.31
2025-05-20,通信網路類指數,165.54
2025-05-20,電子零組件類指數,214.06
2025-05-20,電子通路類指數,242.39
2025-05-20,資訊服務類指數,220.11
2025-05-20,其他電子類指數,147.1
2025-05-20,建材營造類指數,525.96
2025-05-20,航運類指數,219.5
2025-05-20,觀光餐旅類指數,118.08
2025-05-20,金融保險類指數,2087.64
2025-05-20,貿易百貨類指數,264.13
2025-05-20,油電燃氣類指數,57.25
2025-05-20,綠能環保類指數,107.71
2025-05-20,數位雲端類指數,54.65
2025-05-20,運動休閒類指數,81.65
2025-05-20,居家生活類指數,123.59
2025-05-20,其他類指數,299.16
2025-05-19,發行量加權股價指數,21523.83
2025-05-19,水泥窯製類指數,565.89
2025-05-19,塑膠化工類指數,581.66
2025-05-19,機電類指數,6521.55
2025-05-19,水泥類指數,150.47
2025-05-19,食品類指數,2165.78
2025-05-19,塑膠類指數,106.55
2025-05-19,紡織纖維類指數,552.82
2025-05-19,電機機械類指數,373.54
2025-05-19,電器電纜類指數,85.58
2025-05-19,化學生技醫療類指數,126.7
2025-05-19,化學類指數,155.73
2025-05-19,生技醫療類指數,69.5
2025-05-19,玻璃陶瓷類指數,41.47
2025-05-19,造紙類指數,268.61
2025-05-19,鋼鐵類指數,122.83
2025-05-19,橡膠類指數,266.11
2025-05-19,汽車類指數,354.5
2025-05-19,電子工業類指數,1170.56
2025-05-19,半導體類指數,600.73
2025-05-19,電腦及週邊設備類指數,255.84
2025-05-19,光電類指數,35.2
2025-05-19,通信網路類指數,165.25
2025-05-19,電子零組件類指數,213.28
2025-05-19,電子通路類指數,242.43
2025-05-19,資訊服務類指數,217.86
2025-05-19,其他電子類指數,147.05
2025-05-19,建材營造類指數,524.9
2025-05-19,航運類指數,219.17
2025-05-19,觀光餐旅類指數,117.94
2025-05-19,金融保險類指數,2076.75
2025-05-19,貿易百貨類指數,263.0
2025-05-19,油電燃氣類指數,56.99
2025-05-19,綠能環保類指數,107.23
2025-05-19,數位雲端類指數,54.42
2025-05-19,運動休閒類指數,81.98
2025-05-19,居家生活類指數,121.44
2025-05-19,其他類指數,299.9
2025-05-16,發行量加權股價指數,21843.69
2025-05-16,水泥窯製類指數,570.49
2025-05-16,塑膠化工類指數,584.43
2025-05-16,機電類指數,6634.47
2025-05-16,水泥類指數,151.41
2025-05-16,食品類指數,2119.22
2025-05-16,塑膠類指數,107.14
2025-05-16,紡織纖維類指數,559.18
2025-05-16,電機機械類指數,376.09
2025-05-16,電器電纜類指數,86.33
2025-05-16,化學生技醫療類指數,127.39
2025-05-16,化學類指數,157.75
2025-05-16,生技醫療類指數,69.58
2025-05-16,玻璃陶瓷類指數,42.4
2025-05-16,造紙類指數,266.63
2025-05-16,鋼鐵類指數,123.22
2025-05-16,橡膠類指數,266.18
2025-05-16,汽車類指數,360.76
2025-05-16,電子工業類指數,1191.17
2025-05-16,半導體類指數,611.0
2025-05-16,電腦及週邊設備類指數,260.85
2025-05-16,光電類指數,35.84
2025-05-16,通信網路類指數,166.47
2025-05-16,電子零組件類指數,217.83
2025-05-16,電子通路類指數,244.02
2025-05-16,資訊服務類指數,221.35
2025-05-16,其他電子類指數,150.81
2025-05-16,建材營造類指數,526.02
2025-05-16,航運類指數,221.97
2025-05-16,觀光餐旅類指數,117.41
2025-05-16,金融保險類指數,2100.44
2025-05-16,貿易百貨類指數,265.78
2025-05-16,油電燃氣類指數,58.35
2025-05-16,綠能環保類指數,105.05
2025-05-16,數位雲端類指數,55.37
2025-05-16,運動休閒類指數,83.7
2025-05-16,居家生活類指數,123.77
2025-05-16,其他類指數,302.23
2025-05-15,發行量加權股價指數,21730.25
2025-05-15,水泥窯製類指數,569.37
2025-05-15,塑膠化工類指數,579.31
2025-05-15,機電類指數,6620.34
2025-05-15,水泥類指數,151.07
2025-05-15,食品類指數,2107.39
2025-05-15,塑膠類指數,106.49
2025-05-15,紡織纖維類指數,555.17
2025-05-15,電機機械類指數,375.49
2025-05-15,電器電纜類指數,85.27
2025-05-15,化學生技醫療類指數,125.78
2025-05-15,化學類指數,154.8
2025-05-15,生技醫療類指數,68.95
2025-05-15,玻璃陶瓷類指數,42.4
2025-05-15,造紙類指數,260.91
2025-05-15,鋼鐵類指數,123.86
2025-05-15,橡膠類指數,266.04
2025-05-15,汽車類指數,360.65
2025-05-15,電子工業類指數,1188.68
2025-05-15,半導體類指數,609.02
2025-05-15,電腦及週邊設備類指數,261.16
2025-05-15,光電類指數,35.72
2025-05-15,通信網路類指數,167.23
2025-05-15,電子零組件類指數,216.9
2025-05-15,電子通路類指數,242.64
2025-05-15,資訊服務類指數,224.49
2025-05-15,其他電子類指數,151.14
2025-05-15,建材營造類指數,518.52
2025-05-15,航運類指數,212.37
2025-05-15,觀光餐旅類指數,115.71
2025-05-15,金融保險類指數,2068.33
2025-05-15,貿易百貨類指數,261.64
2025-05-15,油電燃氣類指數,58.85
2025-05-15,綠能環保類指數,104.6
2025-05-15,數位雲端類指數,55.5
2025-05-15,運動休閒類指數,85.31
2025-05-15,居家生活類指數,122.44
2025-05-15,其他類指數,299.14
2025-05-14,發行量加權股價指數,21782.87
2025-05-14,水泥窯製類指數,575.19
2025-05-14,塑膠化工類指數,585.53
2025-05-14,機電類指數,6642.22
2025-05-14,水泥類指數,152.57
2025-05-14,食品類指數,2093.67
2025-05-14,塑膠類指數,107.71
2025-05-14,紡織纖維類指數,565.55
2025-05-14,電機機械類指數,372.44
2025-05-14,電器電纜類指數,84.62
2025-05-14,化學生技醫療類指數,127.15
2025-05-14,化學類指數,156.5
2025-05-14,生技醫療類指數,69.7
2025-05-14,玻璃陶瓷類指數,42.92
2025-05-14,造紙類指數,265.36
2025-05-14,鋼鐵類指數,124.99
2025-05-14,橡膠類指數,268.2
2025-05-14,汽車類指數,366.06
2025-05-14,電子工業類指數,1192.99
2025-05-14,半導體類指數,611.89
2025-05-14,電腦及週邊設備類指數,261.53
2025-05-14,光電類指數,35.74
2025-05-14,通信網路類指數,165.13
2025-05-14,電子零組件類指數,216.88
2025-05-14,電子通路類指數,245.07
2025-05-14,資訊服務類指數,225.79
2025-05-14,其他電子類指數,153.07
2025-05-14,建材營造類指數,522.67
2025-05-14,航運類指數,210.14
2025-05-14,觀光餐旅類指數,115.93
2025-05-14,金融保險類指數,2056.19
2025-05-14,貿易百貨類指數,261.36
2025-05-14,油電燃氣類指數,58.95
2025-05-14,綠能環保類指數,104.77
2025-05-14,數位雲端類指數,55.14
2025-05-14,運動休閒類指數,85.4
2025-05-14,居家生活類指數,122.08
2025-05-14,其他類指數,300.73
2025-05-13,發行量加權股價指數,21330.14
2025-05-13,水泥窯製類指數,582.48
2025-05-13,塑膠化工類指數,575.83
2025-05-13,機電類指數,6473.77
2025-05-13,水泥類指數,154.88
2025-05-13,食品類指數,2092.36
2025-05-13,塑膠類指數,106.03
2025-05-13,紡織纖維類指數,558.51
2025-05-13,電機機械類指數,367.72
2025-05-13,電器電纜類指數,83.48
2025-05-13,化學生技醫療類指數,124.77
2025-05-13,化學類指數,154.09
2025-05-13,生技醫療類指數,68.26
2025-05-13,玻璃陶瓷類指數,42.67
2025-05-13,造紙類指數,264.4
2025-05-13,鋼鐵類指數,124.37
2025-05-13,橡膠類指數,265.36
2025-05-13,汽車類指數,363.18
2025-05-13,電子工業類指數,1162.31
2025-05-13,半導體類指數,595.25
2025-05-13,電腦及週邊設備類指數,252.6
2025-05-13,光電類指數,35.23
2025-05-13,通信網路類指數,163.42
2025-05-13,電子零組件類指數,212.84
2025-05-13,電子通路類指數,242.37
2025-05-13,資訊服務類指數,222.88
2025-05-13,其他電子類指數,149.03
2025-05-13,建材營造類指數,523.4
2025-05-13,航運類指數,205.92
2025-05-13,觀光餐旅類指數,116.12
2025-05-13,金融保險類指數,2037.43
2025-05-13,貿易百貨類指數,262.66
2025-05-13,油電燃氣類指數,58.07
2025-05-13,綠能環保類指數,103.92
2025-05-13,數位雲端類指數,55.65
2025-05-13,運動休閒類指數,85.06
2025-05-13,居家生活類指數,114.8
2025-05-13,其他類指數,300.06
2025-05-12,發行量加權股價指數,21129.54
2025-05-12,水泥窯製類指數,583.75
2025-05-12,塑膠化工類指數,578.59
2025-05-12,機電類指數,6398.9
2025-05-12,水泥類指數,155.12
2025-05-12,食品類指數,2123.96
2025-05-12,塑膠類指數,107.56
2025-05-12,紡織纖維類指數,562.81
2025-05-12,電機機械類指數,363.02
2025-05-12,電器電纜類指數,83.28
2025-05-12,化學生技醫療類指數,124.84
2025-05-12,化學類指數,153.69
2025-05-12,生技醫療類指數,68.42
2025-05-12,玻璃陶瓷類指數,42.98
2025-05-12,造紙類指數,266.4
2025-05-12,鋼鐵類指數,124.67
2025-05-12,橡膠類指數,264.46
2025-05-12,汽車類指數,362.72
2025-05-12,電子工業類指數,1148.86
2025-05-12,半導體類指數,586.89
2025-05-12,電腦及週邊設備類指數,250.88
2025-05-12,光電類指數,35.05
2025-05-12,通信網路類指數,164.15
2025-05-12,電子零組件類指數,212.34
2025-05-12,電子通路類指數,241.81
2025-05-12,資訊服務類指數,223.79
2025-05-12,其他電子類指數,145.78
2025-05-12,建材營造類指數,521.58
2025-05-12,航運類指數,198.75
2025-05-12,觀光餐旅類指數,116.71
2025-05-12,金融保險類指數,2027.96
2025-05-12,貿易百貨類指數,264.88
2025-05-12,油電燃氣類指數,60.12
2025-05-12,綠能環保類指數,102.92
2025-05-12,數位雲端類指數,55.25
2025-05-12,運動休閒類指數,83.68
2025-05-12,居家生活類指數,111.15
2025-05-12,其他類指數,298.94
2025-05-09,發行量加權股價指數,20915.04
2025-05-09,水泥窯製類指數,580.51
2025-05-09,塑膠化工類指數,576.79
2025-05-09,機電類指數,6323.26
2025-05-09,水泥類指數,154.35
2025-05-09,食品類指數,2140.76
2025-05-09,塑膠類指數,106.61
2025-05-09,紡織纖維類指數,555.06
2025-05-09,電機機械類指數,354.96
2025-05-09,電器電纜類指數,81.77
2025-05-09,化學生技醫療類指數,124.67
2025-05-09,化學類指數,152.74
2025-05-09,生技醫療類指數,68.52
2025-05-09,玻璃陶瓷類指數,42.54
2025-05-09,造紙類指數,263.51
2025-05-09,鋼鐵類指數,123.62
2025-05-09,橡膠類指數,265.74
2025-05-09,汽車類指數,361.87
2025-05-09,電子工業類指數,1135.59
2025-05-09,半導體類指數,581.18
2025-05-09,電腦及週邊設備類指數,247.4
2025-05-09,光電類指數,34.39
2025-05-09,通信網路類指數,163.44
2025-05-09,電子零組件類指數,209.9
2025-05-09,電子通路類指數,239.72
2025-05-09,資訊服務類指數,221.11
2025-05-09,其他電子類指數,141.48
2025-05-09,建材營造類指數,521.35
2025-05-09,航運類指數,196.76
2025-05-09,觀光餐旅類指數,117.25
2025-05-09,金融保險類指數,2015.45
2025-05-09,貿易百貨類指數,264.3
2025-05-09,油電燃氣類指數,58.88
2025-05-09,綠能環保類指數,101.39
2025-05-09,數位雲端類指數,55.72
2025-05-09,運動休閒類指數,81.95
2025-05-09,居家生活類指數,110.7
2025-05-09,其他類指數,297.47
2025-05-08,發行量加權股價指數,20543.4
2025-05-08,水泥窯製類指數,576.07
2025-05-08,塑膠化工類指數,572.5
2025-05-08,機電類指數,6186.3
2025-05-08,水泥類指數,153.09
2025-05-08,食品類指數,2130.69
2025-05-08,塑膠類指數,105.14
2025-05-08,紡織纖維類指數,545.4
2025-05-08,電機機械類指數,352.86
2025-05-08,電器電纜類指數,81.65
2025-05-08,化學生技醫療類指數,124.31
2025-05-08,化學類指數,151.93
2025-05-08,生技醫療類指數,68.42
2025-05-08,玻璃陶瓷類指數,42.39
2025-05-08,造紙類指數,261.27
2025-05-08,鋼鐵類指數,123.64
2025-05-08,橡膠類指數,263.44
2025-05-08,汽車類指數,358.19
2025-05-08,電子工業類指數,1110.47
2025-05-08,半導體類指數,564.59
2025-05-08,電腦及週邊設備類指數,244.46
2025-05-08,光電類指數,34.06
2025-05-08,通信網路類指數,161.46
2025-05-08,電子零組件類指數,208.21
2025-05-08,電子通路類指數,238.42
2025-05-08,資訊服務類指數,221.4
2025-05-08,其他電子類指數,140.58
2025-05-08,建材營造類指數,517.89
2025-05-08,航運類指數,194.02
2025-05-08,觀光餐旅類指數,117.14
2025-05-08,金融保險類指數,1999.51
2025-05-08,貿易百貨類指數,262.96
2025-05-08,油電燃氣類指數,57.77
2025-05-08,綠能環保類指數,101.76
2025-05-08,數位雲端類指數,55.09
2025-05-08,運動休閒類指數,81.72
2025-05-08,居家生活類指數,110.44
2025-05-08,其他類指數,294.94
2025-05-07,發行量加權股價指數,20546.49
2025-05-07,水泥窯製類指數,581.47
2025-05-07,塑膠化工類指數,574.81
2025-05-07,機電類指數,6187.68
2025-05-07,水泥類指數,154.72
2025-05-07,食品類指數,2132.28
2025-05-07,塑膠類指數,108.03
2025-05-07,紡織纖維類指數,544.65
2025-05-07,電機機械類指數,350.84
2025-05-07,電器電纜類指數,81.29
2025-05-07,化學生技醫療類指數,123.07
2025-05-07,化學類指數,151.53
2025-05-07,生技醫療類指數,67.44
2025-05-07,玻璃陶瓷類指數,42.38
2025-05-07,造紙類指數,263.93
2025-05-07,鋼鐵類指數,124.0
2025-05-07,橡膠類指數,263.08
2025-05-07,汽車類指數,359.32
2025-05-07,電子工業類指數,1110.9
2025-05-07,半導體類指數,568.32
2025-05-07,電腦及週邊設備類指數,242.67
2025-05-07,光電類指數,33.68
2025-05-07,通信網路類指數,161.62
2025-05-07,電子零組件類指數,202.3
2025-05-07,電子通路類指數,236.57
2025-05-07,資訊服務類指數,220.77
2025-05-07,其他電子類指數,139.17
2025-05-07,建材營造類指數,517.43
2025-05-07,航運類指數,193.59
2025-05-07,觀光餐旅類指數,116.02
2025-05-07,金融保險類指數,2002.05
2025-05-07,貿易百貨類指數,261.78
2025-05-07,油電燃氣類指數,57.41
2025-05-07,綠能環保類指數,100.35
2025-05-07,數位雲端類指數,55.12
2025-05-07,運動休閒類指數,79.95
2025-05-07,居家生活類指數,111.3
2025-05-07,其他類指數,293.51
2025-05-06,發行量加權股價指數,20522.59
2025-05-06,水泥窯製類指數,578.49
2025-05-06,塑膠化工類指數,575.19
2025-05-06,機電類指數,6170.81
2025-05-06,水泥類指數,153.82
2025-05-06,食品類指數,2129.57
2025-05-06,塑膠類指數,106.96
2025-05-06,紡織纖維類指數,543.26
2025-05-06,電機機械類指數,354.63
2025-05-06,電器電纜類指數,81.67
2025-05-06,化學生技醫療類指數,123.88
2025-05-06,化學類指數,151.86
2025-05-06,生技醫療類指數,68.06
2025-05-06,玻璃陶瓷類指數,42.38
2025-05-06,造紙類指數,262.22
2025-05-06,鋼鐵類指數,124.98
2025-05-06,橡膠類指數,264.56
2025-05-06,汽車類指數,359.42
2025-05-06,電子工業類指數,1107.48
2025-05-06,半導體類指數,564.78
2025-05-06,電腦及週邊設備類指數,243.75
2025-05-06,光電類指數,33.73
2025-05-06,通信網路類指數,161.48
2025-05-06,電子零組件類指數,202.79
2025-05-06,電子通路類指數,235.73
2025-05-06,資訊服務類指數,222.85
2025-05-06,其他電子類指數,140.15
2025-05-06,建材營造類指數,526.62
2025-05-06,航運類指數,195.86
2025-05-06,觀光餐旅類指數,116.73
2025-05-06,金融保險類指數,2005.33
2025-05-06,貿易百貨類指數,263.26
2025-05-06,油電燃氣類指數,56.06
2025-05-06,綠能環保類指數,101.02
2025-05-06,數位雲端類指數,56.09
2025-05-06,運動休閒類指數,79.81
2025-05-06,居家生活類指數,112.92
2025-05-06,其他類指數,293.38
2025-05-05,發行量加權股價指數,20532.99
2025-05-05,水泥窯製類指數,577.76
2025-05-05,塑膠化工類指數,574.25
2025-05-05,機電類指數,6199.17
2025-05-05,水泥類指數,153.78
2025-05-05,食品類指數,2133.25
2025-05-05,塑膠類指數,106.77
2025-05-05,紡織纖維類指數,542.02
2025-05-05,電機機械類指數,350.29
2025-05-05,電器電纜類指數,81.09
2025-05-05,化學生技醫療類指數,123.95
2025-05-05,化學類指數,152.18
2025-05-05,生技醫療類指數,68.04
2025-05-05,玻璃陶瓷類指數,42.01
2025-05-05,造紙類指數,261.82
2025-05-05,鋼鐵類指數,122.89
2025-05-05,橡膠類指數,262.02
2025-05-05,汽車類指數,350.55
2025-05-05,電子工業類指數,1113.08
2025-05-05,半導體類指數,573.35
2025-05-05,電腦及週邊設備類指數,238.0
2025-05-05,光電類指數,33.69
2025-05-05,通信網路類指數,159.66
2025-05-05,電子零組件類指數,200.66
2025-05-05,電子通路類指數,233.98
2025-05-05,資訊服務類指數,217.52
2025-05-05,其他電子類指數,137.9
2025-05-05,建材營造類指數,531.53
2025-05-05,航運類指數,191.54
2025-05-05,觀光餐旅類指數,116.27
2025-05-05,金融保險類指數,1981.35
2025-05-05,貿易百貨類指數,262.04
2025-05-05,油電燃氣類指數,56.41
2025-05-05,綠能環保類指數,100.52
2025-05-05,數位雲端類指數,55.35
2025-05-05,運動休閒類指數,79.06
2025-05-05,居家生活類指數,111.41
2025-05-05,其他類指數,290.0
2025-05-02,發行量加權股價指數,20787.64
2025-05-02,水泥窯製類指數,568.42
2025-05-02,塑膠化工類指數,569.34
2025-05-02,機電類指數,6288.42
2025-05-02,水泥類指數,150.91
2025-05-02,食品類指數,2055.05
2025-05-02,塑膠類指數,103.72
2025-05-02,紡織纖維類指數,543.83
2025-05-02,電機機械類指數,353.18
2025-05-02,電器電纜類指數,81.27
2025-05-02,化學生技醫療類指數,124.83
2025-05-02,化學類指數,153.36
2025-05-02,生技醫療類指數,68.5
2025-05-02,玻璃陶瓷類指數,42.14
2025-05-02,造紙類指數,253.9
2025-05-02,鋼鐵類指數,123.37
2025-05-02,橡膠類指數,257.4
2025-05-02,汽車類指數,357.87
2025-05-02,電子工業類指數,1129.33
2025-05-02,半導體類指數,580.88
2025-05-02,電腦及週邊設備類指數,242.92
2025-05-02,光電類指數,34.6
2025-05-02,通信網路類指數,160.11
2025-05-02,電子零組件類指數,202.62
2025-05-02,電子通路類指數,238.27
2025-05-02,資訊服務類指數,220.07
2025-05-02,其他電子類指數,142.14
2025-05-02,建材營造類指數,520.02
2025-05-02,航運類指數,190.6
2025-05-02,觀光餐旅類指數,114.9
2025-05-02,金融保險類指數,2030.13
2025-05-02,貿易百貨類指數,265.8
2025-05-02,油電燃氣類指數,53.8
2025-05-02,綠能環保類指數,101.64
2025-05-02,數位雲端類指數,56.75
2025-05-02,運動休閒類指數,82.72
2025-05-02,居家生活類指數,114.24
2025-05-02,其他類指數,293.56
2025-04-30,發行量加權股價指數,20235.03
2025-04-30,水泥窯製類指數,563.53
2025-04-30,塑膠化工類指數,559.45
2025-04-30,機電類指數,6081.49
2025-04-30,水泥類指數,149.87
2025-04-30,食品類指數,2020.59
2025-04-30,塑膠類指數,102.38
2025-04-30,紡織纖維類指數,536.7
2025-04-30,電機機械類指數,339.01
2025-04-30,電器電纜類指數,78.94
2025-04-30,化學生技醫療類指數,122.26
2025-04-30,化學類指數,149.96
2025-04-30,生技醫療類指數,67.15
2025-04-30,玻璃陶瓷類指數,41.23
2025-04-30,造紙類指數,245.72
2025-04-30,鋼鐵類指數,122.0
2025-04-30,橡膠類指數,253.33
2025-04-30,汽車類指數,355.8
2025-04-30,電子工業類指數,1092.33
2025-04-30,半導體類指數,560.72
2025-04-30,電腦及週邊設備類指數,234.1
2025-04-30,光電類指數,34.31
2025-04-30,通信網路類指數,159.39
2025-04-30,電子零組件類指數,194.9
2025-04-30,電子通路類指數,236.23
2025-04-30,資訊服務類指數,217.72
2025-04-30,其他電子類指數,136.53
2025-04-30,建材營造類指數,501.99
2025-04-30,航運類指數,186.32
2025-04-30,觀光餐旅類指數,112.66
2025-04-30,金融保險類指數,2022.75
2025-04-30,貿易百貨類指數,264.37
2025-04-30,油電燃氣類指數,52.58
2025-04-30,綠能環保類指數,98.6
2025-04-30,數位雲端類指數,56.31
2025-04-30,運動休閒類指數,83.63
2025-04-30,居家生活類指數,113.49
2025-04-30,其他類指數,290.12
2025-04-29,發行量加權股價指數,20232.63
2025-04-29,水泥窯製類指數,563.45
2025-04-29,塑膠化工類指數,564.27
2025-04-29,機電類指數,6089.91
2025-04-29,水泥類指數,149.45
2025-04-29,食品類指數,2018.18
2025-04-29,塑膠類指數,103.52
2025-04-29,紡織纖維類指數,532.22
2025-04-29,電機機械類指數,337.07
2025-04-29,電器電纜類指數,79.66
2025-04-29,化學生技醫療類指數,123.34
2025-04-29,化學類指數,151.66
2025-04-29,生技醫療類指數,67.65
2025-04-29,玻璃陶瓷類指數,42.07
2025-04-29,造紙類指數,251.09
2025-04-29,鋼鐵類指數,123.09
2025-04-29,橡膠類指數,253.59
2025-04-29,汽車類指數,356.07
2025-04-29,電子工業類指數,1093.99
2025-04-29,半導體類指數,559.21
2025-04-29,電腦及週邊設備類指數,237.17
2025-04-29,光電類指數,34.46
2025-04-29,通信網路類指數,159.69
2025-04-29,電子零組件類指數,197.84
2025-04-29,電子通路類指數,237.57
2025-04-29,資訊服務類指數,227.37
2025-04-29,其他電子類指數,137.63
2025-04-29,建材營造類指數,507.17
2025-04-29,航運類指數,187.46
2025-04-29,觀光餐旅類指數,112.66
2025-04-29,金融保險類指數,1986.88
2025-04-29,貿易百貨類指數,263.74
2025-04-29,油電燃氣類指數,53.25
2025-04-29,綠能環保類指數,97.78
2025-04-29,數位雲端類指數,57.53
2025-04-29,運動休閒類指數,84.53
2025-04-29,居家生活類指數,115.48
2025-04-29,其他類指數,290.71
2025-04-28,發行量加權股價指數,20034.41
2025-04-28,水泥窯製類指數,559.54
2025-04-28,塑膠化工類指數,553.52
2025-04-28,機電類指數,6038.23
2025-04-28,水泥類指數,148.5
2025-04-28,食品類指數,2021.28
2025-04-28,塑膠類指數,101.81
2025-04-28,紡織纖維類指數,526.47
2025-04-28,電機機械類指數,324.95
2025-04-28,電器電纜類指數,76.94
2025-04-28,化學生技醫療類指數,120.4
2025-04-28,化學類指數,149.13
2025-04-28,生技醫療類指數,65.75
2025-04-28,玻璃陶瓷類指數,41.6
2025-04-28,造紙類指數,248.66
2025-04-28,鋼鐵類指數,121.18
2025-04-28,橡膠類指數,252.01
2025-04-28,汽車類指數,351.59
2025-04-28,電子工業類指數,1085.53
2025-04-28,半導體類指數,555.64
2025-04-28,電腦及週邊設備類指數,235.65
2025-04-28,光電類指數,34.08
2025-04-28,通信網路類指數,156.82
2025-04-28,電子零組件類指數,195.51
2025-04-28,電子通路類指數,235.1
2025-04-28,資訊服務類指數,221.36
2025-04-28,其他電子類指數,136.63
2025-04-28,建材營造類指數,501.65
2025-04-28,航運類指數,187.06
2025-04-28,觀光餐旅類指數,111.06
2025-04-28,金融保險類指數,1957.73
2025-04-28,貿易百貨類指數,261.28
2025-04-28,油電燃氣類指數,52.37
2025-04-28,綠能環保類指數,95.64
2025-04-28,數位雲端類指數,57.07
2025-04-28,運動休閒類指數,82.08
2025-04-28,居家生活類指數,112.38
2025-04-28,其他類指數,287.97
2025-04-25,發行量加權股價指數,19872.73
2025-04-25,水泥窯製類指數,555.79
2025-04-25,塑膠化工類指數,549.33
2025-04-25,機電類指數,5979.29
2025-04-25,水泥類指數,147.52
2025-04-25,食品類指數,2011.82
2025-04-25,塑膠類指數,102.06
2025-04-25,紡織纖維類指數,523.39
2025-04-25,電機機械類指數,321.17
2025-04-25,電器電纜類指數,76.53
2025-04-25,化學生技醫療類指數,118.48
2025-04-25,化學類指數,147.12
2025-04-25,生技醫療類指數,64.61
2025-04-25,玻璃陶瓷類指數,41.29
2025-04-25,造紙類指數,246.59
2025-04-25,鋼鐵類指數,121.0
2025-04-25,橡膠類指數,251.85
2025-04-25,汽車類指數,350.66
2025-04-25,電子工業類指數,1074.96
2025-04-25,半導體類指數,551.44
2025-04-25,電腦及週邊設備類指數,231.98
2025-04-25,光電類指數,34.0
2025-04-25,通信網路類指數,155.61
2025-04-25,電子零組件類指數,192.78
2025-04-25,電子通路類指數,230.27
2025-04-25,資訊服務類指數,217.0
2025-04-25,其他電子類指數,133.89
2025-04-25,建材營造類指數,500.04
2025-04-25,航運類指數,186.38
2025-04-25,觀光餐旅類指數,110.16
2025-04-25,金融保險類指數,1949.09
2025-04-25,貿易百貨類指數,260.59
2025-04-25,油電燃氣類指數,52.61
2025-04-25,綠能環保類指數,94.86
2025-04-25,數位雲端類指數,56.75
2025-04-25,運動休閒類指數,83.08
2025-04-25,居家生活類指數,109.39
2025-04-25,其他類指數,287.78
2025-04-24,發行量加權股價指數,19478.81
2025-04-24,水泥窯製類指數,556.04
2025-04-24,塑膠化工類指數,545.81
2025-04-24,機電類指數,5828.48
2025-04-24,水泥類指數,147.75
2025-04-24,食品類指數,2015.02
2025-04-24,塑膠類指數,101.59
2025-04-24,紡織纖維類指數,519.75
2025-04-24,電機機械類指數,315.3
2025-04-24,電器電纜類指數,76.15
2025-04-24,化學生技醫療類指數,117.01
2025-04-24,化學類指數,145.46
2025-04-24,生技醫療類指數,63.76
2025-04-24,玻璃陶瓷類指數,40.96
2025-04-24,造紙類指數,245.71
2025-04-24,鋼鐵類指數,121.33
2025-04-24,橡膠類指數,254.88
2025-04-24,汽車類指數,347.86
2025-04-24,電子工業類指數,1047.58
2025-04-24,半導體類指數,536.36
2025-04-24,電腦及週邊設備類指數,225.51
2025-04-24,光電類指數,33.44
2025-04-24,通信網路類指數,154.54
2025-04-24,電子零組件類指數,186.64
2025-04-24,電子通路類指數,225.88
2025-04-24,資訊服務類指數,211.78
2025-04-24,其他電子類指數,131.71
2025-04-24,建材營造類指數,496.08
2025-04-24,航運類指數,187.1
2025-04-24,觀光餐旅類指數,109.8
2025-04-24,金融保險類指數,1929.14
2025-04-24,貿易百貨類指數,261.23
2025-04-24,油電燃氣類指數,52.2
2025-04-24,綠能環保類指數,94.46
2025-04-24,數位雲端類指數,56.18
2025-04-24,運動休閒類指數,81.85
2025-04-24,居家生活類指數,107.41
2025-04-24,其他類指數,283.89
2025-04-23,發行量加權股價指數,19639.14
2025-04-23,水泥窯製類指數,556.5
2025-04-23,塑膠化工類指數,553.5
2025-04-23,機電類指數,5886.76
2025-04-23,水泥類指數,147.68
2025-04-23,食品類指數,2027.72
2025-04-23,塑膠類指數,104.48
2025-04-23,紡織纖維類指數,516.14
2025-04-23,電機機械類指數,316.52
2025-04-23,電器電纜類指數,76.8
2025-04-23,化學生技醫療類指數,117.75
2025-04-23,化學類指數,146.35
2025-04-23,生技醫療類指數,64.18
2025-04-23,玻璃陶瓷類指數,41.39
2025-04-23,造紙類指數,246.31
2025-04-23,鋼鐵類指數,120.96
2025-04-23,橡膠類指數,256.53
2025-04-23,汽車類指數,345.92
2025-04-23,電子工業類指數,1058.21
2025-04-23,半導體類指數,543.19
2025-04-23,電腦及週邊設備類指數,227.09
2025-04-23,光電類指數,33.72
2025-04-23,通信網路類指數,154.63
2025-04-23,電子零組件類指數,187.45
2025-04-23,電子通路類指數,222.45
2025-04-23,資訊服務類指數,205.53
2025-04-23,其他電子類指數,133.12
2025-04-23,建材營造類指數,497.53
2025-04-23,航運類指數,187.37
2025-04-23,觀光餐旅類指數,109.63
2025-04-23,金融保險類指數,1940.99
2025-04-23,貿易百貨類指數,260.55
2025-04-23,油電燃氣類指數,54.04
2025-04-23,綠能環保類指數,94.19
2025-04-23,數位雲端類指數,55.79
2025-04-23,運動休閒類指數,81.23
2025-04-23,居家生活類指數,102.77
2025-04-23,其他類指數,283.82
2025-04-22,發行量加權股價指數,18793.43
2025-04-22,水泥窯製類指數,548.1
2025-04-22,塑膠化工類指數,542.2
2025-04-22,機電類指數,5573.69
2025-04-22,水泥類指數,145.61
2025-04-22,食品類指數,1984.82
2025-04-22,塑膠類指數,101.74
2025-04-22,紡織纖維類指數,503.93
2025-04-22,電機機械類指數,305.33
2025-04-22,電器電纜類指數,74.42
2025-04-22,化學生技醫療類指數,115.31
2025-04-22,化學類指數,143.19
2025-04-22,生技醫療類指數,62.88
2025-04-22,玻璃陶瓷類指數,40.42
2025-04-22,造紙類指數,240.2
2025-04-22,鋼鐵類指數,117.94
2025-04-22,橡膠類指數,255.57
2025-04-22,汽車類指數,339.23
2025-04-22,電子工業類指數,1001.4
2025-04-22,半導體類指數,510.21
2025-04-22,電腦及週邊設備類指數,217.23
2025-04-22,光電類指數,32.65
2025-04-22,通信網路類指數,152.71
2025-04-22,電子零組件類指數,177.47
2025-04-22,電子通路類指數,217.04
2025-04-22,資訊服務類指數,197.33
2025-04-22,其他電子類指數,126.81
2025-04-22,建材營造類指數,486.69
2025-04-22,航運類指數,182.62
2025-04-22,觀光餐旅類指數,107.96
2025-04-22,金融保險類指數,1914.8
2025-04-22,貿易百貨類指數,256.08
2025-04-22,油電燃氣類指數,52.83
2025-04-22,綠能環保類指數,92.74
2025-04-22,數位雲端類指數,54.47
2025-04-22,運動休閒類指數,78.79
2025-04-22,居家生活類指數,101.75
2025-04-22,其他類指數,276.88
2025-04-21,發行量加權股價指數,19106.2
2025-04-21,水泥窯製類指數,551.66
2025-04-21,塑膠化工類指數,543.13
2025-04-21,機電類指數,5687.38
2025-04-21,水泥類指數,146.65
2025-04-21,食品類指數,1984.6
2025-04-21,塑膠類指數,101.22
2025-04-21,紡織纖維類指數,502.4
2025-04-21,電機機械類指數,309.82
2025-04-21,電器電纜類指數,74.13
2025-04-21,化學生技醫療類指數,115.97
2025-04-21,化學類指數,143.81
2025-04-21,生技醫療類指數,63.29
2025-04-21,玻璃陶瓷類指數,40.49
2025-04-21,造紙類指數,241.85
2025-04-21,鋼鐵類指數,117.57
2025-04-21,橡膠類指數,256.66
2025-04-21,汽車類指數,340.08
2025-04-21,電子工業類指數,1022.07
2025-04-21,半導體類指數,521.7
2025-04-21,電腦及週邊設備類指數,222.62
2025-04-21,光電類指數,32.86
2025-04-21,通信網路類指數,153.39
2025-04-21,電子零組件類指數,179.99
2025-04-21,電子通路類指數,218.03
2025-04-21,資訊服務類指數,200.74
2025-04-21,其他電子類指數,130.12
2025-04-21,建材營造類指數,491.93
2025-04-21,航運類指數,184.63
2025-04-21,觀光餐旅類指數,108.57
2025-04-21,金融保險類指數,1941.93
2025-04-21,貿易百貨類指數,257.12
2025-04-21,油電燃氣類指數,52.87
2025-04-21,綠能環保類指數,92.75
2025-04-21,數位雲端類指數,54.05
2025-04-21,運動休閒類指數,78.58
2025-04-21,居家生活類指數,102.29
2025-04-21,其他類指數,279.63
2025-04-18,發行量加權股價指數,19395.03
2025-04-18,水泥窯製類指數,554.91
2025-04-18,塑膠化工類指數,552.92
2025-04-18,機電類指數,5781.37
2025-04-18,水泥類指數,147.12
2025-04-18,食品類指數,1993.9
2025-04-18,塑膠類指數,103.5
2025-04-18,紡織纖維類指數,513.44
2025-04-18,電機機械類指數,318.26
2025-04-18,電器電纜類指數,75.97
2025-04-18,化學生技醫療類指數,118.87
2025-04-18,化學類指數,147.1
2025-04-18,生技醫療類指數,64.95
2025-04-18,玻璃陶瓷類指數,41.56
2025-04-18,造紙類指數,246.73
2025-04-18,鋼鐵類指數,121.47
2025-04-18,橡膠類指數,251.62
2025-04-18,汽車類指數,343.13
2025-04-18,電子工業類指數,1038.67
2025-04-18,半導體類指數,530.85
2025-04-18,電腦及週邊設備類指數,225.67
2025-04-18,光電類指數,33.46
2025-04-18,通信網路類指數,154.93
2025-04-18,電子零組件類指數,184.64
2025-04-18,電子通路類指數,220.46
2025-04-18,資訊服務類指數,205.61
2025-04-18,其他電子類指數,130.38
2025-04-18,建材營造類指數,500.8
2025-04-18,航運類指數,189.48
2025-04-18,觀光餐旅類指數,110.37
2025-04-18,金融保險類指數,1943.58
2025-04-18,貿易百貨類指數,259.67
2025-04-18,油電燃氣類指數,53.68
2025-04-18,綠能環保類指數,94.41
2025-04-18,數位雲端類指數,55.8
2025-04-18,運動休閒類指數,80.33
2025-04-18,居家生活類指數,104.54
2025-04-18,其他類指數,286.34
2025-04-17,發行量加權股價指數,19338.73
2025-04-17,水泥窯製類指數,557.44
2025-04-17,塑膠化工類指數,551.8
2025-04-17,機電類指數,5760.02
2025-04-17,水泥類指數,148.08
2025-04-17,食品類指數,2001.36
2025-04-17,塑膠類指數,103.63
2025-04-17,紡織纖維類指數,517.31
2025-04-17,電機機械類指數,319.63
2025-04-17,電器電纜類指數,76.08
2025-04-17,化學生技醫療類指數,118.53
2025-04-17,化學類指數,147.02
2025-04-17,生技醫療類指數,64.68
2025-04-17,玻璃陶瓷類指數,41.14
2025-04-17,造紙類指數,246.05
2025-04-17,鋼鐵類指數,122.42
2025-04-17,橡膠類指數,249.79
2025-04-17,汽車類指數,343.91
2025-04-17,電子工業類指數,1034.62
2025-04-17,半導體類指數,528.62
2025-04-17,電腦及週邊設備類指數,224.58
2025-04-17,光電類指數,33.43
2025-04-17,通信網路類指數,155.15
2025-04-17,電子零組件類指數,183.91
2025-04-17,電子通路類指數,220.42
2025-04-17,資訊服務類指數,204.56
2025-04-17,其他電子類指數,129.62
2025-04-17,建材營造類指數,500.93
2025-04-17,航運類指數,187.02
2025-04-17,觀光餐旅類指數,109.58
2025-04-17,金融保險類指數,1943.88
2025-04-17,貿易百貨類指數,257.71
2025-04-17,油電燃氣類指數,53.22
2025-04-17,綠能環保類指數,95.24
2025-04-17,數位雲端類指數,55.75
2025-04-17,運動休閒類指數,79.72
2025-04-17,居家生活類指數,104.2
2025-04-17,其他類指數,287.05
2025-04-16,發行量加權股價指數,19468.0
2025-04-16,水泥窯製類指數,556.52
2025-04-16,塑膠化工類指數,552.4
2025-04-16,機電類指數,5796.32
2025-04-16,水泥類指數,147.93
2025-04-16,食品類指數,2016.07
2025-04-16,塑膠類指數,104.29
2025-04-16,紡織纖維類指數,524.15
2025-04-16,電機機械類指數,319.26
2025-04-16,電器電纜類指數,76.74
2025-04-16,化學生技醫療類指數,117.84
2025-04-16,化學類指數,147.17
2025-04-16,生技醫療類指數,64.05
2025-04-16,玻璃陶瓷類指數,40.88
2025-04-16,造紙類指數,248.9
2025-04-16,鋼鐵類指數,123.6
2025-04-16,橡膠類指數,253.28
2025-04-16,汽車類指數,343.77
2025-04-16,電子工業類指數,1041.31
2025-04-16,半導體類指數,533.2
2025-04-16,電腦及週邊設備類指數,224.56
2025-04-16,光電類指數,33.44
2025-04-16,通信網路類指數,156.7
2025-04-16,電子零組件類指數,184.24
2025-04-16,電子通路類指數,220.33
2025-04-16,資訊服務類指數,205.77
2025-04-16,其他電子類指數,129.6
2025-04-16,建材營造類指數,502.47
2025-04-16,航運類指數,191.01
2025-04-16,觀光餐旅類指數,111.65
2025-04-16,金融保險類指數,1960.2
2025-04-16,貿易百貨類指數,259.7
2025-04-16,油電燃氣類指數,53.49
2025-04-16,綠能環保類指數,95.1
2025-04-16,數位雲端類指數,55.29
2025-04-16,運動休閒類指數,79.43
2025-04-16,居家生活類指數,105.68
2025-04-16,其他類指數,290.25
2025-04-15,發行量加權股價指數,19857.67
2025-04-15,水泥窯製類指數,565.52
2025-04-15,塑膠化工類指數,560.65
2025-04-15,機電類指數,5930.69
2025-04-15,水泥類指數,150.24
2025-04-15,食品類指數,2008.93
2025-04-15,塑膠類指數,106.91
2025-04-15,紡織纖維類指數,531.87
2025-04-15,電機機械類指數,325.83
2025-04-15,電器電纜類指數,78.85
2025-04-15,化學生技醫療類指數,119.56
2025-04-15,化學類指數,148.68
2025-04-15,生技醫療類指數,65.15
2025-04-15,玻璃陶瓷類指數,41.72
2025-04-15,造紙類指數,254.12
2025-04-15,鋼鐵類指數,126.25
2025-04-15,橡膠類指數,250.55
2025-04-15,汽車類指數,347.34
2025-04-15,電子工業類指數,1065.49
2025-04-15,半導體類指數,546.28
2025-04-15,電腦及週邊設備類指數,228.45
2025-04-15,光電類指數,34.01
2025-04-15,通信網路類指數,157.88
2025-04-15,電子零組件類指數,190.87
2025-04-15,電子通路類指數,220.07
2025-04-15,資訊服務類指數,207.14
2025-04-15,其他電子類指數,132.9
2025-04-15,建材營造類指數,511.49
2025-04-15,航運類指數,193.06
2025-04-15,觀光餐旅類指數,111.98
2025-04-15,金融保險類指數,1983.03
2025-04-15,貿易百貨類指數,257.85
2025-04-15,油電燃氣類指數,55.22
2025-04-15,綠能環保類指數,95.93
2025-04-15,數位雲端類指數,55.73
2025-04-15,運動休閒類指數,80.62
2025-04-15,居家生活類指數,108.61
2025-04-15,其他類指數,294.63
2025-04-14,發行量加權股價指數,19513.09
2025-04-14,水泥窯製類指數,564.74
2025-04-14,塑膠化工類指數,545.91
2025-04-14,機電類指數,5830.88
2025-04-14,水泥類指數,150.47
2025-04-14,食品類指數,2008.98
2025-04-14,塑膠類指數,103.41
2025-04-14,紡織纖維類指數,518.8
2025-04-14,電機機械類指數,313.21
2025-04-14,電器電纜類指數,76.09
2025-04-14,化學生技醫療類指數,116.54
2025-04-14,化學類指數,144.16
2025-04-14,生技醫療類指數,63.69
2025-04-14,玻璃陶瓷類指數,40.71
2025-04-14,造紙類指數,249.33
2025-04-14,鋼鐵類指數,124.28
2025-04-14,橡膠類指數,247.44
2025-04-14,汽車類指數,337.7
2025-04-14,電子工業類指數,1048.19
2025-04-14,半導體類指數,539.17
2025-04-14,電腦及週邊設備類指數,224.1
2025-04-14,光電類指數,32.86
2025-04-14,通信網路類指數,154.65
2025-04-14,電子零組件類指數,185.29
2025-04-14,電子通路類指數,213.66
2025-04-14,資訊服務類指數,197.6
2025-04-14,其他電子類指數,130.8
2025-04-14,建材營造類指數,498.27
2025-04-14,航運類指數,190.22
2025-04-14,觀光餐旅類指數,109.59
2025-04-14,金融保險類指數,1955.01
2025-04-14,貿易百貨類指數,254.69
2025-04-14,油電燃氣類指數,52.63
2025-04-14,綠能環保類指數,93.51
2025-04-14,數位雲端類指數,54.88
2025-04-14,運動休閒類指數,77.37
2025-04-14,居家生活類指數,107.48
2025-04-14,其他類指數,286.17
2025-04-11,發行量加權股價指數,19528.77
2025-04-11,水泥窯製類指數,564.35
2025-04-11,塑膠化工類指數,539.63
2025-04-11,機電類指數,5857.7
2025-04-11,水泥類指數,150.69
2025-04-11,食品類指數,2033.71
2025-04-11,塑膠類指數,101.63
2025-04-11,紡織纖維類指數,508.28
2025-04-11,電機機械類指數,308.07
2025-04-11,電器電纜類指數,75.17
2025-04-11,化學生技醫療類指數,114.76
2025-04-11,化學類指數,142.15
2025-04-11,生技醫療類指數,62.67
2025-04-11,玻璃陶瓷類指數,40.01
2025-04-11,造紙類指數,248.03
2025-04-11,鋼鐵類指數,120.65
2025-04-11,橡膠類指數,251.96
2025-04-11,汽車類指數,335.87
2025-04-11,電子工業類指數,1053.58
2025-04-11,半導體類指數,549.32
2025-04-11,電腦及週邊設備類指數,215.81
2025-04-11,光電類指數,31.81
2025-04-11,通信網路類指數,155.03
2025-04-11,電子零組件類指數,181.74
2025-04-11,電子通路類指數,207.93
2025-04-11,資訊服務類指數,195.84
2025-04-11,其他電子類指數,127.83
2025-04-11,建材營造類指數,493.53
2025-04-11,航運類指數,184.98
2025-04-11,觀光餐旅類指數,109.63
2025-04-11,金融保險類指數,1950.7
2025-04-11,貿易百貨類指數,257.92
2025-04-11,油電燃氣類指數,51.85
2025-04-11,綠能環保類指數,92.54
2025-04-11,數位雲端類指數,54.95
2025-04-11,運動休閒類指數,77.02
2025-04-11,居家生活類指數,103.75
2025-04-11,其他類指數,281.85
2025-04-10,發行量加權股價指數,19000.03
2025-04-10,水泥窯製類指數,570.11
2025-04-10,塑膠化工類指數,534.5
2025-04-10,機電類指數,5655.87
2025-04-10,水泥類指數,152.84
2025-04-10,食品類指數,2049.88
2025-04-10,塑膠類指數,100.69
2025-04-10,紡織纖維類指數,503.72
2025-04-10,電機機械類指數,300.28
2025-04-10,電器電纜類指數,74.17
2025-04-10,化學生技醫療類指數,113.92
2025-04-10,化學類指數,141.26
2025-04-10,生技醫療類指數,62.17
2025-04-10,玻璃陶瓷類指數,39.12
2025-04-10,造紙類指數,243.71
2025-04-10,鋼鐵類指數,122.86
2025-04-10,橡膠類指數,247.38
2025-04-10,汽車類指數,328.68
2025-04-10,電子工業類指數,1016.97
2025-04-10,半導體類指數,531.98
2025-04-10,電腦及週邊設備類指數,204.13
2025-04-10,光電類指數,31.13
2025-04-10,通信網路類指數,153.98
2025-04-10,電子零組件類指數,173.77
2025-04-10,電子通路類指數,202.71
2025-04-10,資訊服務類指數,196.44
2025-04-10,其他電子類指數,119.76
2025-04-10,建材營造類指數,490.26
2025-04-10,航運類指數,172.36
2025-04-10,觀光餐旅類指數,108.43
2025-04-10,金融保險類指數,1954.4
2025-04-10,貿易百貨類指數,255.46
2025-04-10,油電燃氣類指數,51.49
2025-04-10,綠能環保類指數,90.79
2025-04-10,數位雲端類指數,54.11
2025-04-10,運動休閒類指數,75.5
2025-04-10,居家生活類指數,99.82
2025-04-10,其他類指數,279.0
2025-04-09,發行量加權股價指數,17391.76
2025-04-09,水泥窯製類指數,533.94
2025-04-09,塑膠化工類指數,489.93
2025-04-09,機電類指數,5162.83
2025-04-09,水泥類指數,143.57
2025-04-09,食品類指數,1939.05
2025-04-09,塑膠類指數,91.73
2025-04-09,紡織纖維類指數,467.44
2025-04-09,電機機械類指數,273.71
2025-04-09,電器電纜類指數,67.76
2025-04-09,化學生技醫療類指數,104.53
2025-04-09,化學類指數,129.37
2025-04-09,生技醫療類指數,57.11
2025-04-09,玻璃陶瓷類指數,35.72
2025-04-09,造紙類指數,222.28
2025-04-09,鋼鐵類指數,112.08
2025-04-09,橡膠類指數,229.47
2025-04-09,汽車類指數,301.69
2025-04-09,電子工業類指數,928.34
2025-04-09,半導體類指數,484.0
2025-04-09,電腦及週邊設備類指數,185.75
2025-04-09,光電類指數,28.36
2025-04-09,通信網路類指數,147.58
2025-04-09,電子零組件類指數,158.3
2025-04-09,電子通路類指數,184.81
2025-04-09,資訊服務類指數,178.86
2025-04-09,其他電子類指數,109.11
2025-04-09,建材營造類指數,446.84
2025-04-09,航運類指數,157.18
2025-04-09,觀光餐旅類指數,100.21
2025-04-09,金融保險類指數,1803.56
2025-04-09,貿易百貨類指數,244.54
2025-04-09,油電燃氣類指數,47.21
2025-04-09,綠能環保類指數,83.47
2025-04-09,數位雲端類指數,49.7
2025-04-09,運動休閒類指數,68.74
2025-04-09,居家生活類指數,91.6
2025-04-09,其他類指數,255.98
2025-04-08,發行量加權股價指數,18459.95
2025-04-08,水泥窯製類指數,553.24
2025-04-08,塑膠化工類指數,526.52
2025-04-08,機電類指數,5465.98
2025-04-08,水泥類指數,147.69
2025-04-08,食品類指數,2023.34
2025-04-08,塑膠類指數,100.34
2025-04-08,紡織纖維類指數,497.11
2025-04-08,電機機械類指數,296.64
2025-04-08,電器電纜類指數,73.83
2025-04-08,化學生技醫療類指數,112.34
2025-04-08,化學類指數,139.13
2025-04-08,生技醫療類指數,61.36
2025-04-08,玻璃陶瓷類指數,39.29
2025-04-08,造紙類指數,240.41
2025-04-08,鋼鐵類指數,120.03
2025-04-08,橡膠類指數,235.2
2025-04-08,汽車類指數,323.1
2025-04-08,電子工業類指數,982.21
2025-04-08,半導體類指數,506.65
2025-04-08,電腦及週邊設備類指數,201.75
2025-04-08,光電類指數,31.2
2025-04-08,通信網路類指數,151.71
2025-04-08,電子零組件類指數,174.25
2025-04-08,電子通路類指數,197.41
2025-04-08,資訊服務類指數,189.39
2025-04-08,其他電子類指數,120.11
2025-04-08,建材營造類指數,482.99
2025-04-08,航運類指數,172.54
2025-04-08,觀光餐旅類指數,105.58
2025-04-08,金融保險類指數,1910.69
2025-04-08,貿易百貨類指數,254.79
2025-04-08,油電燃氣類指數,50.76
2025-04-08,綠能環保類指數,88.81
2025-04-08,數位雲端類指數,51.93
2025-04-08,運動休閒類指數,75.61
2025-04-08,居家生活類指數,100.08
2025-04-08,其他類指數,276.34
2025-04-07,發行量加權股價指數,19232.35
2025-04-07,水泥窯製類指數,555.0
2025-04-07,塑膠化工類指數,536.85
2025-04-07,機電類指數,5760.8
2025-04-07,水泥類指數,146.49
2025-04-07,食品類指數,1949.74
2025-04-07,塑膠類指數,99.62
2025-04-07,紡織纖維類指數,522.08
2025-04-07,電機機械類指數,321.07
2025-04-07,電器電纜類指數,79.99
2025-04-07,化學生技醫療類指數,116.84
2025-04-07,化學類指數,144.6
2025-04-07,生技醫療類指數,63.84
2025-04-07,玻璃陶瓷類指數,42.95
2025-04-07,造紙類指數,249.53
2025-04-07,鋼鐵類指數,122.9
2025-04-07,橡膠類指數,238.24
2025-04-07,汽車類指數,331.17
2025-04-07,電子工業類指數,1034.41
2025-04-07,半導體類指數,527.73
2025-04-07,電腦及週邊設備類指數,218.67
2025-04-07,光電類指數,34.3
2025-04-07,通信網路類指數,154.45
2025-04-07,電子零組件類指數,190.98
2025-04-07,電子通路類指數,208.84
2025-04-07,資訊服務類指數,198.81
2025-04-07,其他電子類指數,131.22
2025-04-07,建材營造類指數,493.05
2025-04-07,航運類指數,182.82
2025-04-07,觀光餐旅類指數,106.64
2025-04-07,金融保險類指數,1900.64
2025-04-07,貿易百貨類指數,245.36
2025-04-07,油電燃氣類指數,50.85
2025-04-07,綠能環保類指數,92.57
2025-04-07,數位雲端類指數,53.84
2025-04-07,運動休閒類指數,83.62
2025-04-07,居家生活類指數,107.6
2025-04-07,其他類指數,283.29
2025-04-02,發行量加權股價指數,21298.22
2025-04-02,水泥窯製類指數,609.05
2025-04-02,塑膠化工類指數,595.26
2025-04-02,機電類指數,6380.85
2025-04-02,水泥類指數,160.74
2025-04-02,食品類指數,2134.52
2025-04-02,塑膠類指數,110.57
2025-04-02,紡織纖維類指數,579.47
2025-04-02,電機機械類指數,356.48
2025-04-02,電器電纜類指數,88.76
2025-04-02,化學生技醫療類指數,129.43
2025-04-02,化學類指數,160.16
2025-04-02,生技醫療類指數,70.72
2025-04-02,玻璃陶瓷類指數,47.19
2025-04-02,造紙類指數,277.06
2025-04-02,鋼鐵類指數,136.12
2025-04-02,橡膠類指數,264.42
2025-04-02,汽車類指數,366.65
2025-04-02,電子工業類指數,1145.67
2025-04-02,半導體類指數,586.06
2025-04-02,電腦及週邊設備類指數,242.72
2025-04-02,光電類指數,38.08
2025-04-02,通信網路類指數,164.13
2025-04-02,電子零組件類指數,211.98
2025-04-02,電子通路類指數,231.86
2025-04-02,資訊服務類指數,219.55
2025-04-02,其他電子類指數,145.51
2025-04-02,建材營造類指數,545.14
2025-04-02,航運類指數,202.53
2025-04-02,觀光餐旅類指數,117.6
2025-04-02,金融保險類指數,2109.23
2025-04-02,貿易百貨類指數,266.66
2025-04-02,油電燃氣類指數,55.93
2025-04-02,綠能環保類指數,101.95
2025-04-02,數位雲端類指數,59.71
2025-04-02,運動休閒類指數,92.8
2025-04-02,居家生活類指數,119.26
2025-04-02,其他類指數,312.44
2025-04-01,發行量加權股價指數,21280.17
2025-04-01,水泥窯製類指數,606.99
2025-04-01,塑膠化工類指數,591.26
2025-04-01,機電類指數,6380.98
2025-04-01,水泥類指數,160.36
2025-04-01,食品類指數,2135.07
2025-04-01,塑膠類指數,109.38
2025-04-01,紡織纖維類指數,586.89
2025-04-01,電機機械類指數,348.98
2025-04-01,電器電纜類指數,88.56
2025-04-01,化學生技醫療類指數,128.29
2025-04-01,化學類指數,158.92
2025-04-01,生技醫療類指數,70.05
2025-04-01,玻璃陶瓷類指數,46.69
2025-04-01,造紙類指數,271.62
2025-04-01,鋼鐵類指數,136.65
2025-04-01,橡膠類指數,267.8
2025-04-01,汽車類指數,366.67
2025-04-01,電子工業類指數,1146.28
2025-04-01,半導體類指數,587.66
2025-04-01,電腦及週邊設備類指數,242.63
2025-04-01,光電類指數,37.89
2025-04-01,通信網路類指數,163.99
2025-04-01,電子零組件類指數,210.94
2025-04-01,電子通路類指數,229.81
2025-04-01,資訊服務類指數,218.63
2025-04-01,其他電子類指數,144.31
2025-04-01,建材營造類指數,545.54
2025-04-01,航運類指數,202.0
2025-04-01,觀光餐旅類指數,117.5
2025-04-01,金融保險類指數,2100.62
2025-04-01,貿易百貨類指數,265.65
2025-04-01,油電燃氣類指數,55.85
2025-04-01,綠能環保類指數,101.69
2025-04-01,數位雲端類指數,59.18
2025-04-01,運動休閒類指數,92.34
2025-04-01,居家生活類指數,118.67
2025-04-01,其他類指數,310.54
2025-03-31,發行量加權股價指數,20695.9
2025-03-31,水泥窯製類指數,599.41
2025-03-31,塑膠化工類指數,579.1
2025-03-31,機電類指數,6177.12
2025-03-31,水泥類指數,158.87
2025-03-31,食品類指數,2098.48
2025-03-31,塑膠類指數,105.77
2025-03-31,紡織纖維類指數,569.84
2025-03-31,電機機械類指數,346.12
2025-03-31,電器電纜類指數,86.25
2025-03-31,化學生技醫療類指數,126.81
2025-03-31,化學類指數,156.32
2025-03-31,生技醫療類指數,69.45
2025-03-31,玻璃陶瓷類指數,45.01
2025-03-31,造紙類指數,269.15
2025-03-31,鋼鐵類指數,133.21
2025-03-31,橡膠類指數,261.42
2025-03-31,汽車類指數,359.61
2025-03-31,電子工業類指數,1109.0
2025-03-31,半導體類指數,566.65
2025-03-31,電腦及週邊設備類指數,234.99
2025-03-31,光電類指數,36.64
2025-03-31,通信網路類指數,162.29
2025-03-31,電子零組件類指數,205.8
2025-03-31,電子通路類指數,225.78
2025-03-31,資訊服務類指數,216.21
2025-03-31,其他電子類指數,139.58
2025-03-31,建材營造類指數,541.76
2025-03-31,航運類指數,196.54
2025-03-31,觀光餐旅類指數,115.15
2025-03-31,金融保險類指數,2077.27
2025-03-31,貿易百貨類指數,263.28
2025-03-31,油電燃氣類指數,54.54
2025-03-31,綠能環保類指數,100.24
2025-03-31,數位雲端類指數,58.77
2025-03-31,運動休閒類指數,89.53
2025-03-31,居家生活類指數,118.16
2025-03-31,其他類指數,303.91
2025-03-28,發行量加權股價指數,21602.89
2025-03-28,水泥窯製類指數,612.23
2025-03-28,塑膠化工類指數,601.88
2025-03-28,機電類指數,6484.93
2025-03-28,水泥類指數,161.52
2025-03-28,食品類指數,2142.35
2025-03-28,塑膠類指數,109.0
2025-03-28,紡織纖維類指數,596.42
2025-03-28,電機機械類指數,372.8
2025-03-28,電器電纜類指數,92.02
2025-03-28,化學生技醫療類指數,133.38
2025-03-28,化學類指數,162.43
2025-03-28,生技醫療類指數,73.56
2025-03-28,玻璃陶瓷類指數,47.55
2025-03-28,造紙類指數,275.27
2025-03-28,鋼鐵類指數,136.99
2025-03-28,橡膠類指數,264.71
2025-03-28,汽車類指數,370.44
2025-03-28,電子工業類指數,1163.45
2025-03-28,半導體類指數,593.84
2025-03-28,電腦及週邊設備類指數,249.53
2025-03-28,光電類指數,38.39
2025-03-28,通信網路類指數,166.51
2025-03-28,電子零組件類指數,218.38
2025-03-28,電子通路類指數,236.12
2025-03-28,資訊服務類指數,226.06
2025-03-28,其他電子類指數,146.43
2025-03-28,建材營造類指數,560.1
2025-03-28,航運類指數,202.63
2025-03-28,觀光餐旅類指數,118.43
2025-03-28,金融保險類指數,2130.38
2025-03-28,貿易百貨類指數,270.16
2025-03-28,油電燃氣類指數,55.54
2025-03-28,綠能環保類指數,104.76
2025-03-28,數位雲端類指數,61.57
2025-03-28,運動休閒類指數,92.52
2025-03-28,居家生活類指數,120.85
2025-03-28,其他類指數,314.58
2025-03-27,發行量加權股價指數,21951.76
2025-03-27,水泥窯製類指數,619.12
2025-03-27,塑膠化工類指數,617.37
2025-03-27,機電類指數,6590.71
2025-03-27,水泥類指數,162.97
2025-03-27,食品類指數,2165.4
2025-03-27,塑膠類指數,112.71
2025-03-27,紡織纖維類指數,603.41
2025-03-27,電機機械類指數,385.83
2025-03-27,電器電纜類指數,95.35
2025-03-27,化學生技醫療類指數,136.32
2025-03-27,化學類指數,166.0
2025-03-27,生技醫療類指數,75.18
2025-03-27,玻璃陶瓷類指數,48.87
2025-03-27,造紙類指數,280.49
2025-03-27,鋼鐵類指數,139.58
2025-03-27,橡膠類指數,269.77
2025-03-27,汽車類指數,378.05
2025-03-27,電子工業類指數,1181.79
2025-03-27,半導體類指數,599.56
2025-03-27,電腦及週邊設備類指數,255.51
2025-03-27,光電類指數,39.43
2025-03-27,通信網路類指數,168.51
2025-03-27,電子零組件類指數,226.58
2025-03-27,電子通路類指數,241.31
2025-03-27,資訊服務類指數,233.56
2025-03-27,其他電子類指數,151.61
2025-03-27,建材營造類指數,572.11
2025-03-27,航運類指數,205.43
2025-03-27,觀光餐旅類指數,119.51
2025-03-27,金融保險類指數,2155.18
2025-03-27,貿易百貨類指數,272.12
2025-03-27,油電燃氣類指數,56.81
2025-03-27,綠能環保類指數,108.39
2025-03-27,數位雲端類指數,63.03
2025-03-27,運動休閒類指數,93.86
2025-03-27,居家生活類指數,124.59
2025-03-27,其他類指數,320.63
2025-03-26,發行量加權股價指數,22260.29
2025-03-26,水泥窯製類指數,615.22
2025-03-26,塑膠化工類指數,619.62
2025-03-26,機電類指數,6715.83
2025-03-26,水泥類指數,161.85
2025-03-26,食品類指數,2157.52
2025-03-26,塑膠類指數,112.52
2025-03-26,紡織纖維類指數,609.23
2025-03-26,電機機械類指數,389.89
2025-03-26,電器電纜類指數,95.99
2025-03-26,化學生技醫療類指數,137.9
2025-03-26,化學類指數,166.68
2025-03-26,生技醫療類指數,76.38
2025-03-26,玻璃陶瓷類指數,48.76
2025-03-26,造紙類指數,282.59
2025-03-26,鋼鐵類指數,138.94
2025-03-26,橡膠類指數,265.62
2025-03-26,汽車類指數,381.4
2025-03-26,電子工業類指數,1204.55
2025-03-26,半導體類指數,612.46
2025-03-26,電腦及週邊設備類指數,259.86
2025-03-26,光電類指數,39.76
2025-03-26,通信網路類指數,168.75
2025-03-26,電子零組件類指數,229.71
2025-03-26,電子通路類指數,242.83
2025-03-26,資訊服務類指數,237.14
2025-03-26,其他電子類指數,155.85
2025-03-26,建材營造類指數,572.41
2025-03-26,航運類指數,207.69
2025-03-26,觀光餐旅類指數,120.21
2025-03-26,金融保險類指數,2154.47
2025-03-26,貿易百貨類指數,271.9
2025-03-26,油電燃氣類指數,56.83
2025-03-26,綠能環保類指數,108.68
2025-03-26,數位雲端類指數,63.1
2025-03-26,運動休閒類指數,94.35
2025-03-26,居家生活類指數,125.38
2025-03-26,其他類指數,322.46
2025-03-25,發行量加權股價指數,22273.19
2025-03-25,水泥窯製類指數,608.9
2025-03-25,塑膠化工類指數,618.33
2025-03-25,機電類指數,6728.96
2025-03-25,水泥類指數,160.26
2025-03-25,食品類指數,2156.55
2025-03-25,塑膠類指數,112.17
2025-03-25,紡織纖維類指數,605.87
2025-03-25,電機機械類指數,382.64
2025-03-25,電器電纜類指數,93.07
2025-03-25,化學生技醫療類指數,137.94
2025-03-25,化學類指數,166.83
2025-03-25,生技醫療類指數,76.37
2025-03-25,玻璃陶瓷類指數,48.11
2025-03-25,造紙類指數,282.04
2025-03-25,鋼鐵類指數,138.27
2025-03-25,橡膠類指數,263.19
2025-03-25,汽車類指數,381.66
2025-03-25,電子工業類指數,1207.7
2025-03-25,半導體類指數,617.29
2025-03-25,電腦及週邊設備類指數,257.35
2025-03-25,光電類指數,39.44
2025-03-25,通信網路類指數,168.72
2025-03-25,電子零組件類指數,227.18
2025-03-25,電子通路類指數,240.48
2025-03-25,資訊服務類指數,236.11
2025-03-25,其他電子類指數,154.84
2025-03-25,建材營造類指數,572.9
2025-03-25,航運類指數,207.74
2025-03-25,觀光餐旅類指數,119.96
2025-03-25,金融保險類指數,2144.81
2025-03-25,貿易百貨類指數,272.06
2025-03-25,油電燃氣類指數,56.71
2025-03-25,綠能環保類指數,108.42
2025-03-25,數位雲端類指數,63.09
2025-03-25,運動休閒類指數,94.29
2025-03-25,居家生活類指數,125.36
2025-03-25,其他類指數,321.32
2025-03-24,發行量加權股價指數,22106.64
2025-03-24,水泥窯製類指數,613.45
2025-03-24,塑膠化工類指數,621.1
2025-03-24,機電類指數,6650.43
2025-03-24,水泥類指數,161.1
2025-03-24,食品類指數,2150.2
2025-03-24,塑膠類指數,113.33
2025-03-24,紡織纖維類指數,609.42
2025-03-24,電機機械類指數,381.08
2025-03-24,電器電纜類指數,94.81
2025-03-24,化學生技醫療類指數,137.86
2025-03-24,化學類指數,167.47
2025-03-24,生技醫療類指數,76.14
2025-03-24,玻璃陶瓷類指數,49.21
2025-03-24,造紙類指數,283.57
2025-03-24,鋼鐵類指數,141.65
2025-03-24,橡膠類指數,265.87
2025-03-24,汽車類指數,378.82
2025-03-24,電子工業類指數,1193.21
2025-03-24,半導體類指數,606.95
2025-03-24,電腦及週邊設備類指數,257.22
2025-03-24,光電類指數,39.45
2025-03-24,通信網路類指數,168.59
2025-03-24,電子零組件類指數,226.76
2025-03-24,電子通路類指數,242.12
2025-03-24,資訊服務類指數,233.95
2025-03-24,其他電子類指數,153.28
2025-03-24,建材營造類指數,578.01
2025-03-24,航運類指數,208.11
2025-03-24,觀光餐旅類指數,120.12
2025-03-24,金融保險類指數,2145.78
2025-03-24,貿易百貨類指數,273.57
2025-03-24,油電燃氣類指數,57.3
2025-03-24,綠能環保類指數,108.65
2025-03-24,數位雲端類指數,62.6
2025-03-24,運動休閒類指數,94.66
2025-03-24,居家生活類指數,123.17
2025-03-24,其他類指數,323.21
2025-03-21,發行量加權股價指數,22209.1
2025-03-21,水泥窯製類指數,612.71
2025-03-21,塑膠化工類指數,627.57
2025-03-21,機電類指數,6690.61
2025-03-21,水泥類指數,161.31
2025-03-21,食品類指數,2149.1
2025-03-21,塑膠類指數,114.52
2025-03-21,紡織纖維類指數,611.69
2025-03-21,電機機械類指數,387.1
2025-03-21,電器電纜類指數,94.82
2025-03-21,化學生技醫療類指數,139.38
2025-03-21,化學類指數,168.98
2025-03-21,生技醫療類指數,77.06
2025-03-21,玻璃陶瓷類指數,48.31
2025-03-21,造紙類指數,285.22
2025-03-21,鋼鐵類指數,141.74
2025-03-21,橡膠類指數,267.9
2025-03-21,汽車類指數,384.53
2025-03-21,電子工業類指數,1200.18
2025-03-21,半導體類指數,607.96
2025-03-21,電腦及週邊設備類指數,262.42
2025-03-21,光電類指數,39.73
2025-03-21,通信網路類指數,170.26
2025-03-21,電子零組件類指數,230.24
2025-03-21,電子通路類指數,242.33
2025-03-21,資訊服務類指數,236.85
2025-03-21,其他電子類指數,155.14
2025-03-21,建材營造類指數,575.43
2025-03-21,航運類指數,207.53
2025-03-21,觀光餐旅類指數,120.02
2025-03-21,金融保險類指數,2138.81
2025-03-21,貿易百貨類指數,276.43
2025-03-21,油電燃氣類指數,57.42
2025-03-21,綠能環保類指數,109.57
2025-03-21,數位雲端類指數,62.44
2025-03-21,運動休閒類指數,96.17
2025-03-21,居家生活類指數,122.53
2025-03-21,其他類指數,324.15
2025-03-20,發行量加權股價指數,22377.26
2025-03-20,水泥窯製類指數,616.36
2025-03-20,塑膠化工類指數,637.31
2025-03-20,機電類指數,6746.88
2025-03-20,水泥類指數,162.38
2025-03-20,食品類指數,2147.27
2025-03-20,塑膠類指數,118.98
2025-03-20,紡織纖維類指數,613.41
2025-03-20,電機機械類指數,391.96
2025-03-20,電器電纜類指數,95.75
2025-03-20,化學生技醫療類指數,139.61
2025-03-20,化學類指數,170.04
2025-03-20,生技醫療類指數,76.99
2025-03-20,玻璃陶瓷類指數,48.35
2025-03-20,造紙類指數,287.21
2025-03-20,鋼鐵類指數,144.68
2025-03-20,橡膠類指數,270.76
2025-03-20,汽車類指數,385.97
2025-03-20,電子工業類指數,1210.14
2025-03-20,半導體類指數,615.02
2025-03-20,電腦及週邊設備類指數,264.13
2025-03-20,光電類指數,40.22
2025-03-20,通信網路類指數,168.37
2025-03-20,電子零組件類指數,230.65
2025-03-20,電子通路類指數,243.35
2025-03-20,資訊服務類指數,236.2
2025-03-20,其他電子類指數,155.41
2025-03-20,建材營造類指數,564.71
2025-03-20,航運類指數,208.91
2025-03-20,觀光餐旅類指數,120.15
2025-03-20,金融保險類指數,2149.42
2025-03-20,貿易百貨類指數,275.37
2025-03-20,油電燃氣類指數,59.02
2025-03-20,綠能環保類指數,110.49
2025-03-20,數位雲端類指數,62.79
2025-03-20,運動休閒類指數,96.45
2025-03-20,居家生活類指數,123.62
2025-03-20,其他類指數,323.64
2025-03-19,發行量加權股價指數,21960.83
2025-03-19,水泥窯製類指數,614.56
2025-03-19,塑膠化工類指數,631.15
2025-03-19,機電類指數,6587.86
2025-03-19,水泥類指數,161.74
2025-03-19,食品類指數,2135.0
2025-03-19,塑膠類指數,117.27
2025-03-19,紡織纖維類指數,608.0
2025-03-19,電機機械類指數,389.37
2025-03-19,電器電纜類指數,94.73
2025-03-19,化學生技醫療類指數,138.19
2025-03-19,化學類指數,168.77
2025-03-19,生技醫療類指數,76.09
2025-03-19,玻璃陶瓷類指數,48.57
2025-03-19,造紙類指數,286.91
2025-03-19,鋼鐵類指數,144.3
2025-03-19,橡膠類指數,272.25
2025-03-19,汽車類指數,380.06
2025-03-19,電子工業類指數,1181.04
2025-03-19,半導體類指數,596.34
2025-03-19,電腦及週邊設備類指數,260.39
2025-03-19,光電類指數,39.97
2025-03-19,通信網路類指數,167.09
2025-03-19,電子零組件類指數,227.69
2025-03-19,電子通路類指數,241.26
2025-03-19,資訊服務類指數,231.58
2025-03-19,其他電子類指數,153.43
2025-03-19,建材營造類指數,557.15
2025-03-19,航運類指數,207.7
2025-03-19,觀光餐旅類指數,119.6
2025-03-19,金融保險類指數,2140.52
2025-03-19,貿易百貨類指數,273.65
2025-03-19,油電燃氣類指數,58.5
2025-03-19,綠能環保類指數,109.94
2025-03-19,數位雲端類指數,61.99
2025-03-19,運動休閒類指數,95.07
2025-03-19,居家生活類指數,123.03
2025-03-19,其他類指數,323.45
2025-03-18,發行量加權股價指數,22271.67
2025-03-18,水泥窯製類指數,613.07
2025-03-18,塑膠化工類指數,635.57
2025-03-18,機電類指數,6702.85
2025-03-18,水泥類指數,161.66
2025-03-18,食品類指數,2158.48
2025-03-18,塑膠類指數,118.86
2025-03-18,紡織纖維類指數,612.1
2025-03-18,電機機械類指數,395.7
2025-03-18,電器電纜類指數,95.16
2025-03-18,化學生技醫療類指數,138.74
2025-03-18,化學類指數,168.28
2025-03-18,生技醫療類指數,76.69
2025-03-18,玻璃陶瓷類指數,47.8
2025-03-18,造紙類指數,287.21
2025-03-18,鋼鐵類指數,144.04
2025-03-18,橡膠類指數,272.72
2025-03-18,汽車類指數,381.21
2025-03-18,電子工業類指數,1201.77
2025-03-18,半導體類指數,606.59
2025-03-18,電腦及週邊設備類指數,266.09
2025-03-18,光電類指數,40.09
2025-03-18,通信網路類指數,168.97
2025-03-18,電子零組件類指數,232.98
2025-03-18,電子通路類指數,245.01
2025-03-18,資訊服務類指數,232.23
2025-03-18,其他電子類指數,156.46
2025-03-18,建材營造類指數,563.08
2025-03-18,航運類指數,208.32
2025-03-18,觀光餐旅類指數,119.85
2025-03-18,金融保險類指數,2155.11
2025-03-18,貿易百貨類指數,274.56
2025-03-18,油電燃氣類指數,59.48
2025-03-18,綠能環保類指數,109.97
2025-03-18,數位雲端類指數,63.46
2025-03-18,運動休閒類指數,96.1
2025-03-18,居家生活類指數,123.96
2025-03-18,其他類指數,324.74
2025-03-17,發行量加權股價指數,22118.63
2025-03-17,水泥窯製類指數,612.91
2025-03-17,塑膠化工類指數,632.99
2025-03-17,機電類指數,6652.89
2025-03-17,水泥類指數,161.19
2025-03-17,食品類指數,2142.1
2025-03-17,塑膠類指數,118.28
2025-03-17,紡織纖維類指數,603.61
2025-03-17,電機機械類指數,392.7
2025-03-17,電器電纜類指數,94.91
2025-03-17,化學生技醫療類指數,138.15
2025-03-17,化學類指數,167.09
2025-03-17,生技醫療類指數,76.49
2025-03-17,玻璃陶瓷類指數,48.69
2025-03-17,造紙類指數,287.39
2025-03-17,鋼鐵類指數,143.68
2025-03-17,橡膠類指數,272.4
2025-03-17,汽車類指數,380.68
2025-03-17,電子工業類指數,1192.78
2025-03-17,半導體類指數,603.68
2025-03-17,電腦及週邊設備類指數,260.91
2025-03-17,光電類指數,39.79
2025-03-17,通信網路類指數,167.11
2025-03-17,電子零組件類指數,229.33
2025-03-17,電子通路類指數,243.07
2025-03-17,資訊服務類指數,230.34
2025-03-17,其他電子類指數,155.89
2025-03-17,建材營造類指數,561.99
2025-03-17,航運類指數,207.13
2025-03-17,觀光餐旅類指數,119.29
2025-03-17,金融保險類指數,2144.53
2025-03-17,貿易百貨類指數,274.82
2025-03-17,油電燃氣類指數,59.06
2025-03-17,綠能環保類指數,110.42
2025-03-17,數位雲端類指數,63.61
2025-03-17,運動休閒類指數,93.21
2025-03-17,居家生活類指數,123.7
2025-03-17,其他類指數,321.97
2025-03-14,發行量加權股價指數,21968.05
2025-03-14,水泥窯製類指數,615.8
2025-03-14,塑膠化工類指數,627.33
2025-03-14,機電類指數,6602.51
2025-03-14,水泥類指數,161.93
2025-03-14,食品類指數,2157.4
2025-03-14,塑膠類指數,116.31
2025-03-14,紡織纖維類指數,606.13
2025-03-14,電機機械類指數,390.48
2025-03-14,電器電纜類指數,95.11
2025-03-14,化學生技醫療類指數,137.42
2025-03-14,化學類指數,167.55
2025-03-14,生技醫療類指數,75.74
2025-03-14,玻璃陶瓷類指數,48.95
2025-03-14,造紙類指數,287.11
2025-03-14,鋼鐵類指數,144.52
2025-03-14,橡膠類指數,271.66
2025-03-14,汽車類指數,376.18
2025-03-14,電子工業類指數,1183.64
2025-03-14,半導體類指數,597.42
2025-03-14,電腦及週邊設備類指數,260.06
2025-03-14,光電類指數,39.82
2025-03-14,通信網路類指數,167.33
2025-03-14,電子零組件類指數,226.38
2025-03-14,電子通路類指數,239.84
2025-03-14,資訊服務類指數,232.43
2025-03-14,其他電子類指數,157.11
2025-03-14,建材營造類指數,557.9
2025-03-14,航運類指數,203.78
2025-03-14,觀光餐旅類指數,119.1
2025-03-14,金融保險類指數,2131.42
2025-03-14,貿易百貨類指數,275.11
2025-03-14,油電燃氣類指數,58.48
2025-03-14,綠能環保類指數,108.51
2025-03-14,數位雲端類指數,63.86
2025-03-14,運動休閒類指數,94.16
2025-03-14,居家生活類指數,124.73
2025-03-14,其他類指數,322.35
2025-03-13,發行量加權股價指數,21961.68
2025-03-13,水泥窯製類指數,608.99
2025-03-13,塑膠化工類指數,619.01
2025-03-13,機電類指數,6613.62
2025-03-13,水泥類指數,159.98
2025-03-13,食品類指數,2147.23
2025-03-13,塑膠類指數,111.31
2025-03-13,紡織纖維類指數,604.93
2025-03-13,電機機械類指數,389.5
2025-03-13,電器電纜類指數,93.1
2025-03-13,化學生技醫療類指數,138.13
2025-03-13,化學類指數,170.26
2025-03-13,生技醫療類指數,75.65
2025-03-13,玻璃陶瓷類指數,48.77
2025-03-13,造紙類指數,281.59
2025-03-13,鋼鐵類指數,141.95
2025-03-13,橡膠類指數,269.47
2025-03-13,汽車類指數,372.76
2025-03-13,電子工業類指數,1185.89
2025-03-13,半導體類指數,599.57
2025-03-13,電腦及週邊設備類指數,260.53
2025-03-13,光電類指數,39.26
2025-03-13,通信網路類指數,167.51
2025-03-13,電子零組件類指數,227.61
2025-03-13,電子通路類指數,238.59
2025-03-13,資訊服務類指數,230.1
2025-03-13,其他電子類指數,155.67
2025-03-13,建材營造類指數,556.03
2025-03-13,航運類指數,203.72
2025-03-13,觀光餐旅類指數,119.69
2025-03-13,金融保險類指數,2131.97
2025-03-13,貿易百貨類指數,275.24
2025-03-13,油電燃氣類指數,55.67
2025-03-13,綠能環保類指數,107.97
2025-03-13,數位雲端類指數,62.9
2025-03-13,運動休閒類指數,93.91
2025-03-13,居家生活類指數,124.16
2025-03-13,其他類指數,321.1
2025-03-12,發行量加權股價指數,22278.36
2025-03-12,水泥窯製類指數,618.12
2025-03-12,塑膠化工類指數,630.13
2025-03-12,機電類指數,6723.41
2025-03-12,水泥類指數,162.97
2025-03-12,食品類指數,2162.35
2025-03-12,塑膠類指數,115.37
2025-03-12,紡織纖維類指數,616.8
2025-03-12,電機機械類指數,393.61
2025-03-12,電器電纜類指數,94.65
2025-03-12,化學生技醫療類指數,139.29
2025-03-12,化學類指數,173.14
2025-03-12,生技醫療類指數,75.91
2025-03-12,玻璃陶瓷類指數,48.23
2025-03-12,造紙類指數,284.74
2025-03-12,鋼鐵類指數,143.91
2025-03-12,橡膠類指數,271.97
2025-03-12,汽車類指數,372.55
2025-03-12,電子工業類指數,1205.75
2025-03-12,半導體類指數,612.67
2025-03-12,電腦及週邊設備類指數,261.71
2025-03-12,光電類指數,40.47
2025-03-12,通信網路類指數,167.05
2025-03-12,電子零組件類指數,228.82
2025-03-12,電子通路類指數,236.27
2025-03-12,資訊服務類指數,231.19
2025-03-12,其他電子類指數,157.82
2025-03-12,建材營造類指數,556.54
2025-03-12,航運類指數,205.37
2025-03-12,觀光餐旅類指數,122.17
2025-03-12,金融保險類指數,2137.23
2025-03-12,貿易百貨類指數,279.6
2025-03-12,油電燃氣類指數,57.18
2025-03-12,綠能環保類指數,109.64
2025-03-12,數位雲端類指數,64.0
2025-03-12,運動休閒類指數,96.59
2025-03-12,居家生活類指數,125.38
2025-03-12,其他類指數,327.11
2025-03-11,發行量加權股價指數,22071.09
2025-03-11,水泥窯製類指數,623.03
2025-03-11,塑膠化工類指數,631.23
2025-03-11,機電類指數,6637.64
2025-03-11,水泥類指數,163.83
2025-03-11,食品類指數,2162.48
2025-03-11,塑膠類指數,116.19
2025-03-11,紡織纖維類指數,613.95
2025-03-11,電機機械類指數,391.82
2025-03-11,電器電纜類指數,94.25
2025-03-11,化學生技醫療類指數,139.22
2025-03-11,化學類指數,173.14
2025-03-11,生技醫療類指數,75.86
2025-03-11,玻璃陶瓷類指數,49.53
2025-03-11,造紙類指數,286.72
2025-03-11,鋼鐵類指數,144.07
2025-03-11,橡膠類指數,270.95
2025-03-11,汽車類指數,371.97
2025-03-11,電子工業類指數,1190.08
2025-03-11,半導體類指數,602.81
2025-03-11,電腦及週邊設備類指數,263.25
2025-03-11,光電類指數,40.2
2025-03-11,通信網路類指數,166.29
2025-03-11,電子零組件類指數,223.67
2025-03-11,電子通路類指數,235.58
2025-03-11,資訊服務類指數,226.68
2025-03-11,其他電子類指數,156.45
2025-03-11,建材營造類指數,552.6
2025-03-11,航運類指數,207.33
2025-03-11,觀光餐旅類指數,121.91
2025-03-11,金融保險類指數,2130.03
2025-03-11,貿易百貨類指數,278.74
2025-03-11,油電燃氣類指數,57.27
2025-03-11,綠能環保類指數,108.96
2025-03-11,數位雲端類指數,65.1
2025-03-11,運動休閒類指數,95.87
2025-03-11,居家生活類指數,125.04
2025-03-11,其他類指數,326.21
2025-03-10,發行量加權股價指數,22459.15
2025-03-10,水泥窯製類指數,622.59
2025-03-10,塑膠化工類指數,637.57
2025-03-10,機電類指數,6775.6
2025-03-10,水泥類指數,163.66
2025-03-10,食品類指數,2176.49
2025-03-10,塑膠類指數,117.09
2025-03-10,紡織纖維類指數,625.71
2025-03-10,電機機械類指數,403.59
2025-03-10,電器電纜類指數,96.33
2025-03-10,化學生技醫療類指數,141.2
2025-03-10,化學類指數,176.35
2025-03-10,生技醫療類指數,76.74
2025-03-10,玻璃陶瓷類指數,49.61
2025-03-10,造紙類指數,289.5
2025-03-10,鋼鐵類指數,145.94
2025-03-10,橡膠類指數,270.6
2025-03-10,汽車類指數,376.36
2025-03-10,電子工業類指數,1214.53
2025-03-10,半導體類指數,617.36
2025-03-10,電腦及週邊設備類指數,266.17
2025-03-10,光電類指數,40.5
2025-03-10,通信網路類指數,167.72
2025-03-10,電子零組件類指數,227.03
2025-03-10,電子通路類指數,236.15
2025-03-10,資訊服務類指數,230.55
2025-03-10,其他電子類指數,160.1
2025-03-10,建材營造類指數,560.31
2025-03-10,航運類指數,207.01
2025-03-10,觀光餐旅類指數,123.05
2025-03-10,金融保險類指數,2149.08
2025-03-10,貿易百貨類指數,280.81
2025-03-10,油電燃氣類指數,58.31
2025-03-10,綠能環保類指數,110.43
2025-03-10,數位雲端類指數,66.71
2025-03-10,運動休閒類指數,98.05
2025-03-10,居家生活類指數,127.78
2025-03-10,其他類指數,331.06
2025-03-07,發行量加權股價指數,22576.07
2025-03-07,水泥窯製類指數,615.89
2025-03-07,塑膠化工類指數,638.05
2025-03-07,機電類指數,6827.68
2025-03-07,水泥類指數,162.87
2025-03-07,食品類指數,2144.46
2025-03-07,塑膠類指數,115.41
2025-03-07,紡織纖維類指數,628.51
2025-03-07,電機機械類指數,402.13
2025-03-07,電器電纜類指數,95.84
2025-03-07,化學生技醫療類指數,142.45
2025-03-07,化學類指數,176.55
2025-03-07,生技醫療類指數,77.77
2025-03-07,玻璃陶瓷類指數,47.03
2025-03-07,造紙類指數,286.18
2025-03-07,鋼鐵類指數,145.0
2025-03-07,橡膠類指數,272.82
2025-03-07,汽車類指數,375.37
2025-03-07,電子工業類指數,1224.29
2025-03-07,半導體類指數,623.3
2025-03-07,電腦及週邊設備類指數,267.33
2025-03-07,光電類指數,40.91
2025-03-07,通信網路類指數,168.71
2025-03-07,電子零組件類指數,228.53
2025-03-07,電子通路類指數,238.46
2025-03-07,資訊服務類指數,232.99
2025-03-07,其他電子類指數,160.15
2025-03-07,建材營造類指數,559.97
2025-03-07,航運類指數,208.1
2025-03-07,觀光餐旅類指數,123.34
2025-03-07,金融保險類指數,2148.35
2025-03-07,貿易百貨類指數,281.05
2025-03-07,油電燃氣類指數,56.91
2025-03-07,綠能環保類指數,110.14
2025-03-07,數位雲端類指數,66.82
2025-03-07,運動休閒類指數,98.61
2025-03-07,居家生活類指數,129.21
2025-03-07,其他類指數,331.98
2025-03-06,發行量加權股價指數,22715.43
2025-03-06,水泥窯製類指數,618.85
2025-03-06,塑膠化工類指數,642.87
2025-03-06,機電類指數,6868.88
2025-03-06,水泥類指數,163.5
2025-03-06,食品類指數,2168.75
2025-03-06,塑膠類指數,115.68
2025-03-06,紡織纖維類指數,625.43
2025-03-06,電機機械類指數,406.96
2025-03-06,電器電纜類指數,96.46
2025-03-06,化學生技醫療類指數,143.87
2025-03-06,化學類指數,176.68
2025-03-06,生技醫療類指數,78.96
2025-03-06,玻璃陶瓷類指數,47.57
2025-03-06,造紙類指數,288.6
2025-03-06,鋼鐵類指數,144.86
2025-03-06,橡膠類指數,275.91
2025-03-06,汽車類指數,378.23
2025-03-06,電子工業類指數,1231.49
2025-03-06,半導體類指數,624.77
2025-03-06,電腦及週邊設備類指數,270.86
2025-03-06,光電類指數,41.38
2025-03-06,通信網路類指數,170.01
2025-03-06,電子零組件類指數,232.68
2025-03-06,電子通路類指數,238.71
2025-03-06,資訊服務類指數,236.5
2025-03-06,其他電子類指數,162.11
2025-03-06,建材營造類指數,564.95
2025-03-06,航運類指數,205.77
2025-03-06,觀光餐旅類指數,124.4
2025-03-06,金融保險類指數,2169.89
2025-03-06,貿易百貨類指數,281.8
2025-03-06,油電燃氣類指數,57.31
2025-03-06,綠能環保類指數,110.7
2025-03-06,數位雲端類指數,67.85
2025-03-06,運動休閒類指數,100.96
2025-03-06,居家生活類指數,128.88
2025-03-06,其他類指數,334.61
2025-03-05,發行量加權股價指數,22871.9
2025-03-05,水泥窯製類指數,619.99
2025-03-05,塑膠化工類指數,650.98
2025-03-05,機電類指數,6932.24
2025-03-05,水泥類指數,164.12
2025-03-05,食品類指數,2155.82
2025-03-05,塑膠類指數,117.94
2025-03-05,紡織纖維類指數,626.87
2025-03-05,電機機械類指數,412.3
2025-03-05,電器電纜類指數,97.91
2025-03-05,化學生技醫療類指數,145.32
2025-03-05,化學類指數,173.23
2025-03-05,生技醫療類指數,81.12
2025-03-05,玻璃陶瓷類指數,46.98
2025-03-05,造紙類指數,288.8
2025-03-05,鋼鐵類指數,143.77
2025-03-05,橡膠類指數,277.16
2025-03-05,汽車類指數,379.78
2025-03-05,電子工業類指數,1242.7
2025-03-05,半導體類指數,633.14
2025-03-05,電腦及週邊設備類指數,271.51
2025-03-05,光電類指數,41.68
2025-03-05,通信網路類指數,168.98
2025-03-05,電子零組件類指數,232.24
2025-03-05,電子通路類指數,240.75
2025-03-05,資訊服務類指數,238.5
2025-03-05,其他電子類指數,162.56
2025-03-05,建材營造類指數,569.93
2025-03-05,航運類指數,204.6
2025-03-05,觀光餐旅類指數,123.61
2025-03-05,金融保險類指數,2161.14
2025-03-05,貿易百貨類指數,281.62
2025-03-05,油電燃氣類指數,58.91
2025-03-05,綠能環保類指數,111.56
2025-03-05,數位雲端類指數,67.51
2025-03-05,運動休閒類指數,102.43
2025-03-05,居家生活類指數,132.52
2025-03-05,其他類指數,335.71
2025-03-04,發行量加權股價指數,22596.88
2025-03-04,水泥窯製類指數,614.25
2025-03-04,塑膠化工類指數,638.43
2025-03-04,機電類指數,6832.17
2025-03-04,水泥類指數,162.81
2025-03-04,食品類指數,2141.58
2025-03-04,塑膠類指數,111.65
2025-03-04,紡織纖維類指數,620.42
2025-03-04,電機機械類指數,401.5
2025-03-04,電器電纜類指數,95.92
2025-03-04,化學生技醫療類指數,144.87
2025-03-04,化學類指數,170.03
2025-03-04,生技醫療類指數,81.55
2025-03-04,玻璃陶瓷類指數,46.09
2025-03-04,造紙類指數,287.12
2025-03-04,鋼鐵類指數,140.86
2025-03-04,橡膠類指數,278.31
2025-03-04,汽車類指數,378.4
2025-03-04,電子工業類指數,1225.16
2025-03-04,半導體類指數,622.48
2025-03-04,電腦及週邊設備類指數,267.99
2025-03-04,光電類指數,41.1
2025-03-04,通信網路類指數,168.25
2025-03-04,電子零組件類指數,231.83
2025-03-04,電子通路類指數,238.51
2025-03-04,資訊服務類指數,237.4
2025-03-04,其他電子類指數,160.55
2025-03-04,建材營造類指數,569.71
2025-03-04,航運類指數,203.7
2025-03-04,觀光餐旅類指數,123.0
2025-03-04,金融保險類指數,2161.17
2025-03-04,貿易百貨類指數,281.13
2025-03-04,油電燃氣類指數,56.8
2025-03-04,綠能環保類指數,109.52
2025-03-04,數位雲端類指數,67.87
2025-03-04,運動休閒類指數,101.8
2025-03-04,居家生活類指數,133.13
2025-03-04,其他類指數,334.62
2025-03-03,發行量加權股價指數,22756.25
2025-03-03,水泥窯製類指數,620.81
2025-03-03,塑膠化工類指數,639.42
2025-03-03,機電類指數,6886.81
2025-03-03,水泥類指數,164.37
2025-03-03,食品類指數,2172.36
2025-03-03,塑膠類指數,113.78
2025-03-03,紡織纖維類指數,620.8
2025-03-03,電機機械類指數,403.23
2025-03-03,電器電纜類指數,96.67
2025-03-03,化學生技醫療類指數,143.72
2025-03-03,化學類指數,167.97
2025-03-03,生技醫療類指數,81.09
2025-03-03,玻璃陶瓷類指數,46.97
2025-03-03,造紙類指數,287.34
2025-03-03,鋼鐵類指數,142.09
2025-03-03,橡膠類指數,277.52
2025-03-03,汽車類指數,381.31
2025-03-03,電子工業類指數,1235.07
2025-03-03,半導體類指數,631.34
2025-03-03,電腦及週邊設備類指數,265.08
2025-03-03,光電類指數,41.01
2025-03-03,通信網路類指數,167.98
2025-03-03,電子零組件類指數,232.23
2025-03-03,電子通路類指數,240.46
2025-03-03,資訊服務類指數,234.42
2025-03-03,其他電子類指數,159.78
2025-03-03,建材營造類指數,568.84
2025-03-03,航運類指數,202.01
2025-03-03,觀光餐旅類指數,121.78
2025-03-03,金融保險類指數,2182.64
2025-03-03,貿易百貨類指數,283.08
2025-03-03,油電燃氣類指數,57.49
2025-03-03,綠能環保類指數,111.35
2025-03-03,數位雲端類指數,67.84
2025-03-03,運動休閒類指數,100.48
2025-03-03,居家生活類指數,131.85
2025-03-03,其他類指數,334.8
2025-02-27,發行量加權股價指數,23053.18
2025-02-27,水泥窯製類指數,612.79
2025-02-27,塑膠化工類指數,644.51
2025-02-27,機電類指數,7016.94
2025-02-27,水泥類指數,161.68
2025-02-27,食品類指數,2147.69
2025-02-27,塑膠類指數,116.46
2025-02-27,紡織纖維類指數,626.02
2025-02-27,電機機械類指數,412.77
2025-02-27,電器電纜類指數,97.31
2025-02-27,化學生技醫療類指數,143.91
2025-02-27,化學類指數,167.83
2025-02-27,生技醫療類指數,81.29
2025-02-27,玻璃陶瓷類指數,47.57
2025-02-27,造紙類指數,287.58
2025-02-27,鋼鐵類指數,143.8
2025-02-27,橡膠類指數,276.15
2025-02-27,汽車類指數,382.93
2025-02-27,電子工業類指數,1258.34
2025-02-27,半導體類指數,644.49
2025-02-27,電腦及週邊設備類指數,268.51
2025-02-27,光電類指數,41.58
2025-02-27,通信網路類指數,168.08
2025-02-27,電子零組件類指數,237.83
2025-02-27,電子通路類指數,245.79
2025-02-27,資訊服務類指數,236.83
2025-02-27,其他電子類指數,162.51
2025-02-27,建材營造類指數,568.68
2025-02-27,航運類指數,202.13
2025-02-27,觀光餐旅類指數,122.29
2025-02-27,金融保險類指數,2168.39
2025-02-27,貿易百貨類指數,281.76
2025-02-27,油電燃氣類指數,57.26
2025-02-27,綠能環保類指數,112.27
2025-02-27,數位雲端類指數,66.91
2025-02-27,運動休閒類指數,101.14
2025-02-27,居家生活類指數,131.27
2025-02-27,其他類指數,333.93
2025-02-26,發行量加權股價指數,23402.55
2025-02-26,水泥窯製類指數,615.93
2025-02-26,塑膠化工類指數,650.14
2025-02-26,機電類指數,7150.66
2025-02-26,水泥類指數,162.67
2025-02-26,食品類指數,2178.93
2025-02-26,塑膠類指數,118.18
2025-02-26,紡織纖維類指數,627.22
2025-02-26,電機機械類指數,417.53
2025-02-26,電器電纜類指數,99.57
2025-02-26,化學生技醫療類指數,144.85
2025-02-26,化學類指數,168.07
2025-02-26,生技醫療類指數,82.04
2025-02-26,玻璃陶瓷類指數,47.48
2025-02-26,造紙類指數,289.18
2025-02-26,鋼鐵類指數,141.52
2025-02-26,橡膠類指數,276.64
2025-02-26,汽車類指數,383.05
2025-02-26,電子工業類指數,1282.52
2025-02-26,半導體類指數,657.15
2025-02-26,電腦及週邊設備類指數,275.55
2025-02-26,光電類指數,42.05
2025-02-26,通信網路類指數,168.63
2025-02-26,電子零組件類指數,240.76
2025-02-26,電子通路類指數,248.08
2025-02-26,資訊服務類指數,241.18
2025-02-26,其他電子類指數,167.41
2025-02-26,建材營造類指數,573.36
2025-02-26,航運類指數,203.67
2025-02-26,觀光餐旅類指數,121.66
2025-02-26,金融保險類指數,2181.02
2025-02-26,貿易百貨類指數,283.85
2025-02-26,油電燃氣類指數,57.9
2025-02-26,綠能環保類指數,112.94
2025-02-26,數位雲端類指數,67.69
2025-02-26,運動休閒類指數,100.94
2025-02-26,居家生活類指數,134.26
2025-02-26,其他類指數,334.23
2025-02-25,發行量加權股價指數,23285.72
2025-02-25,水泥窯製類指數,610.83
2025-02-25,塑膠化工類指數,652.59
2025-02-25,機電類指數,7106.12
2025-02-25,水泥類指數,161.58
2025-02-25,食品類指數,2181.58
2025-02-25,塑膠類指數,119.87
2025-02-25,紡織纖維類指數,632.17
2025-02-25,電機機械類指數,420.85
2025-02-25,電器電纜類指數,99.39
2025-02-25,化學生技醫療類指數,144.38
2025-02-25,化學類指數,168.2
2025-02-25,生技醫療類指數,81.6
2025-02-25,玻璃陶瓷類指數,46.52
2025-02-25,造紙類指數,289.33
2025-02-25,鋼鐵類指數,142.41
2025-02-25,橡膠類指數,278.04
2025-02-25,汽車類指數,381.35
2025-02-25,電子工業類指數,1274.06
2025-02-25,半導體類指數,654.75
2025-02-25,電腦及週邊設備類指數,271.32
2025-02-25,光電類指數,41.78
2025-02-25,通信網路類指數,167.35
2025-02-25,電子零組件類指數,237.4
2025-02-25,電子通路類指數,243.08
2025-02-25,資訊服務類指數,239.13
2025-02-25,其他電子類指數,165.48
2025-02-25,建材營造類指數,578.2
2025-02-25,航運類指數,203.71
2025-02-25,觀光餐旅類指數,121.2
2025-02-25,金融保險類指數,2162.25
2025-02-25,貿易百貨類指數,283.58
2025-02-25,油電燃氣類指數,59.26
2025-02-25,綠能環保類指數,113.11
2025-02-25,數位雲端類指數,67.68
2025-02-25,運動休閒類指數,100.86
2025-02-25,居家生活類指數,131.63
2025-02-25,其他類指數,335.57
2025-02-24,發行量加權股價指數,23565.31
2025-02-24,水泥窯製類指數,603.24
2025-02-24,塑膠化工類指數,651.62
2025-02-24,機電類指數,7224.86
2025-02-24,水泥類指數,159.29
2025-02-24,食品類指數,2192.02
2025-02-24,塑膠類指數,117.96
2025-02-24,紡織纖維類指數,625.64
2025-02-24,電機機械類指數,431.6
2025-02-24,電器電纜類指數,100.77
2025-02-24,化學生技醫療類指數,145.4
2025-02-24,化學類指數,168.57
2025-02-24,生技醫療類指數,82.39
2025-02-24,玻璃陶瓷類指數,46.56
2025-02-24,造紙類指數,288.64
2025-02-24,鋼鐵類指數,138.48
2025-02-24,橡膠類指數,278.65
2025-02-24,汽車類指數,383.37
2025-02-24,電子工業類指數,1295.09
2025-02-24,半導體類指數,665.05
2025-02-24,電腦及週邊設備類指數,277.36
2025-02-24,光電類指數,41.97
2025-02-24,通信網路類指數,169.19
2025-02-24,電子零組件類指數,240.6
2025-02-24,電子通路類指數,244.43
2025-02-24,資訊服務類指數,242.38
2025-02-24,其他電子類指數,170.44
2025-02-24,建材營造類指數,581.8
2025-02-24,航運類指數,204.51
2025-02-24,觀光餐旅類指數,121.73
2025-02-24,金融保險類指數,2162.66
2025-02-24,貿易百貨類指數,285.35
2025-02-24,油電燃氣類指數,58.55
2025-02-24,綠能環保類指數,113.66
2025-02-24,數位雲端類指數,68.01
2025-02-24,運動休閒類指數,101.89
2025-02-24,居家生活類指數,135.0
2025-02-24,其他類指數,337.18
2025-02-21,發行量加權股價指數,23730.25
2025-02-21,水泥窯製類指數,605.86
2025-02-21,塑膠化工類指數,646.78
2025-02-21,機電類指數,7301.5
2025-02-21,水泥類指數,159.71
2025-02-21,食品類指數,2200.99
2025-02-21,塑膠類指數,116.76
2025-02-21,紡織纖維類指數,630.48
2025-02-21,電機機械類指數,429.88
2025-02-21,電器電纜類指數,99.39
2025-02-21,化學生技醫療類指數,144.02
2025-02-21,化學類指數,168.67
2025-02-21,生技醫療類指數,81.17
2025-02-21,玻璃陶瓷類指數,47.34
2025-02-21,造紙類指數,290.47
2025-02-21,鋼鐵類指數,136.85
2025-02-21,橡膠類指數,281.1
2025-02-21,汽車類指數,385.25
2025-02-21,電子工業類指數,1309.45
2025-02-21,半導體類指數,674.4
2025-02-21,電腦及週邊設備類指數,280.84
2025-02-21,光電類指數,41.99
2025-02-21,通信網路類指數,169.77
2025-02-21,電子零組件類指數,241.43
2025-02-21,電子通路類指數,246.37
2025-02-21,資訊服務類指數,244.01
2025-02-21,其他電子類指數,170.4
2025-02-21,建材營造類指數,575.46
2025-02-21,航運類指數,199.86
2025-02-21,觀光餐旅類指數,121.5
2025-02-21,金融保險類指數,2173.83
2025-02-21,貿易百貨類指數,285.72
2025-02-21,油電燃氣類指數,57.62
2025-02-21,綠能環保類指數,113.77
2025-02-21,數位雲端類指數,66.24
2025-02-21,運動休閒類指數,101.12
2025-02-21,居家生活類指數,131.63
2025-02-21,其他類指數,337.31
2025-02-20,發行量加權股價指數,23487.46
2025-02-20,水泥窯製類指數,601.37
2025-02-20,塑膠化工類指數,640.88
2025-02-20,機電類指數,7219.56
2025-02-20,水泥類指數,158.43
2025-02-20,食品類指數,2184.47
2025-02-20,塑膠類指數,115.24
2025-02-20,紡織纖維類指數,618.9
2025-02-20,電機機械類指數,425.97
2025-02-20,電器電纜類指數,100.67
2025-02-20,化學生技醫療類指數,143.08
2025-02-20,化學類指數,168.21
2025-02-20,生技醫療類指數,80.47
2025-02-20,玻璃陶瓷類指數,47.19
2025-02-20,造紙類指數,289.17
2025-02-20,鋼鐵類指數,135.65
2025-02-20,橡膠類指數,278.39
2025-02-20,汽車類指數,381.49
2025-02-20,電子工業類指數,1294.54
2025-02-20,半導體類指數,665.79
2025-02-20,電腦及週邊設備類指數,277.81
2025-02-20,光電類指數,41.94
2025-02-20,通信網路類指數,168.05
2025-02-20,電子零組件類指數,239.14
2025-02-20,電子通路類指數,244.73
2025-02-20,資訊服務類指數,242.94
2025-02-20,其他電子類指數,169.24
2025-02-20,建材營造類指數,567.18
2025-02-20,航運類指數,200.34
2025-02-20,觀光餐旅類指數,120.91
2025-02-20,金融保險類指數,2162.8
2025-02-20,貿易百貨類指數,282.29
2025-02-20,油電燃氣類指數,56.64
2025-02-20,綠能環保類指數,113.82
2025-02-20,數位雲端類指數,66.0
2025-02-20,運動休閒類指數,98.92
2025-02-20,居家生活類指數,127.95
2025-02-20,其他類指數,334.41
2025-02-19,發行量加權股價指數,23604.08
2025-02-19,水泥窯製類指數,591.81
2025-02-19,塑膠化工類指數,646.57
2025-02-19,機電類指數,7266.81
2025-02-19,水泥類指數,155.47
2025-02-19,食品類指數,2174.85
2025-02-19,塑膠類指數,115.63
2025-02-19,紡織纖維類指數,611.47
2025-02-19,電機機械類指數,413.47
2025-02-19,電器電纜類指數,98.16
2025-02-19,化學生技醫療類指數,145.02
2025-02-19,化學類指數,167.36
2025-02-19,生技醫療類指數,82.38
2025-02-19,玻璃陶瓷類指數,47.37
2025-02-19,造紙類指數,289.64
2025-02-19,鋼鐵類指數,135.1
2025-02-19,橡膠類指數,279.41
2025-02-19,汽車類指數,381.96
2025-02-19,電子工業類指數,1304.36
2025-02-19,半導體類指數,672.47
2025-02-19,電腦及週邊設備類指數,278.1
2025-02-19,光電類指數,41.74
2025-02-19,通信網路類指數,168.48
2025-02-19,電子零組件類指數,240.6
2025-02-19,電子通路類指數,245.23
2025-02-19,資訊服務類指數,248.57
2025-02-19,其他電子類指數,169.77
2025-02-19,建材營造類指數,561.27
2025-02-19,航運類指數,201.86
2025-02-19,觀光餐旅類指數,120.46
2025-02-19,金融保險類指數,2164.07
2025-02-19,貿易百貨類指數,283.47
2025-02-19,油電燃氣類指數,56.93
2025-02-19,綠能環保類指數,112.71
2025-02-19,數位雲端類指數,66.12
2025-02-19,運動休閒類指數,99.69
2025-02-19,居家生活類指數,129.13
2025-02-19,其他類指數,334.08
2025-02-18,發行量加權股價指數,23666.11
2025-02-18,水泥窯製類指數,595.8
2025-02-18,塑膠化工類指數,641.78
2025-02-18,機電類指數,7292.08
2025-02-18,水泥類指數,156.87
2025-02-18,食品類指數,2162.45
2025-02-18,塑膠類指數,113.77
2025-02-18,紡織纖維類指數,614.1
2025-02-18,電機機械類指數,411.32
2025-02-18,電器電纜類指數,96.71
2025-02-18,化學生技醫療類指數,144.47
2025-02-18,化學類指數,166.4
2025-02-18,生技醫療類指數,82.14
2025-02-18,玻璃陶瓷類指數,46.95
2025-02-18,造紙類指數,287.42
2025-02-18,鋼鐵類指數,134.18
2025-02-18,橡膠類指數,279.58
2025-02-18,汽車類指數,383.26
2025-02-18,電子工業類指數,1309.28
2025-02-18,半導體類指數,676.3
2025-02-18,電腦及週邊設備類指數,278.09
2025-02-18,光電類指數,41.15
2025-02-18,通信網路類指數,170.37
2025-02-18,電子零組件類指數,239.96
2025-02-18,電子通路類指數,243.13
2025-02-18,資訊服務類指數,246.79
2025-02-18,其他電子類指數,169.99
2025-02-18,建材營造類指數,561.86
2025-02-18,航運類指數,202.24
2025-02-18,觀光餐旅類指數,120.19
2025-02-18,金融保險類指數,2176.32
2025-02-18,貿易百貨類指數,282.4
2025-02-18,油電燃氣類指數,56.62
2025-02-18,綠能環保類指數,112.0
2025-02-18,數位雲端類指數,65.92
2025-02-18,運動休閒類指數,97.65
2025-02-18,居家生活類指數,130.41
2025-02-18,其他類指數,333.41
2025-02-17,發行量加權股價指數,23505.33
2025-02-17,水泥窯製類指數,598.19
2025-02-17,塑膠化工類指數,653.82
2025-02-17,機電類指數,7222.03
2025-02-17,水泥類指數,157.28
2025-02-17,食品類指數,2160.67
2025-02-17,塑膠類指數,115.96
2025-02-17,紡織纖維類指數,608.56
2025-02-17,電機機械類指數,410.74
2025-02-17,電器電纜類指數,97.5
2025-02-17,化學生技醫療類指數,147.58
2025-02-17,化學類指數,166.06
2025-02-17,生技醫療類指數,84.94
2025-02-17,玻璃陶瓷類指數,47.59
2025-02-17,造紙類指數,290.1
2025-02-17,鋼鐵類指數,135.53
2025-02-17,橡膠類指數,281.09
2025-02-17,汽車類指數,382.92
2025-02-17,電子工業類指數,1296.34
2025-02-17,半導體類指數,668.74
2025-02-17,電腦及週邊設備類指數,273.29
2025-02-17,光電類指數,41.24
2025-02-17,通信網路類指數,169.66
2025-02-17,電子零組件類指數,239.39
2025-02-17,電子通路類指數,242.67
2025-02-17,資訊服務類指數,247.08
2025-02-17,其他電子類指數,168.95
2025-02-17,建材營造類指數,559.45
2025-02-17,航運類指數,201.57
2025-02-17,觀光餐旅類指數,120.04
2025-02-17,金融保險類指數,2169.96
2025-02-17,貿易百貨類指數,281.48
2025-02-17,油電燃氣類指數,57.62
2025-02-17,綠能環保類指數,112.32
2025-02-17,數位雲端類指數,65.66
2025-02-17,運動休閒類指數,96.67
2025-02-17,居家生活類指數,129.12
2025-02-17,其他類指數,333.24
2025-02-14,發行量加權股價指數,23152.61
2025-02-14,水泥窯製類指數,593.28
2025-02-14,塑膠化工類指數,650.95
2025-02-14,機電類指數,7090.85
2025-02-14,水泥類指數,155.64
2025-02-14,食品類指數,2146.61
2025-02-14,塑膠類指數,114.44
2025-02-14,紡織纖維類指數,613.24
2025-02-14,電機機械類指數,403.67
2025-02-14,電器電纜類指數,97.53
2025-02-14,化學生技醫療類指數,147.81
2025-02-14,化學類指數,165.65
2025-02-14,生技醫療類指數,85.24
2025-02-14,玻璃陶瓷類指數,47.94
2025-02-14,造紙類指數,286.65
2025-02-14,鋼鐵類指數,136.91
2025-02-14,橡膠類指數,279.22
2025-02-14,汽車類指數,380.8
2025-02-14,電子工業類指數,1272.65
2025-02-14,半導體類指數,654.02
2025-02-14,電腦及週邊設備類指數,271.13
2025-02-14,光電類指數,40.59
2025-02-14,通信網路類指數,168.36
2025-02-14,電子零組件類指數,237.38
2025-02-14,電子通路類指數,241.14
2025-02-14,資訊服務類指數,245.04
2025-02-14,其他電子類指數,165.9
2025-02-14,建材營造類指數,554.02
2025-02-14,航運類指數,197.82
2025-02-14,觀光餐旅類指數,119.69
2025-02-14,金融保險類指數,2153.53
2025-02-14,貿易百貨類指數,282.04
2025-02-14,油電燃氣類指數,56.05
2025-02-14,綠能環保類指數,112.31
2025-02-14,數位雲端類指數,65.8
2025-02-14,運動休閒類指數,96.65
2025-02-14,居家生活類指數,126.59
2025-02-14,其他類指數,332.27
2025-02-13,發行量加權股價指數,23399.41
2025-02-13,水泥窯製類指數,597.68
2025-02-13,塑膠化工類指數,643.43
2025-02-13,機電類指數,7202.7
2025-02-13,水泥類指數,156.75
2025-02-13,食品類指數,2141.37
2025-02-13,塑膠類指數,112.66
2025-02-13,紡織纖維類指數,612.34
2025-02-13,電機機械類指數,402.64
2025-02-13,電器電纜類指數,92.63
2025-02-13,化學生技醫療類指數,146.68
2025-02-13,化學類指數,166.58
2025-02-13,生技醫療類指數,84.02
2025-02-13,玻璃陶瓷類指數,48.4
2025-02-13,造紙類指數,284.93
2025-02-13,鋼鐵類指數,132.53
2025-02-13,橡膠類指數,274.22
2025-02-13,汽車類指數,381.17
2025-02-13,電子工業類指數,1293.69
2025-02-13,半導體類指數,668.41
2025-02-13,電腦及週邊設備類指數,273.14
2025-02-13,光電類指數,40.74
2025-02-13,通信網路類指數,168.75
2025-02-13,電子零組件類指數,238.22
2025-02-13,電子通路類指數,241.4
2025-02-13,資訊服務類指數,249.93
2025-02-13,其他電子類指數,167.33
2025-02-13,建材營造類指數,551.5
2025-02-13,航運類指數,197.94
2025-02-13,觀光餐旅類指數,119.96
2025-02-13,金融保險類指數,2159.16
2025-02-13,貿易百貨類指數,280.7
2025-02-13,油電燃氣類指數,55.09
2025-02-13,綠能環保類指數,111.57
2025-02-13,數位雲端類指數,66.89
2025-02-13,運動休閒類指數,96.38
2025-02-13,居家生活類指數,128.51
2025-02-13,其他類指數,329.5
2025-02-12,發行量加權股價指數,23289.75
2025-02-12,水泥窯製類指數,574.9
2025-02-12,塑膠化工類指數,627.08
2025-02-12,機電類指數,7192.39
2025-02-12,水泥類指數,150.78
2025-02-12,食品類指數,2114.53
2025-02-12,塑膠類指數,107.15
2025-02-12,紡織纖維類指數,602.15
2025-02-12,電機機械類指數,398.18
2025-02-12,電器電纜類指數,89.04
2025-02-12,化學生技醫療類指數,144.69
2025-02-12,化學類指數,163.41
2025-02-12,生技醫療類指數,83.12
2025-02-12,玻璃陶瓷類指數,46.55
2025-02-12,造紙類指數,279.35
2025-02-12,鋼鐵類指數,124.57
2025-02-12,橡膠類指數,269.93
2025-02-12,汽車類指數,378.21
2025-02-12,電子工業類指數,1292.35
2025-02-12,半導體類指數,669.99
2025-02-12,電腦及週邊設備類指數,271.86
2025-02-12,光電類指數,40.14
2025-02-12,通信網路類指數,169.2
2025-02-12,電子零組件類指數,235.13
2025-02-12,電子通路類指數,239.9
2025-02-12,資訊服務類指數,247.32
2025-02-12,其他電子類指數,165.3
2025-02-12,建材營造類指數,544.84
2025-02-12,航運類指數,194.27
2025-02-12,觀光餐旅類指數,119.61
2025-02-12,金融保險類指數,2152.58
2025-02-12,貿易百貨類指數,277.2
2025-02-12,油電燃氣類指數,53.93
2025-02-12,綠能環保類指數,109.62
2025-02-12,數位雲端類指數,66.25
2025-02-12,運動休閒類指數,95.78
2025-02-12,居家生活類指數,129.33
2025-02-12,其他類指數,325.13
2025-02-11,發行量加權股價指數,23384.05
2025-02-11,水泥窯製類指數,571.03
2025-02-11,塑膠化工類指數,616.93
2025-02-11,機電類指數,7242.96
2025-02-11,水泥類指數,149.54
2025-02-11,食品類指數,2103.04
2025-02-11,塑膠類指數,103.99
2025-02-11,紡織纖維類指數,602.0
2025-02-11,電機機械類指數,401.05
2025-02-11,電器電纜類指數,90.25
2025-02-11,化學生技醫療類指數,142.62
2025-02-11,化學類指數,161.85
2025-02-11,生技醫療類指數,81.72
2025-02-11,玻璃陶瓷類指數,46.71
2025-02-11,造紙類指數,280.69
2025-02-11,鋼鐵類指數,125.13
2025-02-11,橡膠類指數,272.53
2025-02-11,汽車類指數,376.86
2025-02-11,電子工業類指數,1301.39
2025-02-11,半導體類指數,676.01
2025-02-11,電腦及週邊設備類指數,271.13
2025-02-11,光電類指數,40.23
2025-02-11,通信網路類指數,170.04
2025-02-11,電子零組件類指數,235.98
2025-02-11,電子通路類指數,240.16
2025-02-11,資訊服務類指數,245.69
2025-02-11,其他電子類指數,166.78
2025-02-11,建材營造類指數,541.74
2025-02-11,航運類指數,193.05
2025-02-11,觀光餐旅類指數,119.17
2025-02-11,金融保險類指數,2147.81
2025-02-11,貿易百貨類指數,276.49
2025-02-11,油電燃氣類指數,52.39
2025-02-11,綠能環保類指數,109.09
2025-02-11,數位雲端類指數,67.4
2025-02-11,運動休閒類指數,97.05
2025-02-11,居家生活類指數,129.69
2025-02-11,其他類指數,326.52
2025-02-10,發行量加權股價指數,23252.14
2025-02-10,水泥窯製類指數,571.13
2025-02-10,塑膠化工類指數,613.64
2025-02-10,機電類指數,7192.09
2025-02-10,水泥類指數,148.67
2025-02-10,食品類指數,2103.28
2025-02-10,塑膠類指數,103.74
2025-02-10,紡織纖維類指數,602.36
2025-02-10,電機機械類指數,395.41
2025-02-10,電器電纜類指數,90.03
2025-02-10,化學生技醫療類指數,141.47
2025-02-10,化學類指數,161.27
2025-02-10,生技醫療類指數,80.88
2025-02-10,玻璃陶瓷類指數,48.63
2025-02-10,造紙類指數,282.74
2025-02-10,鋼鐵類指數,125.54
2025-02-10,橡膠類指數,272.28
2025-02-10,汽車類指數,376.79
2025-02-10,電子工業類指數,1292.44
2025-02-10,半導體類指數,672.32
2025-02-10,電腦及週邊設備類指數,267.74
2025-02-10,光電類指數,40.12
2025-02-10,通信網路類指數,169.4
2025-02-10,電子零組件類指數,235.14
2025-02-10,電子通路類指數,240.92
2025-02-10,資訊服務類指數,244.92
2025-02-10,其他電子類指數,163.03
2025-02-10,建材營造類指數,544.29
2025-02-10,航運類指數,192.43
2025-02-10,觀光餐旅類指數,119.36
2025-02-10,金融保險類指數,2144.24
2025-02-10,貿易百貨類指數,278.8
2025-02-10,油電燃氣類指數,51.65
2025-02-10,綠能環保類指數,108.7
2025-02-10,數位雲端類指數,66.29
2025-02-10,運動休閒類指數,96.62
2025-02-10,居家生活類指數,129.75
2025-02-10,其他類指數,324.12
2025-02-07,發行量加權股價指數,23478.27
2025-02-07,水泥窯製類指數,575.25
2025-02-07,塑膠化工類指數,611.14
2025-02-07,機電類指數,7299.17
2025-02-07,水泥類指數,149.92
2025-02-07,食品類指數,2106.82
2025-02-07,塑膠類指數,103.23
2025-02-07,紡織纖維類指數,606.63
2025-02-07,電機機械類指數,398.37
2025-02-07,電器電纜類指數,87.88
2025-02-07,化學生技醫療類指數,140.77
2025-02-07,化學類指數,160.22
2025-02-07,生技醫療類指數,80.54
2025-02-07,玻璃陶瓷類指數,48.61
2025-02-07,造紙類指數,281.22
2025-02-07,鋼鐵類指數,121.24
2025-02-07,橡膠類指數,272.81
2025-02-07,汽車類指數,379.22
2025-02-07,電子工業類指數,1312.12
2025-02-07,半導體類指數,683.92
2025-02-07,電腦及週邊設備類指數,268.78
2025-02-07,光電類指數,40.69
2025-02-07,通信網路類指數,171.07
2025-02-07,電子零組件類指數,238.43
2025-02-07,電子通路類指數,242.78
2025-02-07,資訊服務類指數,248.24
2025-02-07,其他電子類指數,165.8
2025-02-07,建材營造類指數,537.3
2025-02-07,航運類指數,191.92
2025-02-07,觀光餐旅類指數,119.21
2025-02-07,金融保險類指數,2132.74
2025-02-07,貿易百貨類指數,277.02
2025-02-07,油電燃氣類指數,51.12
2025-02-07,綠能環保類指數,108.09
2025-02-07,數位雲端類指數,65.65
2025-02-07,運動休閒類指數,97.78
2025-02-07,居家生活類指數,129.95
2025-02-07,其他類指數,324.4
2025-02-06,發行量加權股價指數,23316.6
2025-02-06,水泥窯製類指數,578.81
2025-02-06,塑膠化工類指數,614.76
2025-02-06,機電類指數,7219.34
2025-02-06,水泥類指數,150.77
2025-02-06,食品類指數,2115.61
2025-02-06,塑膠類指數,105.87
2025-02-06,紡織纖維類指數,608.27
2025-02-06,電機機械類指數,399.72
2025-02-06,電器電纜類指數,88.36
2025-02-06,化學生技醫療類指數,139.87
2025-02-06,化學類指數,160.92
2025-02-06,生技醫療類指數,79.58
2025-02-06,玻璃陶瓷類指數,49.08
2025-02-06,造紙類指數,283.3
2025-02-06,鋼鐵類指數,122.35
2025-02-06,橡膠類指數,275.65
2025-02-06,汽車類指數,375.15
2025-02-06,電子工業類指數,1297.25
2025-02-06,半導體類指數,677.51
2025-02-06,電腦及週邊設備類指數,263.66
2025-02-06,光電類指數,40.56
2025-02-06,通信網路類指數,170.5
2025-02-06,電子零組件類指數,234.3
2025-02-06,電子通路類指數,243.38
2025-02-06,資訊服務類指數,234.13
2025-02-06,其他電子類指數,161.95
2025-02-06,建材營造類指數,540.51
2025-02-06,航運類指數,193.04
2025-02-06,觀光餐旅類指數,118.52
2025-02-06,金融保險類指數,2142.52
2025-02-06,貿易百貨類指數,277.87
2025-02-06,油電燃氣類指數,51.79
2025-02-06,綠能環保類指數,108.69
2025-02-06,數位雲端類指數,65.11
2025-02-06,運動休閒類指數,98.28
2025-02-06,居家生活類指數,131.76
2025-02-06,其他類指數,324.24
2025-02-05,發行量加權股價指數,23161.58
2025-02-05,水泥窯製類指數,570.57
2025-02-05,塑膠化工類指數,603.05
2025-02-05,機電類指數,7176.93
2025-02-05,水泥類指數,149.71
2025-02-05,食品類指數,2100.62
2025-02-05,塑膠類指數,104.18
2025-02-05,紡織纖維類指數,604.82
2025-02-05,電機機械類指數,390.08
2025-02-05,電器電纜類指數,87.06
2025-02-05,化學生技醫療類指數,137.05
2025-02-05,化學類指數,159.01
2025-02-05,生技醫療類指數,77.63
2025-02-05,玻璃陶瓷類指數,46.06
2025-02-05,造紙類指數,279.52
2025-02-05,鋼鐵類指數,121.15
2025-02-05,橡膠類指數,269.48
2025-02-05,汽車類指數,374.39
2025-02-05,電子工業類指數,1290.23
2025-02-05,半導體類指數,674.88
2025-02-05,電腦及週邊設備類指數,262.47
2025-02-05,光電類指數,40.29
2025-02-05,通信網路類指數,170.09
2025-02-05,電子零組件類指數,230.76
2025-02-05,電子通路類指數,240.93
2025-02-05,資訊服務類指數,234.87
2025-02-05,其他電子類指數,159.98
2025-02-05,建材營造類指數,536.56
2025-02-05,航運類指數,193.46
2025-02-05,觀光餐旅類指數,118.83
2025-02-05,金融保險類指數,2125.99
2025-02-05,貿易百貨類指數,274.94
2025-02-05,油電燃氣類指數,51.72
2025-02-05,綠能環保類指數,108.42
2025-02-05,數位雲端類指數,63.83
2025-02-05,運動休閒類指數,96.4
2025-02-05,居家生活類指數,129.5
2025-02-05,其他類指數,319.95
2025-02-04,發行量加權股價指數,22793.96
2025-02-04,水泥窯製類指數,569.6
2025-02-04,塑膠化工類指數,598.12
2025-02-04,機電類指數,7049.18
2025-02-04,水泥類指數,149.67
2025-02-04,食品類指數,2085.25
2025-02-04,塑膠類指數,104.46
2025-02-04,紡織纖維類指數,599.44
2025-02-04,電機機械類指數,384.63
2025-02-04,電器電纜類指數,86.26
2025-02-04,化學生技醫療類指數,134.68
2025-02-04,化學類指數,157.6
2025-02-04,生技醫療類指數,75.94
2025-02-04,玻璃陶瓷類指數,45.52
2025-02-04,造紙類指數,278.47
2025-02-04,鋼鐵類指數,121.27
2025-02-04,橡膠類指數,270.32
2025-02-04,汽車類指數,367.94
2025-02-04,電子工業類指數,1267.1
2025-02-04,半導體類指數,665.19
2025-02-04,電腦及週邊設備類指數,254.84
2025-02-04,光電類指數,39.5
2025-02-04,通信網路類指數,168.28
2025-02-04,電子零組件類指數,223.99
2025-02-04,電子通路類指數,238.35
2025-02-04,資訊服務類指數,230.5
2025-02-04,其他電子類指數,154.78
2025-02-04,建材營造類指數,532.76
2025-02-04,航運類指數,187.26
2025-02-04,觀光餐旅類指數,117.76
2025-02-04,金融保險類指數,2108.73
2025-02-04,貿易百貨類指數,272.87
2025-02-04,油電燃氣類指數,50.57
2025-02-04,綠能環保類指數,105.54
2025-02-04,數位雲端類指數,63.99
2025-02-04,運動休閒類指數,95.31
2025-02-04,居家生活類指數,128.17
2025-02-04,其他類指數,317.19
2025-02-03,發行量加權股價指數,22694.71
2025-02-03,水泥窯製類指數,576.19
2025-02-03,塑膠化工類指數,604.16
2025-02-03,機電類指數,6982.66
2025-02-03,水泥類指數,151.2
2025-02-03,食品類指數,2090.44
2025-02-03,塑膠類指數,106.74
2025-02-03,紡織纖維類指數,600.83
2025-02-03,電機機械類指數,385.05
2025-02-03,電器電纜類指數,86.8
2025-02-03,化學生技醫療類指數,135.22
2025-02-03,化學類指數,158.39
2025-02-03,生技醫療類指數,76.2
2025-02-03,玻璃陶瓷類指數,46.47
2025-02-03,造紙類指數,279.65
2025-02-03,鋼鐵類指數,122.11
2025-02-03,橡膠類指數,271.9
2025-02-03,汽車類指數,373.7
2025-02-03,電子工業類指數,1254.76
2025-02-03,半導體類指數,652.83
2025-02-03,電腦及週邊設備類指數,258.33
2025-02-03,光電類指數,40.02
2025-02-03,通信網路類指數,167.55
2025-02-03,電子零組件類指數,226.03
2025-02-03,電子通路類指數,242.67
2025-02-03,資訊服務類指數,221.75
2025-02-03,其他電子類指數,156.71
2025-02-03,建材營造類指數,537.33
2025-02-03,航運類指數,191.43
2025-02-03,觀光餐旅類指數,118.69
2025-02-03,金融保險類指數,2122.94
2025-02-03,貿易百貨類指數,274.89
2025-02-03,油電燃氣類指數,51.96
2025-02-03,綠能環保類指數,105.37
2025-02-03,數位雲端類指數,64.16
2025-02-03,運動休閒類指數,95.91
2025-02-03,居家生活類指數,126.9
2025-02-03,其他類指數,321.65
2025-01-22,發行量加權股價指數,23525.41
2025-01-22,水泥窯製類指數,579.22
2025-01-22,塑膠化工類指數,609.76
2025-01-22,機電類指數,7323.33
2025-01-22,水泥類指數,152.08
2025-01-22,食品類指數,2066.65
2025-01-22,塑膠類指數,109.98
2025-01-22,紡織纖維類指數,599.9
2025-01-22,電機機械類指數,394.94
2025-01-22,電器電纜類指數,88.83
2025-01-22,化學生技醫療類指數,135.33
2025-01-22,化學類指數,159.79
2025-01-22,生技醫療類指數,75.93
2025-01-22,玻璃陶瓷類指數,46.54
2025-01-22,造紙類指數,282.56
2025-01-22,鋼鐵類指數,120.89
2025-01-22,橡膠類指數,269.3
2025-01-22,汽車類指數,372.83
2025-01-22,電子工業類指數,1316.78
2025-01-22,半導體類指數,686.74
2025-01-22,電腦及週邊設備類指數,269.07
2025-01-22,光電類指數,40.09
2025-01-22,通信網路類指數,168.85
2025-01-22,電子零組件類指數,240.78
2025-01-22,電子通路類指數,245.34
2025-01-22,資訊服務類指數,216.62
2025-01-22,其他電子類指數,168.53
2025-01-22,建材營造類指數,531.17
2025-01-22,航運類指數,195.17
2025-01-22,觀光餐旅類指數,120.04
2025-01-22,金融保險類指數,2126.33
2025-01-22,貿易百貨類指數,277.41
2025-01-22,油電燃氣類指數,54.74
2025-01-22,綠能環保類指數,106.4
2025-01-22,數位雲端類指數,62.63
2025-01-22,運動休閒類指數,99.48
2025-01-22,居家生活類指數,127.45
2025-01-22,其他類指數,319.55
2025-01-21,發行量加權股價指數,23300.01
2025-01-21,水泥窯製類指數,578.59
2025-01-21,塑膠化工類指數,607.32
2025-01-21,機電類指數,7243.34
2025-01-21,水泥類指數,151.89
2025-01-21,食品類指數,2062.66
2025-01-21,塑膠類指數,108.91
2025-01-21,紡織纖維類指數,596.66
2025-01-21,電機機械類指數,387.72
2025-01-21,電器電纜類指數,87.87
2025-01-21,化學生技醫療類指數,135.3
2025-01-21,化學類指數,159.07
2025-01-21,生技醫療類指數,76.1
2025-01-21,玻璃陶瓷類指數,46.55
2025-01-21,造紙類指數,281.68
2025-01-21,鋼鐵類指數,120.34
2025-01-21,橡膠類指數,268.07
2025-01-21,汽車類指數,370.05
2025-01-21,電子工業類指數,1302.62
2025-01-21,半導體類指數,679.23
2025-01-21,電腦及週邊設備類指數,267.66
2025-01-21,光電類指數,39.98
2025-01-21,通信網路類指數,167.23
2025-01-21,電子零組件類指數,236.03
2025-01-21,電子通路類指數,243.33
2025-01-21,資訊服務類指數,212.51
2025-01-21,其他電子類指數,166.87
2025-01-21,建材營造類指數,528.23
2025-01-21,航運類指數,192.7
2025-01-21,觀光餐旅類指數,119.08
2025-01-21,金融保險類指數,2116.11
2025-01-21,貿易百貨類指數,277.95
2025-01-21,油電燃氣類指數,54.48
2025-01-21,綠能環保類指數,104.91
2025-01-21,數位雲端類指數,62.84
2025-01-21,運動休閒類指數,96.66
2025-01-21,居家生活類指數,130.68
2025-01-21,其他類指數,317.74
2025-01-20,發行量加權股價指數,23266.82
2025-01-20,水泥窯製類指數,579.29
2025-01-20,塑膠化工類指數,608.98
2025-01-20,機電類指數,7240.23
2025-01-20,水泥類指數,152.04
2025-01-20,食品類指數,2053.59
2025-01-20,塑膠類指數,110.61
2025-01-20,紡織纖維類指數,595.82
2025-01-20,電機機械類指數,385.8
2025-01-20,電器電纜類指數,86.92
2025-01-20,化學生技醫療類指數,134.45
2025-01-20,化學類指數,158.7
2025-01-20,生技醫療類指數,75.45
2025-01-20,玻璃陶瓷類指數,46.68
2025-01-20,造紙類指數,281.32
2025-01-20,鋼鐵類指數,118.42
2025-01-20,橡膠類指數,269.81
2025-01-20,汽車類指數,368.86
2025-01-20,電子工業類指數,1302.25
2025-01-20,半導體類指數,678.37
2025-01-20,電腦及週邊設備類指數,269.22
2025-01-20,光電類指數,39.97
2025-01-20,通信網路類指數,166.72
2025-01-20,電子零組件類指數,236.65
2025-01-20,電子通路類指數,243.97
2025-01-20,資訊服務類指數,215.82
2025-01-20,其他電子類指數,166.75
2025-01-20,建材營造類指數,529.69
2025-01-20,航運類指數,192.53
2025-01-20,觀光餐旅類指數,118.16
2025-01-20,金融保險類指數,2095.92
2025-01-20,貿易百貨類指數,277.24
2025-01-20,油電燃氣類指數,55.29
2025-01-20,綠能環保類指數,104.15
2025-01-20,數位雲端類指數,62.98
2025-01-20,運動休閒類指數,97.55
2025-01-20,居家生活類指數,130.72
2025-01-20,其他類指數,315.65
2025-01-17,發行量加權股價指數,23148.08
2025-01-17,水泥窯製類指數,576.69
2025-01-17,塑膠化工類指數,609.95
2025-01-17,機電類指數,7184.15
2025-01-17,水泥類指數,151.79
2025-01-17,食品類指數,2052.65
2025-01-17,塑膠類指數,112.21
2025-01-17,紡織纖維類指數,597.0
2025-01-17,電機機械類指數,380.66
2025-01-17,電器電纜類指數,85.8
2025-01-17,化學生技醫療類指數,133.87
2025-01-17,化學類指數,158.09
2025-01-17,生技醫療類指數,75.1
2025-01-17,玻璃陶瓷類指數,45.56
2025-01-17,造紙類指數,280.46
2025-01-17,鋼鐵類指數,117.83
2025-01-17,橡膠類指數,267.58
2025-01-17,汽車類指數,370.21
2025-01-17,電子工業類指數,1292.35
2025-01-17,半導體類指數,675.6
2025-01-17,電腦及週邊設備類指數,264.08
2025-01-17,光電類指數,39.57
2025-01-17,通信網路類指數,166.79
2025-01-17,電子零組件類指數,233.0
2025-01-17,電子通路類指數,241.58
2025-01-17,資訊服務類指數,213.17
2025-01-17,其他電子類指數,162.99
2025-01-17,建材營造類指數,524.38
2025-01-17,航運類指數,195.33
2025-01-17,觀光餐旅類指數,117.68
2025-01-17,金融保險類指數,2105.23
2025-01-17,貿易百貨類指數,276.81
2025-01-17,油電燃氣類指數,55.98
2025-01-17,綠能環保類指數,104.59
2025-01-17,數位雲端類指數,62.01
2025-01-17,運動休閒類指數,96.87
2025-01-17,居家生活類指數,129.28
2025-01-17,其他類指數,313.92
2025-01-16,發行量加權股價指數,23025.1
2025-01-16,水泥窯製類指數,565.32
2025-01-16,塑膠化工類指數,603.58
2025-01-16,機電類指數,7138.0
2025-01-16,水泥類指數,149.09
2025-01-16,食品類指數,2053.1
2025-01-16,塑膠類指數,107.98
2025-01-16,紡織纖維類指數,594.0
2025-01-16,電機機械類指數,383.57
2025-01-16,電器電纜類指數,85.39
2025-01-16,化學生技醫療類指數,134.74
2025-01-16,化學類指數,157.82
2025-01-16,生技醫療類指數,75.94
2025-01-16,玻璃陶瓷類指數,44.02
2025-01-16,造紙類指數,278.66
2025-01-16,鋼鐵類指數,115.69
2025-01-16,橡膠類指數,265.91
2025-01-16,汽車類指數,371.21
2025-01-16,電子工業類指數,1283.63
2025-01-16,半導體類指數,669.17
2025-01-16,電腦及週邊設備類指數,263.52
2025-01-16,光電類指數,39.83
2025-01-16,通信網路類指數,166.34
2025-01-16,電子零組件類指數,232.84
2025-01-16,電子通路類指數,241.5
2025-01-16,資訊服務類指數,213.57
2025-01-16,其他電子類指數,162.82
2025-01-16,建材營造類指數,522.81
2025-01-16,航運類指數,193.89
2025-01-16,觀光餐旅類指數,113.18
2025-01-16,金融保險類指數,2112.92
2025-01-16,貿易百貨類指數,275.53
2025-01-16,油電燃氣類指數,54.63
2025-01-16,綠能環保類指數,104.18
2025-01-16,數位雲端類指數,61.85
2025-01-16,運動休閒類指數,98.25
2025-01-16,居家生活類指數,127.67
2025-01-16,其他類指數,315.8
2025-01-15,發行量加權股價指數,22514.57
2025-01-15,水泥窯製類指數,560.78
2025-01-15,塑膠化工類指數,599.24
2025-01-15,機電類指數,6941.62
2025-01-15,水泥類指數,147.93
2025-01-15,食品類指數,2031.6
2025-01-15,塑膠類指數,107.48
2025-01-15,紡織纖維類指數,590.34
2025-01-15,電機機械類指數,374.32
2025-01-15,電器電纜類指數,85.03
2025-01-15,化學生技醫療類指數,133.36
2025-01-15,化學類指數,156.46
2025-01-15,生技醫療類指數,75.09
2025-01-15,玻璃陶瓷類指數,43.6
2025-01-15,造紙類指數,276.0
2025-01-15,鋼鐵類指數,114.4
2025-01-15,橡膠類指數,265.64
2025-01-15,汽車類指數,367.38
2025-01-15,電子工業類指數,1248.1
2025-01-15,半導體類指數,646.92
2025-01-15,電腦及週邊設備類指數,259.23
2025-01-15,光電類指數,39.46
2025-01-15,通信網路類指數,165.26
2025-01-15,電子零組件類指數,227.14
2025-01-15,電子通路類指數,239.84
2025-01-15,資訊服務類指數,211.13
2025-01-15,其他電子類指數,160.05
2025-01-15,建材營造類指數,518.64
2025-01-15,航運類指數,194.24
2025-01-15,觀光餐旅類指數,112.91
2025-01-15,金融保險類指數,2096.27
2025-01-15,貿易百貨類指數,274.35
2025-01-15,油電燃氣類指數,54.18
2025-01-15,綠能環保類指數,103.61
2025-01-15,數位雲端類指數,61.38
2025-01-15,運動休閒類指數,96.85
2025-01-15,居家生活類指數,125.33
2025-01-15,其他類指數,311.64
2025-01-14,發行量加權股價指數,22797.52
2025-01-14,水泥窯製類指數,556.04
2025-01-14,塑膠化工類指數,596.62
2025-01-14,機電類指數,7058.43
2025-01-14,水泥類指數,146.65
2025-01-14,食品類指數,2050.28
2025-01-14,塑膠類指數,105.21
2025-01-14,紡織纖維類指數,586.24
2025-01-14,電機機械類指數,381.64
2025-01-14,電器電纜類指數,84.55
2025-01-14,化學生技醫療類指數,133.93
2025-01-14,化學類指數,156.71
2025-01-14,生技醫療類指數,75.52
2025-01-14,玻璃陶瓷類指數,43.29
2025-01-14,造紙類指數,275.29
2025-01-14,鋼鐵類指數,112.76
2025-01-14,橡膠類指數,266.64
2025-01-14,汽車類指數,369.76
2025-01-14,電子工業類指數,1269.14
2025-01-14,半導體類指數,658.61
2025-01-14,電腦及週邊設備類指數,265.77
2025-01-14,光電類指數,39.03
2025-01-14,通信網路類指數,166.1
2025-01-14,電子零組件類指數,230.34
2025-01-14,電子通路類指數,241.74
2025-01-14,資訊服務類指數,213.69
2025-01-14,其他電子類指數,162.89
2025-01-14,建材營造類指數,517.45
2025-01-14,航運類指數,196.83
2025-01-14,觀光餐旅類指數,113.06
2025-01-14,金融保險類指數,2100.71
2025-01-14,貿易百貨類指數,273.85
2025-01-14,油電燃氣類指數,53.96
2025-01-14,綠能環保類指數,104.13
2025-01-14,數位雲端類指數,60.61
2025-01-14,運動休閒類指數,97.11
2025-01-14,居家生活類指數,127.23
2025-01-14,其他類指數,311.34
2025-01-13,發行量加權股價指數,22488.33
2025-01-13,水泥窯製類指數,552.07
2025-01-13,塑膠化工類指數,581.83
2025-01-13,機電類指數,6965.87
2025-01-13,水泥類指數,145.68
2025-01-13,食品類指數,2034.44
2025-01-13,塑膠類指數,99.27
2025-01-13,紡織纖維類指數,579.72
2025-01-13,電機機械類指數,377.2
2025-01-13,電器電纜類指數,83.5
2025-01-13,化學生技醫療類指數,132.72
2025-01-13,化學類指數,154.21
2025-01-13,生技醫療類指數,75.12
2025-01-13,玻璃陶瓷類指數,42.82
2025-01-13,造紙類指數,273.89
2025-01-13,鋼鐵類指數,110.59
2025-01-13,橡膠類指數,264.31
2025-01-13,汽車類指數,362.25
2025-01-13,電子工業類指數,1252.45
2025-01-13,半導體類指數,649.58
2025-01-13,電腦及週邊設備類指數,264.6
2025-01-13,光電類指數,38.68
2025-01-13,通信網路類指數,162.95
2025-01-13,電子零組件類指數,226.48
2025-01-13,電子通路類指數,238.02
2025-01-13,資訊服務類指數,213.15
2025-01-13,其他電子類指數,160.83
2025-01-13,建材營造類指數,512.41
2025-01-13,航運類指數,193.87
2025-01-13,觀光餐旅類指數,112.37
2025-01-13,金融保險類指數,2075.24
2025-01-13,貿易百貨類指數,273.11
2025-01-13,油電燃氣類指數,52.79
2025-01-13,綠能環保類指數,102.35
2025-01-13,數位雲端類指數,59.76
2025-01-13,運動休閒類指數,94.61
2025-01-13,居家生活類指數,122.2
2025-01-13,其他類指數,307.69
2025-01-10,發行量加權股價指數,23011.86
2025-01-10,水泥窯製類指數,549.67
2025-01-10,塑膠化工類指數,584.99
2025-01-10,機電類指數,7168.76
2025-01-10,水泥類指數,145.04
2025-01-10,食品類指數,2047.55
2025-01-10,塑膠類指數,97.78
2025-01-10,紡織纖維類指數,581.77
2025-01-10,電機機械類指數,384.18
2025-01-10,電器電纜類指數,84.72
2025-01-10,化學生技醫療類指數,135.21
2025-01-10,化學類指數,156.62
2025-01-10,生技醫療類指數,76.66
2025-01-10,玻璃陶瓷類指數,42.63
2025-01-10,造紙類指數,273.28
2025-01-10,鋼鐵類指數,112.15
2025-01-10,橡膠類指數,264.44
2025-01-10,汽車類指數,366.68
2025-01-10,電子工業類指數,1289.31
2025-01-10,半導體類指數,667.14
2025-01-10,電腦及週邊設備類指數,272.44
2025-01-10,光電類指數,39.82
2025-01-10,通信網路類指數,165.14
2025-01-10,電子零組件類指數,235.96
2025-01-10,電子通路類指數,242.8
2025-01-10,資訊服務類指數,215.88
2025-01-10,其他電子類指數,169.22
2025-01-10,建材營造類指數,518.15
2025-01-10,航運類指數,198.66
2025-01-10,觀光餐旅類指數,113.73
2025-01-10,金融保險類指數,2089.54
2025-01-10,貿易百貨類指數,272.89
2025-01-10,油電燃氣類指數,50.11
2025-01-10,綠能環保類指數,104.08
2025-01-10,數位雲端類指數,60.01
2025-01-10,運動休閒類指數,95.02
2025-01-10,居家生活類指數,121.28
2025-01-10,其他類指數,311.77
2025-01-09,發行量加權股價指數,23081.13
2025-01-09,水泥窯製類指數,556.22
2025-01-09,塑膠化工類指數,586.04
2025-01-09,機電類指數,7180.35
2025-01-09,水泥類指數,146.83
2025-01-09,食品類指數,2054.36
2025-01-09,塑膠類指數,98.72
2025-01-09,紡織纖維類指數,585.12
2025-01-09,電機機械類指數,386.57
2025-01-09,電器電纜類指數,84.81
2025-01-09,化學生技醫療類指數,134.81
2025-01-09,化學類指數,158.03
2025-01-09,生技醫療類指數,75.94
2025-01-09,玻璃陶瓷類指數,43.02
2025-01-09,造紙類指數,272.74
2025-01-09,鋼鐵類指數,112.58
2025-01-09,橡膠類指數,265.19
2025-01-09,汽車類指數,367.24
2025-01-09,電子工業類指數,1291.26
2025-01-09,半導體類指數,666.88
2025-01-09,電腦及週邊設備類指數,276.28
2025-01-09,光電類指數,39.39
2025-01-09,通信網路類指數,165.74
2025-01-09,電子零組件類指數,236.91
2025-01-09,電子通路類指數,242.97
2025-01-09,資訊服務類指數,218.21
2025-01-09,其他電子類指數,169.76
2025-01-09,建材營造類指數,525.15
2025-01-09,航運類指數,196.8
2025-01-09,觀光餐旅類指數,114.35
2025-01-09,金融保險類指數,2117.41
2025-01-09,貿易百貨類指數,274.54
2025-01-09,油電燃氣類指數,50.94
2025-01-09,綠能環保類指數,104.78
2025-01-09,數位雲端類指數,60.94
2025-01-09,運動休閒類指數,93.92
2025-01-09,居家生活類指數,123.16
2025-01-09,其他類指數,314.52
2025-01-08,發行量加權股價指數,23407.33
2025-01-08,水泥窯製類指數,566.14
2025-01-08,塑膠化工類指數,593.85
2025-01-08,機電類指數,7280.71
2025-01-08,水泥類指數,149.27
2025-01-08,食品類指數,2066.53
2025-01-08,塑膠類指數,101.68
2025-01-08,紡織纖維類指數,590.69
2025-01-08,電機機械類指數,399.94
2025-01-08,電器電纜類指數,86.86
2025-01-08,化學生技醫療類指數,135.75
2025-01-08,化學類指數,159.72
2025-01-08,生技醫療類指數,76.31
2025-01-08,玻璃陶瓷類指數,44.17
2025-01-08,造紙類指數,277.12
2025-01-08,鋼鐵類指數,114.29
2025-01-08,橡膠類指數,265.16
2025-01-08,汽車類指數,374.53
2025-01-08,電子工業類指數,1308.66
2025-01-08,半導體類指數,672.36
2025-01-08,電腦及週邊設備類指數,284.13
2025-01-08,光電類指數,40.47
2025-01-08,通信網路類指數,167.72
2025-01-08,電子零組件類指數,243.18
2025-01-08,電子通路類指數,247.79
2025-01-08,資訊服務類指數,225.22
2025-01-08,其他電子類指數,173.8
2025-01-08,建材營造類指數,533.4
2025-01-08,航運類指數,206.16
2025-01-08,觀光餐旅類指數,116.15
2025-01-08,金融保險類指數,2126.41
2025-01-08,貿易百貨類指數,276.65
2025-01-08,油電燃氣類指數,51.82
2025-01-08,綠能環保類指數,108.6
2025-01-08,數位雲端類指數,62.26
2025-01-08,運動休閒類指數,97.02
2025-01-08,居家生活類指數,125.32
2025-01-08,其他類指數,321.72
2025-01-07,發行量加權股價指數,23651.27
2025-01-07,水泥窯製類指數,569.26
2025-01-07,塑膠化工類指數,597.76
2025-01-07,機電類指數,7380.81
2025-01-07,水泥類指數,150.18
2025-01-07,食品類指數,2076.72
2025-01-07,塑膠類指數,104.11
2025-01-07,紡織纖維類指數,585.78
2025-01-07,電機機械類指數,399.94
2025-01-07,電器電纜類指數,87.73
2025-01-07,化學生技醫療類指數,135.34
2025-01-07,化學類指數,159.94
2025-01-07,生技醫療類指數,75.9
2025-01-07,玻璃陶瓷類指數,44.22
2025-01-07,造紙類指數,277.74
2025-01-07,鋼鐵類指數,114.81
2025-01-07,橡膠類指數,266.12
2025-01-07,汽車類指數,377.12
2025-01-07,電子工業類指數,1327.09
2025-01-07,半導體類指數,685.98
2025-01-07,電腦及週邊設備類指數,283.3
2025-01-07,光電類指數,40.51
2025-01-07,通信網路類指數,167.62
2025-01-07,電子零組件類指數,244.5
2025-01-07,電子通路類指數,247.66
2025-01-07,資訊服務類指數,224.73
2025-01-07,其他電子類指數,174.84
2025-01-07,建材營造類指數,531.66
2025-01-07,航運類指數,206.52
2025-01-07,觀光餐旅類指數,117.2
2025-01-07,金融保險類指數,2126.19
2025-01-07,貿易百貨類指數,278.48
2025-01-07,油電燃氣類指數,52.96
2025-01-07,綠能環保類指數,109.31
2025-01-07,數位雲端類指數,61.63
2025-01-07,運動休閒類指數,95.65
2025-01-07,居家生活類指數,124.55
2025-01-07,其他類指數,320.47
2025-01-06,發行量加權股價指數,23547.71
2025-01-06,水泥窯製類指數,574.72
2025-01-06,塑膠化工類指數,603.97
2025-01-06,機電類指數,7320.81
2025-01-06,水泥類指數,151.17
2025-01-06,食品類指數,2105.66
2025-01-06,塑膠類指數,108.34
2025-01-06,紡織纖維類指數,597.04
2025-01-06,電機機械類指數,402.52
2025-01-06,電器電纜類指數,88.93
2025-01-06,化學生技醫療類指數,134.05
2025-01-06,化學類指數,161.3
2025-01-06,生技醫療類指數,74.42
2025-01-06,玻璃陶瓷類指數,45.61
2025-01-06,造紙類指數,280.4
2025-01-06,鋼鐵類指數,116.31
2025-01-06,橡膠類指數,270.56
2025-01-06,汽車類指數,380.58
2025-01-06,電子工業類指數,1315.74
2025-01-06,半導體類指數,680.58
2025-01-06,電腦及週邊設備類指數,280.79
2025-01-06,光電類指數,40.49
2025-01-06,通信網路類指數,168.8
2025-01-06,電子零組件類指數,241.65
2025-01-06,電子通路類指數,248.0
2025-01-06,資訊服務類指數,221.74
2025-01-06,其他電子類指數,170.34
2025-01-06,建材營造類指數,537.9
2025-01-06,航運類指數,206.49
2025-01-06,觀光餐旅類指數,118.66
2025-01-06,金融保險類指數,2129.09
2025-01-06,貿易百貨類指數,282.15
2025-01-06,油電燃氣類指數,54.34
2025-01-06,綠能環保類指數,109.84
2025-01-06,數位雲端類指數,61.54
2025-01-06,運動休閒類指數,96.38
2025-01-06,居家生活類指數,122.73
2025-01-06,其他類指數,322.73
2025-01-03,發行量加權股價指數,22908.3
2025-01-03,水泥窯製類指數,569.34
2025-01-03,塑膠化工類指數,585.53
2025-01-03,機電類指數,7083.84
2025-01-03,水泥類指數,149.83
2025-01-03,食品類指數,2086.95
2025-01-03,塑膠類指數,103.42
2025-01-03,紡織纖維類指數,589.21
2025-01-03,電機機械類指數,399.74
2025-01-03,電器電纜類指數,88.48
2025-01-03,化學生技醫療類指數,130.55
2025-01-03,化學類指數,159.09
2025-01-03,生技醫療類指數,71.94
2025-01-03,玻璃陶瓷類指數,45.03
2025-01-03,造紙類指數,279.48
2025-01-03,鋼鐵類指數,115.02
2025-01-03,橡膠類指數,267.84
2025-01-03,汽車類指數,375.64
2025-01-03,電子工業類指數,1272.22
2025-01-03,半導體類指數,652.31
2025-01-03,電腦及週邊設備類指數,275.75
2025-01-03,光電類指數,39.58
2025-01-03,通信網路類指數,167.33
2025-01-03,電子零組件類指數,237.94
2025-01-03,電子通路類指數,248.16
2025-01-03,資訊服務類指數,219.39
2025-01-03,其他電子類指數,167.17
2025-01-03,建材營造類指數,536.68
2025-01-03,航運類指數,206.95
2025-01-03,觀光餐旅類指數,117.99
2025-01-03,金融保險類指數,2103.93
2025-01-03,貿易百貨類指數,280.42
2025-01-03,油電燃氣類指數,51.79
2025-01-03,綠能環保類指數,108.91
2025-01-03,數位雲端類指數,60.89
2025-01-03,運動休閒類指數,93.92
2025-01-03,居家生活類指數,120.49
2025-01-03,其他類指數,320.64
2025-01-02,發行量加權股價指數,22832.06
2025-01-02,水泥窯製類指數,571.5
2025-01-02,塑膠化工類指數,586.08
2025-01-02,機電類指數,7050.6
2025-01-02,水泥類指數,150.33
2025-01-02,食品類指數,2089.52
2025-01-02,塑膠類指數,104.46
2025-01-02,紡織纖維類指數,593.1
2025-01-02,電機機械類指數,402.03
2025-01-02,電器電纜類指數,89.72
2025-01-02,化學生技醫療類指數,129.99
2025-01-02,化學類指數,159.13
2025-01-02,生技醫療類指數,71.44
2025-01-02,玻璃陶瓷類指數,45.33
2025-01-02,造紙類指數,280.55
2025-01-02,鋼鐵類指數,116.37
2025-01-02,橡膠類指數,267.62
2025-01-02,汽車類指數,375.26
2025-01-02,電子工業類指數,1265.84
2025-01-02,半導體類指數,647.53
2025-01-02,電腦及週邊設備類指數,271.12
2025-01-02,光電類指數,40.14
2025-01-02,通信網路類指數,167.6
2025-01-02,電子零組件類指數,239.02
2025-01-02,電子通路類指數,247.69
2025-01-02,資訊服務類指數,222.1
2025-01-02,其他電子類指數,168.68
2025-01-02,建材營造類指數,544.91
2025-01-02,航運類指數,205.67
2025-01-02,觀光餐旅類指數,118.64
2025-01-02,金融保險類指數,2098.64
2025-01-02,貿易百貨類指數,281.12
2025-01-02,油電燃氣類指數,51.29
2025-01-02,綠能環保類指數,108.67
2025-01-02,數位雲端類指數,60.8
2025-01-02,運動休閒類指數,94.75
2025-01-02,居家生活類指數,116.41
2025-01-02,其他類指數,323.82
2024-12-31,發行量加權股價指數,23035.1
2024-12-31,水泥窯製類指數,574.29
2024-12-31,塑膠化工類指數,592.42
2024-12-31,機電類指數,7139.34
2024-12-31,水泥類指數,150.91
2024-12-31,食品類指數,2103.15
2024-12-31,塑膠類指數,105.36
2024-12-31,紡織纖維類指數,590.71
2024-12-31,電機機械類指數,407.99
2024-12-31,電器電纜類指數,89.35
2024-12-31,化學生技醫療類指數,131.73
2024-12-31,化學類指數,160.86
2024-12-31,生技醫療類指數,72.5
2024-12-31,玻璃陶瓷類指數,45.89
2024-12-31,造紙類指數,282.63
2024-12-31,鋼鐵類指數,117.86
2024-12-31,橡膠類指數,269.27
2024-12-31,汽車類指數,375.85
2024-12-31,電子工業類指數,1281.79
2024-12-31,半導體類指數,655.87
2024-12-31,電腦及週邊設備類指數,275.34
2024-12-31,光電類指數,40.76
2024-12-31,通信網路類指數,169.52
2024-12-31,電子零組件類指數,242.43
2024-12-31,電子通路類指數,242.29
2024-12-31,資訊服務類指數,223.77
2024-12-31,其他電子類指數,170.38
2024-12-31,建材營造類指數,541.98
2024-12-31,航運類指數,202.03
2024-12-31,觀光餐旅類指數,118.02
2024-12-31,金融保險類指數,2098.73
2024-12-31,貿易百貨類指數,281.93
2024-12-31,油電燃氣類指數,52.22
2024-12-31,綠能環保類指數,109.31
2024-12-31,數位雲端類指數,60.48
2024-12-31,運動休閒類指數,93.81
2024-12-31,居家生活類指數,114.16
2024-12-31,其他類指數,316.66
2024-12-30,發行量加權股價指數,23190.2
2024-12-30,水泥窯製類指數,576.45
2024-12-30,塑膠化工類指數,591.71
2024-12-30,機電類指數,7186.96
2024-12-30,水泥類指數,151.26
2024-12-30,食品類指數,2121.2
2024-12-30,塑膠類指數,105.95
2024-12-30,紡織纖維類指數,589.72
2024-12-30,電機機械類指數,403.68
2024-12-30,電器電纜類指數,90.24
2024-12-30,化學生技醫療類指數,130.6
2024-12-30,化學類指數,160.09
2024-12-30,生技醫療類指數,71.73
2024-12-30,玻璃陶瓷類指數,46.52
2024-12-30,造紙類指數,283.49
2024-12-30,鋼鐵類指數,118.81
2024-12-30,橡膠類指數,272.22
2024-12-30,汽車類指數,374.93
2024-12-30,電子工業類指數,1290.86
2024-12-30,半導體類指數,662.94
2024-12-30,電腦及週邊設備類指數,274.82
2024-12-30,光電類指數,40.58
2024-12-30,通信網路類指數,169.28
2024-12-30,電子零組件類指數,242.77
2024-12-30,電子通路類指數,243.11
2024-12-30,資訊服務類指數,222.54
2024-12-30,其他電子類指數,170.68
2024-12-30,建材營造類指數,553.5
2024-12-30,航運類指數,203.09
2024-12-30,觀光餐旅類指數,118.15
2024-12-30,金融保險類指數,2119.21
2024-12-30,貿易百貨類指數,283.25
2024-12-30,油電燃氣類指數,52.38
2024-12-30,綠能環保類指數,108.64
2024-12-30,數位雲端類指數,61.47
2024-12-30,運動休閒類指數,94.84
2024-12-30,居家生活類指數,114.69
2024-12-30,其他類指數,319.26
2024-12-27,發行量加權股價指數,23275.68
2024-12-27,水泥窯製類指數,579.41
2024-12-27,塑膠化工類指數,600.27
2024-12-27,機電類指數,7216.55
2024-12-27,水泥類指數,152.08
2024-12-27,食品類指數,2137.66
2024-12-27,塑膠類指數,109.46
2024-12-27,紡織纖維類指數,592.31
2024-12-27,電機機械類指數,403.31
2024-12-27,電器電纜類指數,90.93
2024-12-27,化學生技醫療類指數,131.64
2024-12-27,化學類指數,161.44
2024-12-27,生技醫療類指數,72.27
2024-12-27,玻璃陶瓷類指數,46.66
2024-12-27,造紙類指數,285.19
2024-12-27,鋼鐵類指數,119.42
2024-12-27,橡膠類指數,270.37
2024-12-27,汽車類指數,374.14
2024-12-27,電子工業類指數,1296.3
2024-12-27,半導體類指數,664.76
2024-12-27,電腦及週邊設備類指數,278.02
2024-12-27,光電類指數,40.74
2024-12-27,通信網路類指數,170.72
2024-12-27,電子零組件類指數,243.35
2024-12-27,電子通路類指數,246.43
2024-12-27,資訊服務類指數,224.99
2024-12-27,其他電子類指數,171.66
2024-12-27,建材營造類指數,540.65
2024-12-27,航運類指數,203.11
2024-12-27,觀光餐旅類指數,118.63
2024-12-27,金融保險類指數,2123.72
2024-12-27,貿易百貨類指數,284.53
2024-12-27,油電燃氣類指數,52.81
2024-12-27,綠能環保類指數,109.11
2024-12-27,數位雲端類指數,62.32
2024-12-27,運動休閒類指數,95.28
2024-12-27,居家生活類指數,116.06
2024-12-27,其他類指數,317.71
2024-12-26,發行量加權股價指數,23246.94
2024-12-26,水泥窯製類指數,583.18
2024-12-26,塑膠化工類指數,602.34
2024-12-26,機電類指數,7197.42
2024-12-26,水泥類指數,153.01
2024-12-26,食品類指數,2134.76
2024-12-26,塑膠類指數,109.25
2024-12-26,紡織纖維類指數,590.37
2024-12-26,電機機械類指數,407.43
2024-12-26,電器電纜類指數,91.69
2024-12-26,化學生技醫療類指數,132.38
2024-12-26,化學類指數,162.4
2024-12-26,生技醫療類指數,72.66
2024-12-26,玻璃陶瓷類指數,47.09
2024-12-26,造紙類指數,286.42
2024-12-26,鋼鐵類指數,120.74
2024-12-26,橡膠類指數,272.76
2024-12-26,汽車類指數,376.15
2024-12-26,電子工業類指數,1292.41
2024-12-26,半導體類指數,661.84
2024-12-26,電腦及週邊設備類指數,278.01
2024-12-26,光電類指數,41.07
2024-12-26,通信網路類指數,170.08
2024-12-26,電子零組件類指數,242.12
2024-12-26,電子通路類指數,249.16
2024-12-26,資訊服務類指數,222.92
2024-12-26,其他電子類指數,172.16
2024-12-26,建材營造類指數,546.64
2024-12-26,航運類指數,205.54
2024-12-26,觀光餐旅類指數,118.97
2024-12-26,金融保險類指數,2120.76
2024-12-26,貿易百貨類指數,286.78
2024-12-26,油電燃氣類指數,52.88
2024-12-26,綠能環保類指數,110.02
2024-12-26,數位雲端類指數,62.55
2024-12-26,運動休閒類指數,94.88
2024-12-26,居家生活類指數,116.55
2024-12-26,其他類指數,318.58
2024-12-25,發行量加權股價指數,23220.13
2024-12-25,水泥窯製類指數,583.72
2024-12-25,塑膠化工類指數,601.59
2024-12-25,機電類指數,7184.43
2024-12-25,水泥類指數,152.94
2024-12-25,食品類指數,2157.34
2024-12-25,塑膠類指數,109.87
2024-12-25,紡織纖維類指數,589.54
2024-12-25,電機機械類指數,406.17
2024-12-25,電器電纜類指數,90.68
2024-12-25,化學生技醫療類指數,131.13
2024-12-25,化學類指數,161.92
2024-12-25,生技醫療類指數,71.7
2024-12-25,玻璃陶瓷類指數,47.59
2024-12-25,造紙類指數,285.79
2024-12-25,鋼鐵類指數,120.69
2024-12-25,橡膠類指數,276.37
2024-12-25,汽車類指數,376.24
2024-12-25,電子工業類指數,1290.17
2024-12-25,半導體類指數,661.44
2024-12-25,電腦及週邊設備類指數,278.47
2024-12-25,光電類指數,40.51
2024-12-25,通信網路類指數,170.18
2024-12-25,電子零組件類指數,239.3
2024-12-25,電子通路類指數,247.78
2024-12-25,資訊服務類指數,223.59
2024-12-25,其他電子類指數,171.71
2024-12-25,建材營造類指數,545.5
2024-12-25,航運類指數,205.87
2024-12-25,觀光餐旅類指數,118.65
2024-12-25,金融保險類指數,2119.91
2024-12-25,貿易百貨類指數,288.07
2024-12-25,油電燃氣類指數,53.19
2024-12-25,綠能環保類指數,109.8
2024-12-25,數位雲端類指數,63.01
2024-12-25,運動休閒類指數,95.88
2024-12-25,居家生活類指數,117.83
2024-12-25,其他類指數,316.95
2024-12-24,發行量加權股價指數,23120.24
2024-12-24,水泥窯製類指數,582.71
2024-12-24,塑膠化工類指數,603.21
2024-12-24,機電類指數,7139.4
2024-12-24,水泥類指數,152.63
2024-12-24,食品類指數,2154.59
2024-12-24,塑膠類指數,110.67
2024-12-24,紡織纖維類指數,591.45
2024-12-24,電機機械類指數,401.29
2024-12-24,電器電纜類指數,90.21
2024-12-24,化學生技醫療類指數,131.22
2024-12-24,化學類指數,161.8
2024-12-24,生技醫療類指數,71.82
2024-12-24,玻璃陶瓷類指數,47.61
2024-12-24,造紙類指數,285.7
2024-12-24,鋼鐵類指數,120.94
2024-12-24,橡膠類指數,275.99
2024-12-24,汽車類指數,372.99
2024-12-24,電子工業類指數,1282.26
2024-12-24,半導體類指數,658.11
2024-12-24,電腦及週邊設備類指數,276.37
2024-12-24,光電類指數,39.91
2024-12-24,通信網路類指數,168.65
2024-12-24,電子零組件類指數,237.45
2024-12-24,電子通路類指數,245.86
2024-12-24,資訊服務類指數,218.34
2024-12-24,其他電子類指數,170.54
2024-12-24,建材營造類指數,541.77
2024-12-24,航運類指數,206.18
2024-12-24,觀光餐旅類指數,118.68
2024-12-24,金融保險類指數,2127.4
2024-12-24,貿易百貨類指數,286.86
2024-12-24,油電燃氣類指數,53.18
2024-12-24,綠能環保類指數,109.89
2024-12-24,數位雲端類指數,63.39
2024-12-24,運動休閒類指數,95.72
2024-12-24,居家生活類指數,117.4
2024-12-24,其他類指數,316.83
2024-12-23,發行量加權股價指數,23104.54
2024-12-23,水泥窯製類指數,584.32
2024-12-23,塑膠化工類指數,599.56
2024-12-23,機電類指數,7141.82
2024-12-23,水泥類指數,153.0
2024-12-23,食品類指數,2144.01
2024-12-23,塑膠類指數,110.14
2024-12-23,紡織纖維類指數,591.31
2024-12-23,電機機械類指數,394.98
2024-12-23,電器電纜類指數,90.29
2024-12-23,化學生技醫療類指數,130.46
2024-12-23,化學類指數,161.83
2024-12-23,生技醫療類指數,71.14
2024-12-23,玻璃陶瓷類指數,47.84
2024-12-23,造紙類指數,284.72
2024-12-23,鋼鐵類指數,121.22
2024-12-23,橡膠類指數,273.14
2024-12-23,汽車類指數,372.01
2024-12-23,電子工業類指數,1283.17
2024-12-23,半導體類指數,657.72
2024-12-23,電腦及週邊設備類指數,277.34
2024-12-23,光電類指數,40.05
2024-12-23,通信網路類指數,170.13
2024-12-23,電子零組件類指數,238.57
2024-12-23,電子通路類指數,241.99
2024-12-23,資訊服務類指數,218.62
2024-12-23,其他電子類指數,170.68
2024-12-23,建材營造類指數,540.05
2024-12-23,航運類指數,204.42
2024-12-23,觀光餐旅類指數,119.33
2024-12-23,金融保險類指數,2120.39
2024-12-23,貿易百貨類指數,285.63
2024-12-23,油電燃氣類指數,53.06
2024-12-23,綠能環保類指數,110.16
2024-12-23,數位雲端類指數,63.04
2024-12-23,運動休閒類指數,95.89
2024-12-23,居家生活類指數,117.29
2024-12-23,其他類指數,315.59
2024-12-20,發行量加權股價指數,22510.25
2024-12-20,水泥窯製類指數,582.02
2024-12-20,塑膠化工類指數,590.99
2024-12-20,機電類指數,6925.96
2024-12-20,水泥類指數,152.25
2024-12-20,食品類指數,2108.21
2024-12-20,塑膠類指數,108.91
2024-12-20,紡織纖維類指數,588.38
2024-12-20,電機機械類指數,385.94
2024-12-20,電器電纜類指數,89.37
2024-12-20,化學生技醫療類指數,128.25
2024-12-20,化學類指數,159.74
2024-12-20,生技醫療類指數,69.76
2024-12-20,玻璃陶瓷類指數,47.97
2024-12-20,造紙類指數,277.97
2024-12-20,鋼鐵類指數,120.31
2024-12-20,橡膠類指數,269.86
2024-12-20,汽車類指數,365.72
2024-12-20,電子工業類指數,1244.06
2024-12-20,半導體類指數,633.7
2024-12-20,電腦及週邊設備類指數,271.56
2024-12-20,光電類指數,39.13
2024-12-20,通信網路類指數,167.72
2024-12-20,電子零組件類指數,234.35
2024-12-20,電子通路類指數,240.01
2024-12-20,資訊服務類指數,219.07
2024-12-20,其他電子類指數,167.3
2024-12-20,建材營造類指數,531.66
2024-12-20,航運類指數,203.73
2024-12-20,觀光餐旅類指數,118.15
2024-12-20,金融保險類指數,2083.53
2024-12-20,貿易百貨類指數,281.91
2024-12-20,油電燃氣類指數,52.26
2024-12-20,綠能環保類指數,109.39
2024-12-20,數位雲端類指數,61.76
2024-12-20,運動休閒類指數,94.93
2024-12-20,居家生活類指數,115.49
2024-12-20,其他類指數,312.21
2024-12-19,發行量加權股價指數,22932.25
2024-12-19,水泥窯製類指數,587.03
2024-12-19,塑膠化工類指數,602.16
2024-12-19,機電類指數,7075.19
2024-12-19,水泥類指數,153.36
2024-12-19,食品類指數,2154.82
2024-12-19,塑膠類指數,113.85
2024-12-19,紡織纖維類指數,596.4
2024-12-19,電機機械類指數,390.16
2024-12-19,電器電纜類指數,90.61
2024-12-19,化學生技醫療類指數,128.66
2024-12-19,化學類指數,161.95
2024-12-19,生技醫療類指數,69.54
2024-12-19,玻璃陶瓷類指數,48.81
2024-12-19,造紙類指數,282.03
2024-12-19,鋼鐵類指數,121.06
2024-12-19,橡膠類指數,272.76
2024-12-19,汽車類指數,367.08
2024-12-19,電子工業類指數,1271.21
2024-12-19,半導體類指數,653.06
2024-12-19,電腦及週邊設備類指數,272.61
2024-12-19,光電類指數,39.57
2024-12-19,通信網路類指數,167.8
2024-12-19,電子零組件類指數,236.5
2024-12-19,電子通路類指數,241.05
2024-12-19,資訊服務類指數,217.92
2024-12-19,其他電子類指數,167.67
2024-12-19,建材營造類指數,538.45
2024-12-19,航運類指數,203.04
2024-12-19,觀光餐旅類指數,119.46
2024-12-19,金融保險類指數,2103.88
2024-12-19,貿易百貨類指數,284.3
2024-12-19,油電燃氣類指數,54.75
2024-12-19,綠能環保類指數,110.27
2024-12-19,數位雲端類指數,62.11
2024-12-19,運動休閒類指數,97.19
2024-12-19,居家生活類指數,118.14
2024-12-19,其他類指數,315.79
2024-12-18,發行量加權股價指數,23168.67
2024-12-18,水泥窯製類指數,592.91
2024-12-18,塑膠化工類指數,606.43
2024-12-18,機電類指數,7148.75
2024-12-18,水泥類指數,155.18
2024-12-18,食品類指數,2191.51
2024-12-18,塑膠類指數,114.55
2024-12-18,紡織纖維類指數,602.3
2024-12-18,電機機械類指數,396.02
2024-12-18,電器電纜類指數,90.46
2024-12-18,化學生技醫療類指數,129.69
2024-12-18,化學類指數,163.02
2024-12-18,生技醫療類指數,70.16
2024-12-18,玻璃陶瓷類指數,48.69
2024-12-18,造紙類指數,285.6
2024-12-18,鋼鐵類指數,122.28
2024-12-18,橡膠類指數,274.47
2024-12-18,汽車類指數,372.04
2024-12-18,電子工業類指數,1284.36
2024-12-18,半導體類指數,661.17
2024-12-18,電腦及週邊設備類指數,272.75
2024-12-18,光電類指數,39.88
2024-12-18,通信網路類指數,167.34
2024-12-18,電子零組件類指數,239.24
2024-12-18,電子通路類指數,243.14
2024-12-18,資訊服務類指數,219.43
2024-12-18,其他電子類指數,169.84
2024-12-18,建材營造類指數,541.07
2024-12-18,航運類指數,204.67
2024-12-18,觀光餐旅類指數,120.65
2024-12-18,金融保險類指數,2126.07
2024-12-18,貿易百貨類指數,286.59
2024-12-18,油電燃氣類指數,54.62
2024-12-18,綠能環保類指數,112.47
2024-12-18,數位雲端類指數,62.31
2024-12-18,運動休閒類指數,99.4
2024-12-18,居家生活類指數,119.89
2024-12-18,其他類指數,318.57
2024-12-17,發行量加權股價指數,23018.01
2024-12-17,水泥窯製類指數,592.15
2024-12-17,塑膠化工類指數,600.2
2024-12-17,機電類指數,7087.61
2024-12-17,水泥類指數,154.83
2024-12-17,食品類指數,2186.65
2024-12-17,塑膠類指數,112.21
2024-12-17,紡織纖維類指數,598.95
2024-12-17,電機機械類指數,386.2
2024-12-17,電器電纜類指數,89.73
2024-12-17,化學生技醫療類指數,129.18
2024-12-17,化學類指數,164.03
2024-12-17,生技醫療類指數,69.45
2024-12-17,玻璃陶瓷類指數,48.96
2024-12-17,造紙類指數,284.91
2024-12-17,鋼鐵類指數,121.45
2024-12-17,橡膠類指數,272.44
2024-12-17,汽車類指數,369.26
2024-12-17,電子工業類指數,1273.86
2024-12-17,半導體類指數,655.25
2024-12-17,電腦及週邊設備類指數,271.76
2024-12-17,光電類指數,39.26
2024-12-17,通信網路類指數,166.96
2024-12-17,電子零組件類指數,236.17
2024-12-17,電子通路類指數,242.57
2024-12-17,資訊服務類指數,217.64
2024-12-17,其他電子類指數,169.13
2024-12-17,建材營造類指數,546.3
2024-12-17,航運類指數,204.99
2024-12-17,觀光餐旅類指數,119.75
2024-12-17,金融保險類指數,2134.22
2024-12-17,貿易百貨類指數,284.66
2024-12-17,油電燃氣類指數,54.26
2024-12-17,綠能環保類指數,110.23
2024-12-17,數位雲端類指數,62.17
2024-12-17,運動休閒類指數,98.62
2024-12-17,居家生活類指數,119.09
2024-12-17,其他類指數,317.66
2024-12-16,發行量加權股價指數,23039.9
2024-12-16,水泥窯製類指數,590.52
2024-12-16,塑膠化工類指數,600.4
2024-12-16,機電類指數,7084.97
2024-12-16,水泥類指數,154.45
2024-12-16,食品類指數,2228.29
2024-12-16,塑膠類指數,113.04
2024-12-16,紡織纖維類指數,605.26
2024-12-16,電機機械類指數,377.46
2024-12-16,電器電纜類指數,89.94
2024-12-16,化學生技醫療類指數,128.35
2024-12-16,化學類指數,163.21
2024-12-16,生技醫療類指數,68.93
2024-12-16,玻璃陶瓷類指數,48.71
2024-12-16,造紙類指數,285.54
2024-12-16,鋼鐵類指數,122.11
2024-12-16,橡膠類指數,274.52
2024-12-16,汽車類指數,369.36
2024-12-16,電子工業類指數,1274.02
2024-12-16,半導體類指數,656.91
2024-12-16,電腦及週邊設備類指數,269.63
2024-12-16,光電類指數,39.09
2024-12-16,通信網路類指數,166.34
2024-12-16,電子零組件類指數,235.8
2024-12-16,電子通路類指數,242.52
2024-12-16,資訊服務類指數,221.73
2024-12-16,其他電子類指數,168.02
2024-12-16,建材營造類指數,551.28
2024-12-16,航運類指數,202.13
2024-12-16,觀光餐旅類指數,118.1
2024-12-16,金融保險類指數,2150.49
2024-12-16,貿易百貨類指數,288.16
2024-12-16,油電燃氣類指數,55.05
2024-12-16,綠能環保類指數,109.76
2024-12-16,數位雲端類指數,62.36
2024-12-16,運動休閒類指數,99.37
2024-12-16,居家生活類指數,118.5
2024-12-16,其他類指數,320.04
2024-12-13,發行量加權股價指數,23020.48
2024-12-13,水泥窯製類指數,601.85
2024-12-13,塑膠化工類指數,611.15
2024-12-13,機電類指數,7064.52
2024-12-13,水泥類指數,157.01
2024-12-13,食品類指數,2213.2
2024-12-13,塑膠類指數,115.1
2024-12-13,紡織纖維類指數,607.26
2024-12-13,電機機械類指數,381.44
2024-12-13,電器電纜類指數,91.21
2024-12-13,化學生技醫療類指數,131.04
2024-12-13,化學類指數,165.13
2024-12-13,生技醫療類指數,70.77
2024-12-13,玻璃陶瓷類指數,50.5
2024-12-13,造紙類指數,291.07
2024-12-13,鋼鐵類指數,123.13
2024-12-13,橡膠類指數,276.07
2024-12-13,汽車類指數,370.83
2024-12-13,電子工業類指數,1269.86
2024-12-13,半導體類指數,648.55
2024-12-13,電腦及週邊設備類指數,276.7
2024-12-13,光電類指數,39.7
2024-12-13,通信網路類指數,166.89
2024-12-13,電子零組件類指數,237.31
2024-12-13,電子通路類指數,247.07
2024-12-13,資訊服務類指數,229.13
2024-12-13,其他電子類指數,171.58
2024-12-13,建材營造類指數,548.33
2024-12-13,航運類指數,205.3
2024-12-13,觀光餐旅類指數,118.3
2024-12-13,金融保險類指數,2146.21
2024-12-13,貿易百貨類指數,290.22
2024-12-13,油電燃氣類指數,55.62
2024-12-13,綠能環保類指數,110.64
2024-12-13,數位雲端類指數,62.18
2024-12-13,運動休閒類指數,99.37
2024-12-13,居家生活類指數,119.0
2024-12-13,其他類指數,324.62
2024-12-12,發行量加權股價指數,23046.8
2024-12-12,水泥窯製類指數,607.98
2024-12-12,塑膠化工類指數,622.67
2024-12-12,機電類指數,7056.9
2024-12-12,水泥類指數,158.38
2024-12-12,食品類指數,2218.24
2024-12-12,塑膠類指數,118.05
2024-12-12,紡織纖維類指數,607.85
2024-12-12,電機機械類指數,385.27
2024-12-12,電器電纜類指數,93.72
2024-12-12,化學生技醫療類指數,132.94
2024-12-12,化學類指數,167.01
2024-12-12,生技醫療類指數,71.93
2024-12-12,玻璃陶瓷類指數,51.5
2024-12-12,造紙類指數,295.61
2024-12-12,鋼鐵類指數,124.55
2024-12-12,橡膠類指數,280.87
2024-12-12,汽車類指數,373.07
2024-12-12,電子工業類指數,1268.01
2024-12-12,半導體類指數,645.37
2024-12-12,電腦及週邊設備類指數,278.94
2024-12-12,光電類指數,40.08
2024-12-12,通信網路類指數,166.02
2024-12-12,電子零組件類指數,237.58
2024-12-12,電子通路類指數,249.05
2024-12-12,資訊服務類指數,232.99
2024-12-12,其他電子類指數,173.49
2024-12-12,建材營造類指數,557.65
2024-12-12,航運類指數,205.02
2024-12-12,觀光餐旅類指數,119.26
2024-12-12,金融保險類指數,2153.43
2024-12-12,貿易百貨類指數,291.03
2024-12-12,油電燃氣類指數,56.54
2024-12-12,綠能環保類指數,112.32
2024-12-12,數位雲端類指數,63.47
2024-12-12,運動休閒類指數,99.98
2024-12-12,居家生活類指數,117.57
2024-12-12,其他類指數,329.47
2024-12-11,發行量加權股價指數,22903.63
2024-12-11,水泥窯製類指數,611.04
2024-12-11,塑膠化工類指數,625.84
2024-12-11,機電類指數,7002.92
2024-12-11,水泥類指數,158.58
2024-12-11,食品類指數,2244.11
2024-12-11,塑膠類指數,121.6
2024-12-11,紡織纖維類指數,612.72
2024-12-11,電機機械類指數,389.28
2024-12-11,電器電纜類指數,93.56
2024-12-11,化學生技醫療類指數,131.45
2024-12-11,化學類指數,167.69
2024-12-11,生技醫療類指數,70.46
2024-12-11,玻璃陶瓷類指數,53.03
2024-12-11,造紙類指數,296.7
2024-12-11,鋼鐵類指數,125.35
2024-12-11,橡膠類指數,280.88
2024-12-11,汽車類指數,371.36
2024-12-11,電子工業類指數,1257.75
2024-12-11,半導體類指數,636.97
2024-12-11,電腦及週邊設備類指數,278.88
2024-12-11,光電類指數,39.63
2024-12-11,通信網路類指數,166.66
2024-12-11,電子零組件類指數,237.94
2024-12-11,電子通路類指數,250.43
2024-12-11,資訊服務類指數,241.15
2024-12-11,其他電子類指數,174.32
2024-12-11,建材營造類指數,555.56
2024-12-11,航運類指數,205.46
2024-12-11,觀光餐旅類指數,119.1
2024-12-11,金融保險類指數,2131.07
2024-12-11,貿易百貨類指數,291.39
2024-12-11,油電燃氣類指數,57.87
2024-12-11,綠能環保類指數,113.07
2024-12-11,數位雲端類指數,63.2
2024-12-11,運動休閒類指數,98.16
2024-12-11,居家生活類指數,118.19
2024-12-11,其他類指數,329.67
2024-12-10,發行量加權股價指數,23125.08
2024-12-10,水泥窯製類指數,605.76
2024-12-10,塑膠化工類指數,636.05
2024-12-10,機電類指數,7076.93
2024-12-10,水泥類指數,157.68
2024-12-10,食品類指數,2237.02
2024-12-10,塑膠類指數,123.81
2024-12-10,紡織纖維類指數,616.7
2024-12-10,電機機械類指數,392.09
2024-12-10,電器電纜類指數,94.56
2024-12-10,化學生技醫療類指數,133.44
2024-12-10,化學類指數,169.29
2024-12-10,生技醫療類指數,71.77
2024-12-10,玻璃陶瓷類指數,51.58
2024-12-10,造紙類指數,299.25
2024-12-10,鋼鐵類指數,125.91
2024-12-10,橡膠類指數,285.3
2024-12-10,汽車類指數,375.68
2024-12-10,電子工業類指數,1271.14
2024-12-10,半導體類指數,647.67
2024-12-10,電腦及週邊設備類指數,280.04
2024-12-10,光電類指數,39.41
2024-12-10,通信網路類指數,166.1
2024-12-10,電子零組件類指數,235.01
2024-12-10,電子通路類指數,249.98
2024-12-10,資訊服務類指數,234.71
2024-12-10,其他電子類指數,175.66
2024-12-10,建材營造類指數,561.88
2024-12-10,航運類指數,208.83
2024-12-10,觀光餐旅類指數,119.34
2024-12-10,金融保險類指數,2139.97
2024-12-10,貿易百貨類指數,292.83
2024-12-10,油電燃氣類指數,58.31
2024-12-10,綠能環保類指數,113.75
2024-12-10,數位雲端類指數,62.91
2024-12-10,運動休閒類指數,99.39
2024-12-10,居家生活類指數,119.33
2024-12-10,其他類指數,331.24
2024-12-09,發行量加權股價指數,23273.25
2024-12-09,水泥窯製類指數,608.88
2024-12-09,塑膠化工類指數,638.03
2024-12-09,機電類指數,7130.65
2024-12-09,水泥類指數,158.91
2024-12-09,食品類指數,2239.87
2024-12-09,塑膠類指數,123.61
2024-12-09,紡織纖維類指數,612.56
2024-12-09,電機機械類指數,390.5
2024-12-09,電器電纜類指數,94.43
2024-12-09,化學生技醫療類指數,134.2
2024-12-09,化學類指數,170.81
2024-12-09,生技醫療類指數,72.03
2024-12-09,玻璃陶瓷類指數,50.97
2024-12-09,造紙類指數,299.7
2024-12-09,鋼鐵類指數,125.9
2024-12-09,橡膠類指數,287.14
2024-12-09,汽車類指數,377.51
2024-12-09,電子工業類指數,1281.19
2024-12-09,半導體類指數,651.96
2024-12-09,電腦及週邊設備類指數,283.81
2024-12-09,光電類指數,39.54
2024-12-09,通信網路類指數,166.86
2024-12-09,電子零組件類指數,236.45
2024-12-09,電子通路類指數,254.84
2024-12-09,資訊服務類指數,238.6
2024-12-09,其他電子類指數,178.4
2024-12-09,建材營造類指數,566.21
2024-12-09,航運類指數,212.57
2024-12-09,觀光餐旅類指數,119.06
2024-12-09,金融保險類指數,2144.87
2024-12-09,貿易百貨類指數,293.53
2024-12-09,油電燃氣類指數,57.87
2024-12-09,綠能環保類指數,114.48
2024-12-09,數位雲端類指數,63.56
2024-12-09,運動休閒類指數,99.11
2024-12-09,居家生活類指數,119.24
2024-12-09,其他類指數,330.36
2024-12-06,發行量加權股價指數,23193.27
2024-12-06,水泥窯製類指數,612.98
2024-12-06,塑膠化工類指數,643.37
2024-12-06,機電類指數,7095.25
2024-12-06,水泥類指數,159.53
2024-12-06,食品類指數,2270.69
2024-12-06,塑膠類指數,124.48
2024-12-06,紡織纖維類指數,617.78
2024-12-06,電機機械類指數,388.04
2024-12-06,電器電纜類指數,94.05
2024-12-06,化學生技醫療類指數,135.74
2024-12-06,化學類指數,170.25
2024-12-06,生技醫療類指數,73.53
2024-12-06,玻璃陶瓷類指數,52.26
2024-12-06,造紙類指數,301.71
2024-12-06,鋼鐵類指數,126.2
2024-12-06,橡膠類指數,287.24
2024-12-06,汽車類指數,380.8
2024-12-06,電子工業類指數,1274.86
2024-12-06,半導體類指數,646.47
2024-12-06,電腦及週邊設備類指數,283.16
2024-12-06,光電類指數,39.94
2024-12-06,通信網路類指數,166.07
2024-12-06,電子零組件類指數,236.39
2024-12-06,電子通路類指數,253.92
2024-12-06,資訊服務類指數,234.32
2024-12-06,其他電子類指數,180.64
2024-12-06,建材營造類指數,571.87
2024-12-06,航運類指數,205.17
2024-12-06,觀光餐旅類指數,119.46
2024-12-06,金融保險類指數,2142.13
2024-12-06,貿易百貨類指數,295.74
2024-12-06,油電燃氣類指數,58.61
2024-12-06,綠能環保類指數,114.81
2024-12-06,數位雲端類指數,64.52
2024-12-06,運動休閒類指數,99.23
2024-12-06,居家生活類指數,120.83
2024-12-06,其他類指數,334.91
2024-12-05,發行量加權股價指數,23267.94
2024-12-05,水泥窯製類指數,613.59
2024-12-05,塑膠化工類指數,646.77
2024-12-05,機電類指數,7129.76
2024-12-05,水泥類指數,159.02
2024-12-05,食品類指數,2261.29
2024-12-05,塑膠類指數,125.38
2024-12-05,紡織纖維類指數,617.28
2024-12-05,電機機械類指數,389.33
2024-12-05,電器電纜類指數,93.65
2024-12-05,化學生技醫療類指數,136.71
2024-12-05,化學類指數,169.98
2024-12-05,生技醫療類指數,74.44
2024-12-05,玻璃陶瓷類指數,53.74
2024-12-05,造紙類指數,301.58
2024-12-05,鋼鐵類指數,126.22
2024-12-05,橡膠類指數,285.16
2024-12-05,汽車類指數,382.31
2024-12-05,電子工業類指數,1281.16
2024-12-05,半導體類指數,651.72
2024-12-05,電腦及週邊設備類指數,281.24
2024-12-05,光電類指數,39.96
2024-12-05,通信網路類指數,165.78
2024-12-05,電子零組件類指數,236.58
2024-12-05,電子通路類指數,252.69
2024-12-05,資訊服務類指數,220.74
2024-12-05,其他電子類指數,181.74
2024-12-05,建材營造類指數,558.68
2024-12-05,航運類指數,204.6
2024-12-05,觀光餐旅類指數,119.2
2024-12-05,金融保險類指數,2139.89
2024-12-05,貿易百貨類指數,294.43
2024-12-05,油電燃氣類指數,58.64
2024-12-05,綠能環保類指數,113.64
2024-12-05,數位雲端類指數,64.46
2024-12-05,運動休閒類指數,100.62
2024-12-05,居家生活類指數,120.5
2024-12-05,其他類指數,334.19
2024-12-04,發行量加權股價指數,23255.33
2024-12-04,水泥窯製類指數,617.65
2024-12-04,塑膠化工類指數,652.04
2024-12-04,機電類指數,7115.59
2024-12-04,水泥類指數,159.57
2024-12-04,食品類指數,2274.07
2024-12-04,塑膠類指數,127.63
2024-12-04,紡織纖維類指數,617.83
2024-12-04,電機機械類指數,390.12
2024-12-04,電器電纜類指數,93.85
2024-12-04,化學生技醫療類指數,136.78
2024-12-04,化學類指數,169.72
2024-12-04,生技醫療類指數,74.58
2024-12-04,玻璃陶瓷類指數,55.15
2024-12-04,造紙類指數,304.34
2024-12-04,鋼鐵類指數,127.72
2024-12-04,橡膠類指數,288.03
2024-12-04,汽車類指數,384.75
2024-12-04,電子工業類指數,1278.47
2024-12-04,半導體類指數,648.67
2024-12-04,電腦及週邊設備類指數,279.94
2024-12-04,光電類指數,40.25
2024-12-04,通信網路類指數,167.1
2024-12-04,電子零組件類指數,237.77
2024-12-04,電子通路類指數,253.32
2024-12-04,資訊服務類指數,204.34
2024-12-04,其他電子類指數,183.18
2024-12-04,建材營造類指數,565.46
2024-12-04,航運類指數,206.83
2024-12-04,觀光餐旅類指數,119.68
2024-12-04,金融保險類指數,2131.67
2024-12-04,貿易百貨類指數,295.99
2024-12-04,油電燃氣類指數,59.31
2024-12-04,綠能環保類指數,114.36
2024-12-04,數位雲端類指數,64.77
2024-12-04,運動休閒類指數,100.84
2024-12-04,居家生活類指數,122.15
2024-12-04,其他類指數,335.02
2024-12-03,發行量加權股價指數,23027.46
2024-12-03,水泥窯製類指數,620.43
2024-12-03,塑膠化工類指數,655.83
2024-12-03,機電類指數,7013.02
2024-12-03,水泥類指數,160.89
2024-12-03,食品類指數,2269.79
2024-12-03,塑膠類指數,129.57
2024-12-03,紡織纖維類指數,627.17
2024-12-03,電機機械類指數,391.45
2024-12-03,電器電纜類指數,95.02
2024-12-03,化學生技醫療類指數,137.08
2024-12-03,化學類指數,170.05
2024-12-03,生技醫療類指數,74.75
2024-12-03,玻璃陶瓷類指數,54.12
2024-12-03,造紙類指數,304.78
2024-12-03,鋼鐵類指數,127.37
2024-12-03,橡膠類指數,286.06
2024-12-03,汽車類指數,387.22
2024-12-03,電子工業類指數,1259.36
2024-12-03,半導體類指數,639.6
2024-12-03,電腦及週邊設備類指數,276.62
2024-12-03,光電類指數,39.92
2024-12-03,通信網路類指數,165.16
2024-12-03,電子零組件類指數,232.49
2024-12-03,電子通路類指數,252.27
2024-12-03,資訊服務類指數,202.22
2024-12-03,其他電子類指數,178.47
2024-12-03,建材營造類指數,567.29
2024-12-03,航運類指數,206.8
2024-12-03,觀光餐旅類指數,119.73
2024-12-03,金融保險類指數,2135.62
2024-12-03,貿易百貨類指數,297.53
2024-12-03,油電燃氣類指數,60.15
2024-12-03,綠能環保類指數,113.68
2024-12-03,數位雲端類指數,64.12
2024-12-03,運動休閒類指數,99.59
2024-12-03,居家生活類指數,122.93
2024-12-03,其他類指數,334.87
2024-12-02,發行量加權股價指數,22736.93
2024-12-02,水泥窯製類指數,613.53
2024-12-02,塑膠化工類指數,647.97
2024-12-02,機電類指數,6926.72
2024-12-02,水泥類指數,158.71
2024-12-02,食品類指數,2262.27
2024-12-02,塑膠類指數,127.44
2024-12-02,紡織纖維類指數,624.75
2024-12-02,電機機械類指數,387.8
2024-12-02,電器電纜類指數,94.1
2024-12-02,化學生技醫療類指數,136.03
2024-12-02,化學類指數,168.54
2024-12-02,生技醫療類指數,74.23
2024-12-02,玻璃陶瓷類指數,54.35
2024-12-02,造紙類指數,300.69
2024-12-02,鋼鐵類指數,126.64
2024-12-02,橡膠類指數,281.51
2024-12-02,汽車類指數,381.65
2024-12-02,電子工業類指數,1243.76
2024-12-02,半導體類指數,629.32
2024-12-02,電腦及週邊設備類指數,273.86
2024-12-02,光電類指數,39.51
2024-12-02,通信網路類指數,165.7
2024-12-02,電子零組件類指數,230.44
2024-12-02,電子通路類指數,252.76
2024-12-02,資訊服務類指數,203.07
2024-12-02,其他電子類指數,178.29
2024-12-02,建材營造類指數,567.04
2024-12-02,航運類指數,201.15
2024-12-02,觀光餐旅類指數,118.5
2024-12-02,金融保險類指數,2103.66
2024-12-02,貿易百貨類指數,295.84
2024-12-02,油電燃氣類指數,59.47
2024-12-02,綠能環保類指數,111.53
2024-12-02,數位雲端類指數,64.34
2024-12-02,運動休閒類指數,96.8
2024-12-02,居家生活類指數,120.91
2024-12-02,其他類指數,332.35
2024-11-29,發行量加權股價指數,22262.5
2024-11-29,水泥窯製類指數,612.23
2024-11-29,塑膠化工類指數,649.26
2024-11-29,機電類指數,6746.97
2024-11-29,水泥類指數,158.23
2024-11-29,食品類指數,2248.49
2024-11-29,塑膠類指數,127.49
2024-11-29,紡織纖維類指數,616.6
2024-11-29,電機機械類指數,385.25
2024-11-29,電器電纜類指數,95.32
2024-11-29,化學生技醫療類指數,136.34
2024-11-29,化學類指數,168.58
2024-11-29,生技醫療類指數,74.49
2024-11-29,玻璃陶瓷類指數,54.53
2024-11-29,造紙類指數,301.31
2024-11-29,鋼鐵類指數,126.85
2024-11-29,橡膠類指數,283.07
2024-11-29,汽車類指數,382.27
2024-11-29,電子工業類指數,1210.69
2024-11-29,半導體類指數,607.92
2024-11-29,電腦及週邊設備類指數,270.61
2024-11-29,光電類指數,39.09
2024-11-29,通信網路類指數,162.9
2024-11-29,電子零組件類指數,226.0
2024-11-29,電子通路類指數,251.97
2024-11-29,資訊服務類指數,201.49
2024-11-29,其他電子類指數,177.35
2024-11-29,建材營造類指數,569.14
2024-11-29,航運類指數,198.52
2024-11-29,觀光餐旅類指數,118.09
2024-11-29,金融保險類指數,2071.79
2024-11-29,貿易百貨類指數,294.56
2024-11-29,油電燃氣類指數,60.07
2024-11-29,綠能環保類指數,111.25
2024-11-29,數位雲端類指數,64.5
2024-11-29,運動休閒類指數,95.89
2024-11-29,居家生活類指數,119.77
2024-11-29,其他類指數,329.22
2024-11-28,發行量加權股價指數,22298.9
2024-11-28,水泥窯製類指數,609.94
2024-11-28,塑膠化工類指數,646.96
2024-11-28,機電類指數,6754.1
2024-11-28,水泥類指數,158.26
2024-11-28,食品類指數,2266.42
2024-11-28,塑膠類指數,130.05
2024-11-28,紡織纖維類指數,619.13
2024-11-28,電機機械類指數,381.49
2024-11-28,電器電纜類指數,95.65
2024-11-28,化學生技醫療類指數,133.39
2024-11-28,化學類指數,167.87
2024-11-28,生技醫療類指數,72.0
2024-11-28,玻璃陶瓷類指數,53.01
2024-11-28,造紙類指數,301.82
2024-11-28,鋼鐵類指數,128.59
2024-11-28,橡膠類指數,281.26
2024-11-28,汽車類指數,383.76
2024-11-28,電子工業類指數,1212.27
2024-11-28,半導體類指數,611.12
2024-11-28,電腦及週邊設備類指數,269.79
2024-11-28,光電類指數,38.9
2024-11-28,通信網路類指數,162.64
2024-11-28,電子零組件類指數,222.68
2024-11-28,電子通路類指數,250.39
2024-11-28,資訊服務類指數,199.86
2024-11-28,其他電子類指數,176.54
2024-11-28,建材營造類指數,560.93
2024-11-28,航運類指數,198.52
2024-11-28,觀光餐旅類指數,117.31
2024-11-28,金融保險類指數,2086.36
2024-11-28,貿易百貨類指數,294.26
2024-11-28,油電燃氣類指數,61.37
2024-11-28,綠能環保類指數,110.62
2024-11-28,數位雲端類指數,64.87
2024-11-28,運動休閒類指數,95.76
2024-11-28,居家生活類指數,120.48
2024-11-28,其他類指數,329.42
2024-11-27,發行量加權股價指數,22334.78
2024-11-27,水泥窯製類指數,612.27
2024-11-27,塑膠化工類指數,651.74
2024-11-27,機電類指數,6763.38
2024-11-27,水泥類指數,158.47
2024-11-27,食品類指數,2276.46
2024-11-27,塑膠類指數,130.93
2024-11-27,紡織纖維類指數,627.77
2024-11-27,電機機械類指數,386.88
2024-11-27,電器電纜類指數,97.63
2024-11-27,化學生技醫療類指數,134.38
2024-11-27,化學類指數,167.8
2024-11-27,生技醫療類指數,72.93
2024-11-27,玻璃陶瓷類指數,54.05
2024-11-27,造紙類指數,303.45
2024-11-27,鋼鐵類指數,129.06
2024-11-27,橡膠類指數,283.78
2024-11-27,汽車類指數,383.04
2024-11-27,電子工業類指數,1213.45
2024-11-27,半導體類指數,609.73
2024-11-27,電腦及週邊設備類指數,270.0
2024-11-27,光電類指數,39.27
2024-11-27,通信網路類指數,164.15
2024-11-27,電子零組件類指數,225.27
2024-11-27,電子通路類指數,251.85
2024-11-27,資訊服務類指數,200.71
2024-11-27,其他電子類指數,178.05
2024-11-27,建材營造類指數,558.87
2024-11-27,航運類指數,198.33
2024-11-27,觀光餐旅類指數,118.35
2024-11-27,金融保險類指數,2086.06
2024-11-27,貿易百貨類指數,295.55
2024-11-27,油電燃氣類指數,61.82
2024-11-27,綠能環保類指數,111.66
2024-11-27,數位雲端類指數,65.88
2024-11-27,運動休閒類指數,95.15
2024-11-27,居家生活類指數,120.62
2024-11-27,其他類指數,332.89
2024-11-26,發行量加權股價指數,22678.76
2024-11-26,水泥窯製類指數,622.85
2024-11-26,塑膠化工類指數,660.9
2024-11-26,機電類指數,6871.84
2024-11-26,水泥類指數,160.76
2024-11-26,食品類指數,2275.22
2024-11-26,塑膠類指數,133.36
2024-11-26,紡織纖維類指數,639.23
2024-11-26,電機機械類指數,390.15
2024-11-26,電器電纜類指數,100.63
2024-11-26,化學生技醫療類指數,136.28
2024-11-26,化學類指數,171.06
2024-11-26,生技醫療類指數,73.7
2024-11-26,玻璃陶瓷類指數,55.95
2024-11-26,造紙類指數,307.17
2024-11-26,鋼鐵類指數,130.93
2024-11-26,橡膠類指數,283.87
2024-11-26,汽車類指數,393.64
2024-11-26,電子工業類指數,1233.04
2024-11-26,半導體類指數,617.65
2024-11-26,電腦及週邊設備類指數,280.03
2024-11-26,光電類指數,40.1
2024-11-26,通信網路類指數,163.46
2024-11-26,電子零組件類指數,230.08
2024-11-26,電子通路類指數,254.67
2024-11-26,資訊服務類指數,203.86
2024-11-26,其他電子類指數,182.29
2024-11-26,建材營造類指數,574.21
2024-11-26,航運類指數,205.86
2024-11-26,觀光餐旅類指數,119.74
2024-11-26,金融保險類指數,2096.25
2024-11-26,貿易百貨類指數,296.2
2024-11-26,油電燃氣類指數,63.41
2024-11-26,綠能環保類指數,113.63
2024-11-26,數位雲端類指數,66.76
2024-11-26,運動休閒類指數,97.27
2024-11-26,居家生活類指數,122.41
2024-11-26,其他類指數,337.03
2024-11-25,發行量加權股價指數,22948.37
2024-11-25,水泥窯製類指數,627.58
2024-11-25,塑膠化工類指數,663.41
2024-11-25,機電類指數,6979.22
2024-11-25,水泥類指數,161.74
2024-11-25,食品類指數,2293.98
2024-11-25,塑膠類指數,134.14
2024-11-25,紡織纖維類指數,643.02
2024-11-25,電機機械類指數,397.9
2024-11-25,電器電纜類指數,100.84
2024-11-25,化學生技醫療類指數,136.71
2024-11-25,化學類指數,170.02
2024-11-25,生技醫療類指數,74.4
2024-11-25,玻璃陶瓷類指數,56.88
2024-11-25,造紙類指數,308.3
2024-11-25,鋼鐵類指數,131.7
2024-11-25,橡膠類指數,283.9
2024-11-25,汽車類指數,391.43
2024-11-25,電子工業類指數,1252.27
2024-11-25,半導體類指數,628.21
2024-11-25,電腦及週邊設備類指數,281.78
2024-11-25,光電類指數,39.96
2024-11-25,通信網路類指數,164.31
2024-11-25,電子零組件類指數,233.01
2024-11-25,電子通路類指數,255.6
2024-11-25,資訊服務類指數,206.31
2024-11-25,其他電子類指數,188.18
2024-11-25,建材營造類指數,577.2
2024-11-25,航運類指數,205.18
2024-11-25,觀光餐旅類指數,119.48
2024-11-25,金融保險類指數,2100.04
2024-11-25,貿易百貨類指數,296.26
2024-11-25,油電燃氣類指數,63.93
2024-11-25,綠能環保類指數,113.87
2024-11-25,數位雲端類指數,67.5
2024-11-25,運動休閒類指數,98.22
2024-11-25,居家生活類指數,124.41
2024-11-25,其他類指數,335.6
2024-11-22,發行量加權股價指數,22904.32
2024-11-22,水泥窯製類指數,620.68
2024-11-22,塑膠化工類指數,657.48
2024-11-22,機電類指數,6978.8
2024-11-22,水泥類指數,160.16
2024-11-22,食品類指數,2255.32
2024-11-22,塑膠類指數,132.77
2024-11-22,紡織纖維類指數,644.64
2024-11-22,電機機械類指數,394.89
2024-11-22,電器電纜類指數,99.95
2024-11-22,化學生技醫療類指數,134.99
2024-11-22,化學類指數,168.32
2024-11-22,生技醫療類指數,73.33
2024-11-22,玻璃陶瓷類指數,55.83
2024-11-22,造紙類指數,304.84
2024-11-22,鋼鐵類指數,130.07
2024-11-22,橡膠類指數,286.23
2024-11-22,汽車類指數,388.18
2024-11-22,電子工業類指數,1252.48
2024-11-22,半導體類指數,633.28
2024-11-22,電腦及週邊設備類指數,278.7
2024-11-22,光電類指數,39.4
2024-11-22,通信網路類指數,161.95
2024-11-22,電子零組件類指數,231.4
2024-11-22,電子通路類指數,255.72
2024-11-22,資訊服務類指數,200.07
2024-11-22,其他電子類指數,182.77
2024-11-22,建材營造類指數,563.71
2024-11-22,航運類指數,209.08
2024-11-22,觀光餐旅類指數,118.57
2024-11-22,金融保險類指數,2083.97
2024-11-22,貿易百貨類指數,296.52
2024-11-22,油電燃氣類指數,63.32
2024-11-22,綠能環保類指數,111.79
2024-11-22,數位雲端類指數,65.52
2024-11-22,運動休閒類指數,97.42
2024-11-22,居家生活類指數,123.06
2024-11-22,其他類指數,333.48
2024-11-21,發行量加權股價指數,22555.66
2024-11-21,水泥窯製類指數,614.0
2024-11-21,塑膠化工類指數,657.56
2024-11-21,機電類指數,6835.87
2024-11-21,水泥類指數,159.47
2024-11-21,食品類指數,2257.85
2024-11-21,塑膠類指數,133.11
2024-11-21,紡織纖維類指數,639.08
2024-11-21,電機機械類指數,388.97
2024-11-21,電器電纜類指數,98.61
2024-11-21,化學生技醫療類指數,134.81
2024-11-21,化學類指數,166.89
2024-11-21,生技醫療類指數,73.6
2024-11-21,玻璃陶瓷類指數,53.04
2024-11-21,造紙類指數,302.72
2024-11-21,鋼鐵類指數,129.38
2024-11-21,橡膠類指數,285.61
2024-11-21,汽車類指數,384.11
2024-11-21,電子工業類指數,1226.62
2024-11-21,半導體類指數,616.9
2024-11-21,電腦及週邊設備類指數,274.3
2024-11-21,光電類指數,39.13
2024-11-21,通信網路類指數,161.3
2024-11-21,電子零組件類指數,227.12
2024-11-21,電子通路類指數,256.82
2024-11-21,資訊服務類指數,198.97
2024-11-21,其他電子類指數,181.96
2024-11-21,建材營造類指數,562.02
2024-11-21,航運類指數,210.37
2024-11-21,觀光餐旅類指數,117.73
2024-11-21,金融保險類指數,2084.25
2024-11-21,貿易百貨類指數,294.6
2024-11-21,油電燃氣類指數,63.07
2024-11-21,綠能環保類指數,111.03
2024-11-21,數位雲端類指數,64.35
2024-11-21,運動休閒類指數,97.02
2024-11-21,居家生活類指數,121.43
2024-11-21,其他類指數,332.51
2024-11-20,發行量加權股價指數,22688.36
2024-11-20,水泥窯製類指數,611.46
2024-11-20,塑膠化工類指數,662.51
2024-11-20,機電類指數,6889.4
2024-11-20,水泥類指數,160.27
2024-11-20,食品類指數,2268.36
2024-11-20,塑膠類指數,135.16
2024-11-20,紡織纖維類指數,633.47
2024-11-20,電機機械類指數,389.34
2024-11-20,電器電纜類指數,98.78
2024-11-20,化學生技醫療類指數,134.98
2024-11-20,化學類指數,166.12
2024-11-20,生技醫療類指數,73.98
2024-11-20,玻璃陶瓷類指數,49.72
2024-11-20,造紙類指數,303.76
2024-11-20,鋼鐵類指數,129.93
2024-11-20,橡膠類指數,287.39
2024-11-20,汽車類指數,385.26
2024-11-20,電子工業類指數,1236.46
2024-11-20,半導體類指數,624.43
2024-11-20,電腦及週邊設備類指數,274.4
2024-11-20,光電類指數,38.8
2024-11-20,通信網路類指數,160.4
2024-11-20,電子零組件類指數,225.97
2024-11-20,電子通路類指數,257.57
2024-11-20,資訊服務類指數,198.71
2024-11-20,其他電子類指數,183.94
2024-11-20,建材營造類指數,551.87
2024-11-20,航運類指數,208.25
2024-11-20,觀光餐旅類指數,117.84
2024-11-20,金融保險類指數,2092.71
2024-11-20,貿易百貨類指數,296.49
2024-11-20,油電燃氣類指數,63.93
2024-11-20,綠能環保類指數,111.72
2024-11-20,數位雲端類指數,64.31
2024-11-20,運動休閒類指數,96.17
2024-11-20,居家生活類指數,120.79
2024-11-20,其他類指數,332.7
2024-11-19,發行量加權股價指數,22848.8
2024-11-19,水泥窯製類指數,613.91
2024-11-19,塑膠化工類指數,664.57
2024-11-19,機電類指數,6950.32
2024-11-19,水泥類指數,160.66
2024-11-19,食品類指數,2248.54
2024-11-19,塑膠類指數,137.08
2024-11-19,紡織纖維類指數,639.48
2024-11-19,電機機械類指數,395.12
2024-11-19,電器電纜類指數,99.45
2024-11-19,化學生技醫療類指數,133.41
2024-11-19,化學類指數,166.15
2024-11-19,生技醫療類指數,72.53
2024-11-19,玻璃陶瓷類指數,50.46
2024-11-19,造紙類指數,305.4
2024-11-19,鋼鐵類指數,130.5
2024-11-19,橡膠類指數,293.65
2024-11-19,汽車類指數,384.28
2024-11-19,電子工業類指數,1247.23
2024-11-19,半導體類指數,632.69
2024-11-19,電腦及週邊設備類指數,273.43
2024-11-19,光電類指數,39.27
2024-11-19,通信網路類指數,160.74
2024-11-19,電子零組件類指數,226.95
2024-11-19,電子通路類指數,260.32
2024-11-19,資訊服務類指數,199.85
2024-11-19,其他電子類指數,182.75
2024-11-19,建材營造類指數,556.39
2024-11-19,航運類指數,207.71
2024-11-19,觀光餐旅類指數,118.64
2024-11-19,金融保險類指數,2097.86
2024-11-19,貿易百貨類指數,295.58
2024-11-19,油電燃氣類指數,64.39
2024-11-19,綠能環保類指數,113.08
2024-11-19,數位雲端類指數,64.48
2024-11-19,運動休閒類指數,96.44
2024-11-19,居家生活類指數,123.25
2024-11-19,其他類指數,335.44
2024-11-18,發行量加權股價指數,22546.54
2024-11-18,水泥窯製類指數,615.86
2024-11-18,塑膠化工類指數,666.89
2024-11-18,機電類指數,6846.35
2024-11-18,水泥類指數,161.48
2024-11-18,食品類指數,2234.52
2024-11-18,塑膠類指數,138.61
2024-11-18,紡織纖維類指數,633.05
2024-11-18,電機機械類指數,387.81
2024-11-18,電器電纜類指數,97.47
2024-11-18,化學生技醫療類指數,133.17
2024-11-18,化學類指數,164.4
2024-11-18,生技醫療類指數,72.84
2024-11-18,玻璃陶瓷類指數,49.95
2024-11-18,造紙類指數,303.67
2024-11-18,鋼鐵類指數,130.99
2024-11-18,橡膠類指數,293.2
2024-11-18,汽車類指數,379.98
2024-11-18,電子工業類指數,1228.71
2024-11-18,半導體類指數,622.67
2024-11-18,電腦及週邊設備類指數,270.45
2024-11-18,光電類指數,38.75
2024-11-18,通信網路類指數,158.34
2024-11-18,電子零組件類指數,223.5
2024-11-18,電子通路類指數,256.4
2024-11-18,資訊服務類指數,196.55
2024-11-18,其他電子類指數,180.65
2024-11-18,建材營造類指數,546.21
2024-11-18,航運類指數,202.44
2024-11-18,觀光餐旅類指數,117.78
2024-11-18,金融保險類指數,2076.13
2024-11-18,貿易百貨類指數,295.82
2024-11-18,油電燃氣類指數,64.41
2024-11-18,綠能環保類指數,112.35
2024-11-18,數位雲端類指數,64.39
2024-11-18,運動休閒類指數,96.08
2024-11-18,居家生活類指數,121.92
2024-11-18,其他類指數,329.77
2024-11-15,發行量加權股價指數,22742.77
2024-11-15,水泥窯製類指數,618.82
2024-11-15,塑膠化工類指數,654.14
2024-11-15,機電類指數,6937.13
2024-11-15,水泥類指數,162.31
2024-11-15,食品類指數,2253.59
2024-11-15,塑膠類指數,133.58
2024-11-15,紡織纖維類指數,628.86
2024-11-15,電機機械類指數,399.84
2024-11-15,電器電纜類指數,98.02
2024-11-15,化學生技醫療類指數,133.75
2024-11-15,化學類指數,164.76
2024-11-15,生技醫療類指數,73.26
2024-11-15,玻璃陶瓷類指數,50.08
2024-11-15,造紙類指數,302.89
2024-11-15,鋼鐵類指數,129.4
2024-11-15,橡膠類指數,279.58
2024-11-15,汽車類指數,380.58
2024-11-15,電子工業類指數,1244.53
2024-11-15,半導體類指數,629.7
2024-11-15,電腦及週邊設備類指數,274.89
2024-11-15,光電類指數,39.54
2024-11-15,通信網路類指數,159.79
2024-11-15,電子零組件類指數,226.41
2024-11-15,電子通路類指數,255.61
2024-11-15,資訊服務類指數,200.06
2024-11-15,其他電子類指數,184.97
2024-11-15,建材營造類指數,546.98
2024-11-15,航運類指數,203.62
2024-11-15,觀光餐旅類指數,118.22
2024-11-15,金融保險類指數,2073.98
2024-11-15,貿易百貨類指數,293.81
2024-11-15,油電燃氣類指數,62.92
2024-11-15,綠能環保類指數,113.75
2024-11-15,數位雲端類指數,64.66
2024-11-15,運動休閒類指數,95.58
2024-11-15,居家生活類指數,121.3
2024-11-15,其他類指數,331.06
2024-11-14,發行量加權股價指數,22715.38
2024-11-14,水泥窯製類指數,607.15
2024-11-14,塑膠化工類指數,646.98
2024-11-14,機電類指數,6949.55
2024-11-14,水泥類指數,159.26
2024-11-14,食品類指數,2251.07
2024-11-14,塑膠類指數,131.06
2024-11-14,紡織纖維類指數,626.16
2024-11-14,電機機械類指數,397.84
2024-11-14,電器電纜類指數,96.74
2024-11-14,化學生技醫療類指數,134.76
2024-11-14,化學類指數,164.13
2024-11-14,生技醫療類指數,74.39
2024-11-14,玻璃陶瓷類指數,49.11
2024-11-14,造紙類指數,298.28
2024-11-14,鋼鐵類指數,129.06
2024-11-14,橡膠類指數,264.85
2024-11-14,汽車類指數,375.63
2024-11-14,電子工業類指數,1247.05
2024-11-14,半導體類指數,628.19
2024-11-14,電腦及週邊設備類指數,282.21
2024-11-14,光電類指數,38.68
2024-11-14,通信網路類指數,160.35
2024-11-14,電子零組件類指數,227.45
2024-11-14,電子通路類指數,255.79
2024-11-14,資訊服務類指數,198.8
2024-11-14,其他電子類指數,187.46
2024-11-14,建材營造類指數,536.79
2024-11-14,航運類指數,199.49
2024-11-14,觀光餐旅類指數,117.17
2024-11-14,金融保險類指數,2056.1
2024-11-14,貿易百貨類指數,292.09
2024-11-14,油電燃氣類指數,63.03
2024-11-14,綠能環保類指數,111.93
2024-11-14,數位雲端類指數,64.48
2024-11-14,運動休閒類指數,96.48
2024-11-14,居家生活類指數,121.15
2024-11-14,其他類指數,330.5
2024-11-13,發行量加權股價指數,22860.23
2024-11-13,水泥窯製類指數,610.54
2024-11-13,塑膠化工類指數,657.57
2024-11-13,機電類指數,6989.92
2024-11-13,水泥類指數,159.89
2024-11-13,食品類指數,2273.94
2024-11-13,塑膠類指數,134.41
2024-11-13,紡織纖維類指數,632.62
2024-11-13,電機機械類指數,400.83
2024-11-13,電器電纜類指數,97.46
2024-11-13,化學生技醫療類指數,136.12
2024-11-13,化學類指數,165.99
2024-11-13,生技醫療類指數,75.08
2024-11-13,玻璃陶瓷類指數,49.93
2024-11-13,造紙類指數,300.81
2024-11-13,鋼鐵類指數,130.79
2024-11-13,橡膠類指數,267.75
2024-11-13,汽車類指數,375.78
2024-11-13,電子工業類指數,1254.24
2024-11-13,半導體類指數,630.39
2024-11-13,電腦及週邊設備類指數,283.32
2024-11-13,光電類指數,39.25
2024-11-13,通信網路類指數,162.09
2024-11-13,電子零組件類指數,230.08
2024-11-13,電子通路類指數,256.51
2024-11-13,資訊服務類指數,200.05
2024-11-13,其他電子類指數,190.32
2024-11-13,建材營造類指數,541.32
2024-11-13,航運類指數,199.45
2024-11-13,觀光餐旅類指數,118.9
2024-11-13,金融保險類指數,2067.34
2024-11-13,貿易百貨類指數,294.63
2024-11-13,油電燃氣類指數,63.93
2024-11-13,綠能環保類指數,113.65
2024-11-13,數位雲端類指數,64.84
2024-11-13,運動休閒類指數,96.74
2024-11-13,居家生活類指數,123.76
2024-11-13,其他類指數,335.53
2024-11-12,發行量加權股價指數,22981.77
2024-11-12,水泥窯製類指數,612.52
2024-11-12,塑膠化工類指數,661.73
2024-11-12,機電類指數,7029.06
2024-11-12,水泥類指數,160.33
2024-11-12,食品類指數,2267.75
2024-11-12,塑膠類指數,135.74
2024-11-12,紡織纖維類指數,631.02
2024-11-12,電機機械類指數,407.18
2024-11-12,電器電纜類指數,97.61
2024-11-12,化學生技醫療類指數,136.33
2024-11-12,化學類指數,167.18
2024-11-12,生技醫療類指數,74.91
2024-11-12,玻璃陶瓷類指數,50.25
2024-11-12,造紙類指數,304.76
2024-11-12,鋼鐵類指數,131.36
2024-11-12,橡膠類指數,271.23
2024-11-12,汽車類指數,376.47
2024-11-12,電子工業類指數,1260.98
2024-11-12,半導體類指數,638.02
2024-11-12,電腦及週邊設備類指數,279.88
2024-11-12,光電類指數,38.94
2024-11-12,通信網路類指數,159.4
2024-11-12,電子零組件類指數,229.45
2024-11-12,電子通路類指數,258.61
2024-11-12,資訊服務類指數,201.2
2024-11-12,其他電子類指數,189.81
2024-11-12,建材營造類指數,545.15
2024-11-12,航運類指數,199.98
2024-11-12,觀光餐旅類指數,119.41
2024-11-12,金融保險類指數,2078.76
2024-11-12,貿易百貨類指數,296.83
2024-11-12,油電燃氣類指數,64.76
2024-11-12,綠能環保類指數,115.16
2024-11-12,數位雲端類指數,65.36
2024-11-12,運動休閒類指數,95.76
2024-11-12,居家生活類指數,124.87
2024-11-12,其他類指數,338.61
2024-11-11,發行量加權股價指數,23529.64
2024-11-11,水泥窯製類指數,615.53
2024-11-11,塑膠化工類指數,674.81
2024-11-11,機電類指數,7221.31
2024-11-11,水泥類指數,160.62
2024-11-11,食品類指數,2295.5
2024-11-11,塑膠類指數,139.99
2024-11-11,紡織纖維類指數,643.57
2024-11-11,電機機械類指數,414.59
2024-11-11,電器電纜類指數,99.54
2024-11-11,化學生技醫療類指數,138.16
2024-11-11,化學類指數,169.06
2024-11-11,生技醫療類指數,76.02
2024-11-11,玻璃陶瓷類指數,51.56
2024-11-11,造紙類指數,313.22
2024-11-11,鋼鐵類指數,134.59
2024-11-11,橡膠類指數,272.87
2024-11-11,汽車類指數,385.29
2024-11-11,電子工業類指數,1295.79
2024-11-11,半導體類指數,658.3
2024-11-11,電腦及週邊設備類指數,286.51
2024-11-11,光電類指數,39.69
2024-11-11,通信網路類指數,160.85
2024-11-11,電子零組件類指數,233.82
2024-11-11,電子通路類指數,259.56
2024-11-11,資訊服務類指數,206.29
2024-11-11,其他電子類指數,194.31
2024-11-11,建材營造類指數,556.23
2024-11-11,航運類指數,201.04
2024-11-11,觀光餐旅類指數,120.8
2024-11-11,金融保險類指數,2093.29
2024-11-11,貿易百貨類指數,298.91
2024-11-11,油電燃氣類指數,65.85
2024-11-11,綠能環保類指數,117.13
2024-11-11,數位雲端類指數,66.16
2024-11-11,運動休閒類指數,99.31
2024-11-11,居家生活類指數,128.01
2024-11-11,其他類指數,353.57
2024-11-08,發行量加權股價指數,23553.89
2024-11-08,水泥窯製類指數,618.58
2024-11-08,塑膠化工類指數,678.1
2024-11-08,機電類指數,7226.96
2024-11-08,水泥類指數,161.1
2024-11-08,食品類指數,2301.66
2024-11-08,塑膠類指數,142.67
2024-11-08,紡織纖維類指數,649.83
2024-11-08,電機機械類指數,412.45
2024-11-08,電器電纜類指數,101.33
2024-11-08,化學生技醫療類指數,137.31
2024-11-08,化學類指數,169.3
2024-11-08,生技醫療類指數,75.16
2024-11-08,玻璃陶瓷類指數,52.5
2024-11-08,造紙類指數,316.45
2024-11-08,鋼鐵類指數,134.71
2024-11-08,橡膠類指數,272.55
2024-11-08,汽車類指數,387.02
2024-11-08,電子工業類指數,1296.88
2024-11-08,半導體類指數,660.2
2024-11-08,電腦及週邊設備類指數,286.4
2024-11-08,光電類指數,39.91
2024-11-08,通信網路類指數,160.4
2024-11-08,電子零組件類指數,232.83
2024-11-08,電子通路類指數,260.01
2024-11-08,資訊服務類指數,205.34
2024-11-08,其他電子類指數,192.62
2024-11-08,建材營造類指數,544.9
2024-11-08,航運類指數,198.79
2024-11-08,觀光餐旅類指數,120.94
2024-11-08,金融保險類指數,2097.85
2024-11-08,貿易百貨類指數,297.47
2024-11-08,油電燃氣類指數,66.31
2024-11-08,綠能環保類指數,115.67
2024-11-08,數位雲端類指數,65.47
2024-11-08,運動休閒類指數,100.89
2024-11-08,居家生活類指數,129.86
2024-11-08,其他類指數,359.45
2024-11-07,發行量加權股價指數,23408.82
2024-11-07,水泥窯製類指數,620.28
2024-11-07,塑膠化工類指數,682.52
2024-11-07,機電類指數,7161.36
2024-11-07,水泥類指數,161.16
2024-11-07,食品類指數,2318.91
2024-11-07,塑膠類指數,145.08
2024-11-07,紡織纖維類指數,644.66
2024-11-07,電機機械類指數,415.96
2024-11-07,電器電纜類指數,102.73
2024-11-07,化學生技醫療類指數,136.67
2024-11-07,化學類指數,170.16
2024-11-07,生技醫療類指數,74.3
2024-11-07,玻璃陶瓷類指數,53.45
2024-11-07,造紙類指數,317.38
2024-11-07,鋼鐵類指數,135.54
2024-11-07,橡膠類指數,276.05
2024-11-07,汽車類指數,389.82
2024-11-07,電子工業類指數,1284.42
2024-11-07,半導體類指數,649.59
2024-11-07,電腦及週邊設備類指數,285.11
2024-11-07,光電類指數,40.63
2024-11-07,通信網路類指數,161.57
2024-11-07,電子零組件類指數,234.22
2024-11-07,電子通路類指數,261.88
2024-11-07,資訊服務類指數,206.4
2024-11-07,其他電子類指數,192.88
2024-11-07,建材營造類指數,544.91
2024-11-07,航運類指數,197.07
2024-11-07,觀光餐旅類指數,123.39
2024-11-07,金融保險類指數,2094.26
2024-11-07,貿易百貨類指數,298.32
2024-11-07,油電燃氣類指數,69.12
2024-11-07,綠能環保類指數,117.24
2024-11-07,數位雲端類指數,66.31
2024-11-07,運動休閒類指數,101.36
2024-11-07,居家生活類指數,127.4
2024-11-07,其他類指數,358.92
2024-11-06,發行量加權股價指數,23217.38
2024-11-06,水泥窯製類指數,618.29
2024-11-06,塑膠化工類指數,671.53
2024-11-06,機電類指數,7095.92
2024-11-06,水泥類指數,160.94
2024-11-06,食品類指數,2325.56
2024-11-06,塑膠類指數,141.26
2024-11-06,紡織纖維類指數,633.4
2024-11-06,電機機械類指數,407.68
2024-11-06,電器電纜類指數,100.86
2024-11-06,化學生技醫療類指數,135.49
2024-11-06,化學類指數,167.31
2024-11-06,生技醫療類指數,74.08
2024-11-06,玻璃陶瓷類指數,52.64
2024-11-06,造紙類指數,316.46
2024-11-06,鋼鐵類指數,135.24
2024-11-06,橡膠類指數,273.66
2024-11-06,汽車類指數,384.34
2024-11-06,電子工業類指數,1273.08
2024-11-06,半導體類指數,645.54
2024-11-06,電腦及週邊設備類指數,281.75
2024-11-06,光電類指數,39.91
2024-11-06,通信網路類指數,160.13
2024-11-06,電子零組件類指數,230.27
2024-11-06,電子通路類指數,256.95
2024-11-06,資訊服務類指數,206.05
2024-11-06,其他電子類指數,190.07
2024-11-06,建材營造類指數,541.56
2024-11-06,航運類指數,197.8
2024-11-06,觀光餐旅類指數,122.63
2024-11-06,金融保險類指數,2081.23
2024-11-06,貿易百貨類指數,301.01
2024-11-06,油電燃氣類指數,68.05
2024-11-06,綠能環保類指數,119.46
2024-11-06,數位雲端類指數,64.62
2024-11-06,運動休閒類指數,100.55
2024-11-06,居家生活類指數,135.48
2024-11-06,其他類指數,357.39
2024-11-05,發行量加權股價指數,23106.79
2024-11-05,水泥窯製類指數,625.38
2024-11-05,塑膠化工類指數,678.31
2024-11-05,機電類指數,7031.78
2024-11-05,水泥類指數,162.95
2024-11-05,食品類指數,2345.65
2024-11-05,塑膠類指數,141.4
2024-11-05,紡織纖維類指數,642.48
2024-11-05,電機機械類指數,406.01
2024-11-05,電器電纜類指數,100.87
2024-11-05,化學生技醫療類指數,137.77
2024-11-05,化學類指數,168.09
2024-11-05,生技醫療類指數,75.97
2024-11-05,玻璃陶瓷類指數,52.9
2024-11-05,造紙類指數,316.83
2024-11-05,鋼鐵類指數,134.01
2024-11-05,橡膠類指數,278.03
2024-11-05,汽車類指數,387.2
2024-11-05,電子工業類指數,1261.36
2024-11-05,半導體類指數,638.61
2024-11-05,電腦及週邊設備類指數,277.87
2024-11-05,光電類指數,39.81
2024-11-05,通信網路類指數,160.0
2024-11-05,電子零組件類指數,228.58
2024-11-05,電子通路類指數,254.15
2024-11-05,資訊服務類指數,202.12
2024-11-05,其他電子類指數,190.17
2024-11-05,建材營造類指數,544.39
2024-11-05,航運類指數,198.13
2024-11-05,觀光餐旅類指數,123.12
2024-11-05,金融保險類指數,2095.97
2024-11-05,貿易百貨類指數,300.86
2024-11-05,油電燃氣類指數,69.0
2024-11-05,綠能環保類指數,118.96
2024-11-05,數位雲端類指數,64.57
2024-11-05,運動休閒類指數,100.39
2024-11-05,居家生活類指數,138.0
2024-11-05,其他類指數,361.35
2024-11-04,發行量加權股價指數,22965.39
2024-11-04,水泥窯製類指數,621.83
2024-11-04,塑膠化工類指數,673.32
2024-11-04,機電類指數,6984.13
2024-11-04,水泥類指數,161.96
2024-11-04,食品類指數,2327.27
2024-11-04,塑膠類指數,140.6
2024-11-04,紡織纖維類指數,638.44
2024-11-04,電機機械類指數,397.51
2024-11-04,電器電纜類指數,100.41
2024-11-04,化學生技醫療類指數,136.79
2024-11-04,化學類指數,167.74
2024-11-04,生技醫療類指數,75.16
2024-11-04,玻璃陶瓷類指數,52.75
2024-11-04,造紙類指數,315.93
2024-11-04,鋼鐵類指數,133.22
2024-11-04,橡膠類指數,274.16
2024-11-04,汽車類指數,386.93
2024-11-04,電子工業類指數,1253.23
2024-11-04,半導體類指數,634.33
2024-11-04,電腦及週邊設備類指數,274.22
2024-11-04,光電類指數,39.84
2024-11-04,通信網路類指數,158.53
2024-11-04,電子零組件類指數,227.82
2024-11-04,電子通路類指數,254.68
2024-11-04,資訊服務類指數,200.89
2024-11-04,其他電子類指數,189.88
2024-11-04,建材營造類指數,546.61
2024-11-04,航運類指數,193.65
2024-11-04,觀光餐旅類指數,122.81
2024-11-04,金融保險類指數,2092.86
2024-11-04,貿易百貨類指數,297.6
2024-11-04,油電燃氣類指數,69.24
2024-11-04,綠能環保類指數,118.08
2024-11-04,數位雲端類指數,65.42
2024-11-04,運動休閒類指數,100.73
2024-11-04,居家生活類指數,137.26
2024-11-04,其他類指數,360.64
2024-11-01,發行量加權股價指數,22780.08
2024-11-01,水泥窯製類指數,616.64
2024-11-01,塑膠化工類指數,675.65
2024-11-01,機電類指數,6914.69
2024-11-01,水泥類指數,160.27
2024-11-01,食品類指數,2328.57
2024-11-01,塑膠類指數,140.98
2024-11-01,紡織纖維類指數,630.53
2024-11-01,電機機械類指數,397.48
2024-11-01,電器電纜類指數,101.65
2024-11-01,化學生技醫療類指數,137.33
2024-11-01,化學類指數,169.46
2024-11-01,生技醫療類指數,75.13
2024-11-01,玻璃陶瓷類指數,53.02
2024-11-01,造紙類指數,317.63
2024-11-01,鋼鐵類指數,134.41
2024-11-01,橡膠類指數,275.32
2024-11-01,汽車類指數,385.85
2024-11-01,電子工業類指數,1240.34
2024-11-01,半導體類指數,627.27
2024-11-01,電腦及週邊設備類指數,270.25
2024-11-01,光電類指數,39.96
2024-11-01,通信網路類指數,158.56
2024-11-01,電子零組件類指數,228.05
2024-11-01,電子通路類指數,259.24
2024-11-01,資訊服務類指數,202.56
2024-11-01,其他電子類指數,185.27
2024-11-01,建材營造類指數,558.83
2024-11-01,航運類指數,196.05
2024-11-01,觀光餐旅類指數,123.43
2024-11-01,金融保險類指數,2066.21
2024-11-01,貿易百貨類指數,300.36
2024-11-01,油電燃氣類指數,68.82
2024-11-01,綠能環保類指數,120.0
2024-11-01,數位雲端類指數,66.05
2024-11-01,運動休閒類指數,98.5
2024-11-01,居家生活類指數,133.55
2024-11-01,其他類指數,360.88
2024-10-30,發行量加權股價指數,22820.43
2024-10-30,水泥窯製類指數,615.36
2024-10-30,塑膠化工類指數,670.74
2024-10-30,機電類指數,6937.34
2024-10-30,水泥類指數,160.08
2024-10-30,食品類指數,2334.25
2024-10-30,塑膠類指數,140.91
2024-10-30,紡織纖維類指數,643.87
2024-10-30,電機機械類指數,395.35
2024-10-30,電器電纜類指數,100.15
2024-10-30,化學生技醫療類指數,135.65
2024-10-30,化學類指數,167.56
2024-10-30,生技醫療類指數,74.16
2024-10-30,玻璃陶瓷類指數,52.62
2024-10-30,造紙類指數,312.64
2024-10-30,鋼鐵類指數,132.65
2024-10-30,橡膠類指數,272.17
2024-10-30,汽車類指數,387.3
2024-10-30,電子工業類指數,1244.77
2024-10-30,半導體類指數,630.3
2024-10-30,電腦及週邊設備類指數,268.31
2024-10-30,光電類指數,39.75
2024-10-30,通信網路類指數,158.26
2024-10-30,電子零組件類指數,229.75
2024-10-30,電子通路類指數,256.26
2024-10-30,資訊服務類指數,201.64
2024-10-30,其他電子類指數,187.31
2024-10-30,建材營造類指數,542.95
2024-10-30,航運類指數,189.47
2024-10-30,觀光餐旅類指數,121.41
2024-10-30,金融保險類指數,2079.72
2024-10-30,貿易百貨類指數,310.34
2024-10-30,油電燃氣類指數,68.64
2024-10-30,綠能環保類指數,117.97
2024-10-30,數位雲端類指數,66.25
2024-10-30,運動休閒類指數,98.76
2024-10-30,居家生活類指數,134.97
2024-10-30,其他類指數,359.85
2024-10-29,發行量加權股價指數,22926.59
2024-10-29,水泥窯製類指數,618.0
2024-10-29,塑膠化工類指數,673.28
2024-10-29,機電類指數,6981.48
2024-10-29,水泥類指數,160.42
2024-10-29,食品類指數,2325.44
2024-10-29,塑膠類指數,141.47
2024-10-29,紡織纖維類指數,646.04
2024-10-29,電機機械類指數,395.58
2024-10-29,電器電纜類指數,101.16
2024-10-29,化學生技醫療類指數,136.29
2024-10-29,化學類指數,167.46
2024-10-29,生技醫療類指數,74.78
2024-10-29,玻璃陶瓷類指數,53.57
2024-10-29,造紙類指數,313.43
2024-10-29,鋼鐵類指數,133.14
2024-10-29,橡膠類指數,272.17
2024-10-29,汽車類指數,387.1
2024-10-29,電子工業類指數,1252.84
2024-10-29,半導體類指數,635.83
2024-10-29,電腦及週邊設備類指數,269.06
2024-10-29,光電類指數,40.12
2024-10-29,通信網路類指數,159.35
2024-10-29,電子零組件類指數,231.1
2024-10-29,電子通路類指數,258.85
2024-10-29,資訊服務類指數,202.68
2024-10-29,其他電子類指數,185.64
2024-10-29,建材營造類指數,542.02
2024-10-29,航運類指數,189.1
2024-10-29,觀光餐旅類指數,121.38
2024-10-29,金融保險類指數,2079.22
2024-10-29,貿易百貨類指數,311.49
2024-10-29,油電燃氣類指數,68.22
2024-10-29,綠能環保類指數,117.02
2024-10-29,數位雲端類指數,66.37
2024-10-29,運動休閒類指數,98.84
2024-10-29,居家生活類指數,134.9
2024-10-29,其他類指數,360.3
2024-10-28,發行量加權股價指數,23198.07
2024-10-28,水泥窯製類指數,620.11
2024-10-28,塑膠化工類指數,682.21
2024-10-28,機電類指數,7071.22
2024-10-28,水泥類指數,160.95
2024-10-28,食品類指數,2344.16
2024-10-28,塑膠類指數,143.7
2024-10-28,紡織纖維類指數,647.74
2024-10-28,電機機械類指數,403.5
2024-10-28,電器電纜類指數,102.9
2024-10-28,化學生技醫療類指數,138.0
2024-10-28,化學類指數,169.58
2024-10-28,生技醫療類指數,75.72
2024-10-28,玻璃陶瓷類指數,53.79
2024-10-28,造紙類指數,316.99
2024-10-28,鋼鐵類指數,134.07
2024-10-28,橡膠類指數,274.17
2024-10-28,汽車類指數,395.09
2024-10-28,電子工業類指數,1268.71
2024-10-28,半導體類指數,643.3
2024-10-28,電腦及週邊設備類指數,273.9
2024-10-28,光電類指數,40.67
2024-10-28,通信網路類指數,159.51
2024-10-28,電子零組件類指數,234.34
2024-10-28,電子通路類指數,262.24
2024-10-28,資訊服務類指數,201.44
2024-10-28,其他電子類指數,189.33
2024-10-28,建材營造類指數,549.19
2024-10-28,航運類指數,191.95
2024-10-28,觀光餐旅類指數,122.81
2024-10-28,金融保險類指數,2091.79
2024-10-28,貿易百貨類指數,309.85
2024-10-28,油電燃氣類指數,69.98
2024-10-28,綠能環保類指數,118.59
2024-10-28,數位雲端類指數,66.77
2024-10-28,運動休閒類指數,98.79
2024-10-28,居家生活類指數,137.43
2024-10-28,其他類指數,364.4
2024-10-25,發行量加權股價指數,23348.45
2024-10-25,水泥窯製類指數,614.44
2024-10-25,塑膠化工類指數,676.9
2024-10-25,機電類指數,7139.12
2024-10-25,水泥類指數,160.53
2024-10-25,食品類指數,2329.2
2024-10-25,塑膠類指數,140.36
2024-10-25,紡織纖維類指數,650.34
2024-10-25,電機機械類指數,405.43
2024-10-25,電器電纜類指數,103.34
2024-10-25,化學生技醫療類指數,138.48
2024-10-25,化學類指數,171.12
2024-10-25,生技醫療類指數,75.68
2024-10-25,玻璃陶瓷類指數,51.07
2024-10-25,造紙類指數,318.58
2024-10-25,鋼鐵類指數,133.58
2024-10-25,橡膠類指數,274.94
2024-10-25,汽車類指數,394.27
2024-10-25,電子工業類指數,1281.07
2024-10-25,半導體類指數,650.99
2024-10-25,電腦及週邊設備類指數,275.16
2024-10-25,光電類指數,41.12
2024-10-25,通信網路類指數,160.62
2024-10-25,電子零組件類指數,235.11
2024-10-25,電子通路類指數,264.03
2024-10-25,資訊服務類指數,202.76
2024-10-25,其他電子類指數,190.42
2024-10-25,建材營造類指數,545.44
2024-10-25,航運類指數,191.33
2024-10-25,觀光餐旅類指數,122.69
2024-10-25,金融保險類指數,2094.26
2024-10-25,貿易百貨類指數,311.8
2024-10-25,油電燃氣類指數,69.39
2024-10-25,綠能環保類指數,120.6
2024-10-25,數位雲端類指數,65.94
2024-10-25,運動休閒類指數,98.78
2024-10-25,居家生活類指數,139.31
2024-10-25,其他類指數,364.41
2024-10-24,發行量加權股價指數,23192.52
2024-10-24,水泥窯製類指數,614.05
2024-10-24,塑膠化工類指數,674.6
2024-10-24,機電類指數,7083.28
2024-10-24,水泥類指數,160.55
2024-10-24,食品類指數,2342.63
2024-10-24,塑膠類指數,139.64
2024-10-24,紡織纖維類指數,643.7
2024-10-24,電機機械類指數,403.15
2024-10-24,電器電纜類指數,103.03
2024-10-24,化學生技醫療類指數,138.44
2024-10-24,化學類指數,170.59
2024-10-24,生技醫療類指數,75.81
2024-10-24,玻璃陶瓷類指數,50.78
2024-10-24,造紙類指數,317.92
2024-10-24,鋼鐵類指數,132.98
2024-10-24,橡膠類指數,272.38
2024-10-24,汽車類指數,389.75
2024-10-24,電子工業類指數,1270.95
2024-10-24,半導體類指數,646.96
2024-10-24,電腦及週邊設備類指數,271.89
2024-10-24,光電類指數,40.89
2024-10-24,通信網路類指數,159.54
2024-10-24,電子零組件類指數,232.22
2024-10-24,電子通路類指數,263.01
2024-10-24,資訊服務類指數,206.83
2024-10-24,其他電子類指數,187.39
2024-10-24,建材營造類指數,545.9
2024-10-24,航運類指數,189.54
2024-10-24,觀光餐旅類指數,122.6
2024-10-24,金融保險類指數,2085.53
2024-10-24,貿易百貨類指數,310.37
2024-10-24,油電燃氣類指數,69.83
2024-10-24,綠能環保類指數,120.22
2024-10-24,數位雲端類指數,65.7
2024-10-24,運動休閒類指數,97.82
2024-10-24,居家生活類指數,139.26
2024-10-24,其他類指數,365.92
2024-10-23,發行量加權股價指數,23334.76
2024-10-23,水泥窯製類指數,614.45
2024-10-23,塑膠化工類指數,673.99
2024-10-23,機電類指數,7135.72
2024-10-23,水泥類指數,160.4
2024-10-23,食品類指數,2322.35
2024-10-23,塑膠類指數,139.0
2024-10-23,紡織纖維類指數,644.74
2024-10-23,電機機械類指數,413.54
2024-10-23,電器電纜類指數,104.14
2024-10-23,化學生技醫療類指數,138.59
2024-10-23,化學類指數,172.03
2024-10-23,生技醫療類指數,75.5
2024-10-23,玻璃陶瓷類指數,51.34
2024-10-23,造紙類指數,318.81
2024-10-23,鋼鐵類指數,134.12
2024-10-23,橡膠類指數,273.39
2024-10-23,汽車類指數,392.4
2024-10-23,電子工業類指數,1279.78
2024-10-23,半導體類指數,649.09
2024-10-23,電腦及週邊設備類指數,277.44
2024-10-23,光電類指數,41.52
2024-10-23,通信網路類指數,159.74
2024-10-23,電子零組件類指數,235.48
2024-10-23,電子通路類指數,265.93
2024-10-23,資訊服務類指數,201.84
2024-10-23,其他電子類指數,190.31
2024-10-23,建材營造類指數,550.82
2024-10-23,航運類指數,190.22
2024-10-23,觀光餐旅類指數,122.9
2024-10-23,金融保險類指數,2094.79
2024-10-23,貿易百貨類指數,307.93
2024-10-23,油電燃氣類指數,69.4
2024-10-23,綠能環保類指數,122.26
2024-10-23,數位雲端類指數,66.89
2024-10-23,運動休閒類指數,98.61
2024-10-23,居家生活類指數,138.25
2024-10-23,其他類指數,366.11
2024-10-22,發行量加權股價指數,23535.43
2024-10-22,水泥窯製類指數,616.31
2024-10-22,塑膠化工類指數,677.92
2024-10-22,機電類指數,7200.47
2024-10-22,水泥類指數,161.16
2024-10-22,食品類指數,2337.84
2024-10-22,塑膠類指數,140.25
2024-10-22,紡織纖維類指數,647.71
2024-10-22,電機機械類指數,411.16
2024-10-22,電器電纜類指數,104.1
2024-10-22,化學生技醫療類指數,138.79
2024-10-22,化學類指數,171.81
2024-10-22,生技醫療類指數,75.76
2024-10-22,玻璃陶瓷類指數,50.93
2024-10-22,造紙類指數,321.2
2024-10-22,鋼鐵類指數,134.49
2024-10-22,橡膠類指數,276.64
2024-10-22,汽車類指數,394.42
2024-10-22,電子工業類指數,1291.92
2024-10-22,半導體類指數,657.47
2024-10-22,電腦及週邊設備類指數,279.16
2024-10-22,光電類指數,41.31
2024-10-22,通信網路類指數,160.91
2024-10-22,電子零組件類指數,236.34
2024-10-22,電子通路類指數,265.39
2024-10-22,資訊服務類指數,202.03
2024-10-22,其他電子類指數,190.09
2024-10-22,建材營造類指數,556.98
2024-10-22,航運類指數,190.58
2024-10-22,觀光餐旅類指數,122.62
2024-10-22,金融保險類指數,2116.75
2024-10-22,貿易百貨類指數,311.13
2024-10-22,油電燃氣類指數,69.85
2024-10-22,綠能環保類指數,121.71
2024-10-22,數位雲端類指數,67.35
2024-10-22,運動休閒類指數,99.37
2024-10-22,居家生活類指數,139.92
2024-10-22,其他類指數,367.91
2024-10-21,發行量加權股價指數,23542.53
2024-10-21,水泥窯製類指數,619.19
2024-10-21,塑膠化工類指數,681.08
2024-10-21,機電類指數,7206.88
2024-10-21,水泥類指數,161.66
2024-10-21,食品類指數,2357.74
2024-10-21,塑膠類指數,141.6
2024-10-21,紡織纖維類指數,651.93
2024-10-21,電機機械類指數,416.44
2024-10-21,電器電纜類指數,104.99
2024-10-21,化學生技醫療類指數,138.85
2024-10-21,化學類指數,171.95
2024-10-21,生技醫療類指數,75.77
2024-10-21,玻璃陶瓷類指數,51.69
2024-10-21,造紙類指數,321.13
2024-10-21,鋼鐵類指數,136.15
2024-10-21,橡膠類指數,277.82
2024-10-21,汽車類指數,392.49
2024-10-21,電子工業類指數,1292.65
2024-10-21,半導體類指數,662.52
2024-10-21,電腦及週邊設備類指數,274.96
2024-10-21,光電類指數,41.04
2024-10-21,通信網路類指數,159.85
2024-10-21,電子零組件類指數,233.63
2024-10-21,電子通路類指數,263.13
2024-10-21,資訊服務類指數,201.52
2024-10-21,其他電子類指數,186.25
2024-10-21,建材營造類指數,560.28
2024-10-21,航運類指數,190.37
2024-10-21,觀光餐旅類指數,122.68
2024-10-21,金融保險類指數,2097.67
2024-10-21,貿易百貨類指數,311.64
2024-10-21,油電燃氣類指數,70.31
2024-10-21,綠能環保類指數,123.1
2024-10-21,數位雲端類指數,67.84
2024-10-21,運動休閒類指數,99.22
2024-10-21,居家生活類指數,140.32
2024-10-21,其他類指數,368.36
2024-10-18,發行量加權股價指數,23487.27
2024-10-18,水泥窯製類指數,621.18
2024-10-18,塑膠化工類指數,685.48
2024-10-18,機電類指數,7165.55
2024-10-18,水泥類指數,163.54
2024-10-18,食品類指數,2353.61
2024-10-18,塑膠類指數,144.79
2024-10-18,紡織纖維類指數,655.39
2024-10-18,電機機械類指數,413.43
2024-10-18,電器電纜類指數,104.94
2024-10-18,化學生技醫療類指數,137.82
2024-10-18,化學類指數,170.57
2024-10-18,生技醫療類指數,75.24
2024-10-18,玻璃陶瓷類指數,48.96
2024-10-18,造紙類指數,322.32
2024-10-18,鋼鐵類指數,137.05
2024-10-18,橡膠類指數,279.13
2024-10-18,汽車類指數,393.14
2024-10-18,電子工業類指數,1285.24
2024-10-18,半導體類指數,659.66
2024-10-18,電腦及週邊設備類指數,273.33
2024-10-18,光電類指數,40.3
2024-10-18,通信網路類指數,160.38
2024-10-18,電子零組件類指數,230.59
2024-10-18,電子通路類指數,262.45
2024-10-18,資訊服務類指數,199.78
2024-10-18,其他電子類指數,183.95
2024-10-18,建材營造類指數,561.23
2024-10-18,航運類指數,186.34
2024-10-18,觀光餐旅類指數,122.86
2024-10-18,金融保險類指數,2132.99
2024-10-18,貿易百貨類指數,312.53
2024-10-18,油電燃氣類指數,71.65
2024-10-18,綠能環保類指數,122.05
2024-10-18,數位雲端類指數,66.89
2024-10-18,運動休閒類指數,98.83
2024-10-18,居家生活類指數,142.64
2024-10-18,其他類指數,369.14
2024-10-17,發行量加權股價指數,23053.84
2024-10-17,水泥窯製類指數,617.34
2024-10-17,塑膠化工類指數,686.0
2024-10-17,機電類指數,6999.85
2024-10-17,水泥類指數,162.13
2024-10-17,食品類指數,2347.3
2024-10-17,塑膠類指數,144.77
2024-10-17,紡織纖維類指數,652.8
2024-10-17,電機機械類指數,414.3
2024-10-17,電器電纜類指數,105.74
2024-10-17,化學生技醫療類指數,137.93
2024-10-17,化學類指數,171.25
2024-10-17,生技醫療類指數,75.13
2024-10-17,玻璃陶瓷類指數,49.52
2024-10-17,造紙類指數,322.34
2024-10-17,鋼鐵類指數,136.06
2024-10-17,橡膠類指數,280.11
2024-10-17,汽車類指數,390.3
2024-10-17,電子工業類指數,1254.54
2024-10-17,半導體類指數,635.68
2024-10-17,電腦及週邊設備類指數,272.82
2024-10-17,光電類指數,41.31
2024-10-17,通信網路類指數,158.58
2024-10-17,電子零組件類指數,230.68
2024-10-17,電子通路類指數,262.58
2024-10-17,資訊服務類指數,200.55
2024-10-17,其他電子類指數,184.86
2024-10-17,建材營造類指數,563.12
2024-10-17,航運類指數,186.41
2024-10-17,觀光餐旅類指數,123.28
2024-10-17,金融保險類指數,2104.83
2024-10-17,貿易百貨類指數,312.82
2024-10-17,油電燃氣類指數,70.7
2024-10-17,綠能環保類指數,122.71
2024-10-17,數位雲端類指數,66.89
2024-10-17,運動休閒類指數,98.39
2024-10-17,居家生活類指數,141.59
2024-10-17,其他類指數,368.65
2024-10-16,發行量加權股價指數,23010.98
2024-10-16,水泥窯製類指數,610.23
2024-10-16,塑膠化工類指數,678.74
2024-10-16,機電類指數,7006.87
2024-10-16,水泥類指數,159.82
2024-10-16,食品類指數,2326.9
2024-10-16,塑膠類指數,142.33
2024-10-16,紡織纖維類指數,651.88
2024-10-16,電機機械類指數,409.44
2024-10-16,電器電纜類指數,105.02
2024-10-16,化學生技醫療類指數,137.2
2024-10-16,化學類指數,169.41
2024-10-16,生技醫療類指數,75.02
2024-10-16,玻璃陶瓷類指數,49.9
2024-10-16,造紙類指數,318.88
2024-10-16,鋼鐵類指數,133.89
2024-10-16,橡膠類指數,277.6
2024-10-16,汽車類指數,389.03
2024-10-16,電子工業類指數,1256.24
2024-10-16,半導體類指數,640.32
2024-10-16,電腦及週邊設備類指數,269.29
2024-10-16,光電類指數,40.76
2024-10-16,通信網路類指數,158.5
2024-10-16,電子零組件類指數,228.56
2024-10-16,電子通路類指數,261.73
2024-10-16,資訊服務類指數,201.97
2024-10-16,其他電子類指數,182.3
2024-10-16,建材營造類指數,562.78
2024-10-16,航運類指數,182.86
2024-10-16,觀光餐旅類指數,123.2
2024-10-16,金融保險類指數,2086.79
2024-10-16,貿易百貨類指數,309.92
2024-10-16,油電燃氣類指數,69.72
2024-10-16,綠能環保類指數,123.5
2024-10-16,數位雲端類指數,67.91
2024-10-16,運動休閒類指數,96.87
2024-10-16,居家生活類指數,138.55
2024-10-16,其他類指數,367.22
2024-10-15,發行量加權股價指數,23292.04
2024-10-15,水泥窯製類指數,611.91
2024-10-15,塑膠化工類指數,682.23
2024-10-15,機電類指數,7115.73
2024-10-15,水泥類指數,161.37
2024-10-15,食品類指數,2331.54
2024-10-15,塑膠類指數,143.76
2024-10-15,紡織纖維類指數,650.63
2024-10-15,電機機械類指數,410.49
2024-10-15,電器電纜類指數,105.56
2024-10-15,化學生技醫療類指數,137.51
2024-10-15,化學類指數,168.52
2024-10-15,生技醫療類指數,75.59
2024-10-15,玻璃陶瓷類指數,47.67
2024-10-15,造紙類指數,321.74
2024-10-15,鋼鐵類指數,134.48
2024-10-15,橡膠類指數,277.46
2024-10-15,汽車類指數,391.46
2024-10-15,電子工業類指數,1276.23
2024-10-15,半導體類指數,654.0
2024-10-15,電腦及週邊設備類指數,270.26
2024-10-15,光電類指數,40.69
2024-10-15,通信網路類指數,158.85
2024-10-15,電子零組件類指數,230.85
2024-10-15,電子通路類指數,264.16
2024-10-15,資訊服務類指數,200.59
2024-10-15,其他電子類指數,183.43
2024-10-15,建材營造類指數,561.83
2024-10-15,航運類指數,180.66
2024-10-15,觀光餐旅類指數,122.04
2024-10-15,金融保險類指數,2108.58
2024-10-15,貿易百貨類指數,311.13
2024-10-15,油電燃氣類指數,70.52
2024-10-15,綠能環保類指數,120.02
2024-10-15,數位雲端類指數,67.47
2024-10-15,運動休閒類指數,95.12
2024-10-15,居家生活類指數,140.65
2024-10-15,其他類指數,366.78
2024-10-14,發行量加權股價指數,22975.29
2024-10-14,水泥窯製類指數,610.23
2024-10-14,塑膠化工類指數,689.16
2024-10-14,機電類指數,6987.45
2024-10-14,水泥類指數,160.88
2024-10-14,食品類指數,2322.98
2024-10-14,塑膠類指數,146.08
2024-10-14,紡織纖維類指數,655.85
2024-10-14,電機機械類指數,409.3
2024-10-14,電器電纜類指數,106.65
2024-10-14,化學生技醫療類指數,137.98
2024-10-14,化學類指數,169.36
2024-10-14,生技醫療類指數,75.77
2024-10-14,玻璃陶瓷類指數,47.64
2024-10-14,造紙類指數,322.04
2024-10-14,鋼鐵類指數,135.03
2024-10-14,橡膠類指數,281.54
2024-10-14,汽車類指數,390.32
2024-10-14,電子工業類指數,1252.57
2024-10-14,半導體類指數,640.6
2024-10-14,電腦及週邊設備類指數,265.35
2024-10-14,光電類指數,40.69
2024-10-14,通信網路類指數,158.28
2024-10-14,電子零組件類指數,228.92
2024-10-14,電子通路類指數,262.2
2024-10-14,資訊服務類指數,198.91
2024-10-14,其他電子類指數,177.99
2024-10-14,建材營造類指數,562.11
2024-10-14,航運類指數,180.45
2024-10-14,觀光餐旅類指數,121.81
2024-10-14,金融保險類指數,2080.86
2024-10-14,貿易百貨類指數,311.72
2024-10-14,油電燃氣類指數,72.31
2024-10-14,綠能環保類指數,121.61
2024-10-14,數位雲端類指數,67.67
2024-10-14,運動休閒類指數,96.77
2024-10-14,居家生活類指數,141.4
2024-10-14,其他類指數,368.16
2024-10-11,發行量加權股價指數,22901.64
2024-10-11,水泥窯製類指數,610.1
2024-10-11,塑膠化工類指數,689.85
2024-10-11,機電類指數,6961.4
2024-10-11,水泥類指數,160.71
2024-10-11,食品類指數,2304.6
2024-10-11,塑膠類指數,147.12
2024-10-11,紡織纖維類指數,650.99
2024-10-11,電機機械類指數,402.5
2024-10-11,電器電纜類指數,105.29
2024-10-11,化學生技醫療類指數,137.46
2024-10-11,化學類指數,169.86
2024-10-11,生技醫療類指數,75.12
2024-10-11,玻璃陶瓷類指數,47.9
2024-10-11,造紙類指數,320.89
2024-10-11,鋼鐵類指數,134.83
2024-10-11,橡膠類指數,280.94
2024-10-11,汽車類指數,390.4
2024-10-11,電子工業類指數,1248.35
2024-10-11,半導體類指數,639.73
2024-10-11,電腦及週邊設備類指數,263.07
2024-10-11,光電類指數,40.25
2024-10-11,通信網路類指數,156.96
2024-10-11,電子零組件類指數,226.04
2024-10-11,電子通路類指數,262.17
2024-10-11,資訊服務類指數,196.5
2024-10-11,其他電子類指數,178.04
2024-10-11,建材營造類指數,560.42
2024-10-11,航運類指數,180.44
2024-10-11,觀光餐旅類指數,121.4
2024-10-11,金融保險類指數,2075.82
2024-10-11,貿易百貨類指數,311.12
2024-10-11,油電燃氣類指數,73.52
2024-10-11,綠能環保類指數,121.08
2024-10-11,數位雲端類指數,67.74
2024-10-11,運動休閒類指數,96.49
2024-10-11,居家生活類指數,140.89
2024-10-11,其他類指數,364.81
2024-10-09,發行量加權股價指數,22659.08
2024-10-09,水泥窯製類指數,614.28
2024-10-09,塑膠化工類指數,693.74
2024-10-09,機電類指數,6849.04
2024-10-09,水泥類指數,161.43
2024-10-09,食品類指數,2329.87
2024-10-09,塑膠類指數,147.45
2024-10-09,紡織纖維類指數,654.33
2024-10-09,電機機械類指數,407.12
2024-10-09,電器電纜類指數,107.32
2024-10-09,化學生技醫療類指數,138.28
2024-10-09,化學類指數,170.36
2024-10-09,生技醫療類指數,75.74
2024-10-09,玻璃陶瓷類指數,49.04
2024-10-09,造紙類指數,319.33
2024-10-09,鋼鐵類指數,135.77
2024-10-09,橡膠類指數,285.4
2024-10-09,汽車類指數,392.04
2024-10-09,電子工業類指數,1227.13
2024-10-09,半導體類指數,625.64
2024-10-09,電腦及週邊設備類指數,257.73
2024-10-09,光電類指數,40.23
2024-10-09,通信網路類指數,157.21
2024-10-09,電子零組件類指數,225.91
2024-10-09,電子通路類指數,256.33
2024-10-09,資訊服務類指數,195.66
2024-10-09,其他電子類指數,177.57
2024-10-09,建材營造類指數,561.95
2024-10-09,航運類指數,179.7
2024-10-09,觀光餐旅類指數,120.61
2024-10-09,金融保險類指數,2072.62
2024-10-09,貿易百貨類指數,313.52
2024-10-09,油電燃氣類指數,73.95
2024-10-09,綠能環保類指數,121.76
2024-10-09,數位雲端類指數,68.03
2024-10-09,運動休閒類指數,99.27
2024-10-09,居家生活類指數,143.17
2024-10-09,其他類指數,371.09
2024-10-08,發行量加權股價指數,22611.39
2024-10-08,水泥窯製類指數,625.69
2024-10-08,塑膠化工類指數,707.52
2024-10-08,機電類指數,6799.43
2024-10-08,水泥類指數,164.06
2024-10-08,食品類指數,2328.99
2024-10-08,塑膠類指數,151.13
2024-10-08,紡織纖維類指數,654.43
2024-10-08,電機機械類指數,408.94
2024-10-08,電器電纜類指數,109.69
2024-10-08,化學生技醫療類指數,140.42
2024-10-08,化學類指數,172.92
2024-10-08,生技醫療類指數,76.93
2024-10-08,玻璃陶瓷類指數,50.75
2024-10-08,造紙類指數,327.96
2024-10-08,鋼鐵類指數,139.67
2024-10-08,橡膠類指數,290.75
2024-10-08,汽車類指數,396.37
2024-10-08,電子工業類指數,1217.69
2024-10-08,半導體類指數,620.21
2024-10-08,電腦及週邊設備類指數,254.75
2024-10-08,光電類指數,40.8
2024-10-08,通信網路類指數,156.96
2024-10-08,電子零組件類指數,226.51
2024-10-08,電子通路類指數,256.28
2024-10-08,資訊服務類指數,195.06
2024-10-08,其他電子類指數,174.45
2024-10-08,建材營造類指數,570.45
2024-10-08,航運類指數,183.12
2024-10-08,觀光餐旅類指數,121.52
2024-10-08,金融保險類指數,2083.12
2024-10-08,貿易百貨類指數,315.57
2024-10-08,油電燃氣類指數,76.28
2024-10-08,綠能環保類指數,123.75
2024-10-08,數位雲端類指數,68.24
2024-10-08,運動休閒類指數,98.78
2024-10-08,居家生活類指數,142.54
2024-10-08,其他類指數,376.05
2024-10-07,發行量加權股價指數,22702.56
2024-10-07,水泥窯製類指數,634.1
2024-10-07,塑膠化工類指數,718.94
2024-10-07,機電類指數,6812.96
2024-10-07,水泥類指數,165.47
2024-10-07,食品類指數,2345.45
2024-10-07,塑膠類指數,154.73
2024-10-07,紡織纖維類指數,656.51
2024-10-07,電機機械類指數,421.74
2024-10-07,電器電纜類指數,111.23
2024-10-07,化學生技醫療類指數,141.31
2024-10-07,化學類指數,175.8
2024-10-07,生技醫療類指數,76.86
2024-10-07,玻璃陶瓷類指數,53.12
2024-10-07,造紙類指數,334.53
2024-10-07,鋼鐵類指數,142.13
2024-10-07,橡膠類指數,297.98
2024-10-07,汽車類指數,404.32
2024-10-07,電子工業類指數,1219.12
2024-10-07,半導體類指數,618.9
2024-10-07,電腦及週邊設備類指數,256.51
2024-10-07,光電類指數,41.61
2024-10-07,通信網路類指數,157.83
2024-10-07,電子零組件類指數,226.6
2024-10-07,電子通路類指數,256.94
2024-10-07,資訊服務類指數,196.42
2024-10-07,其他電子類指數,176.85
2024-10-07,建材營造類指數,576.04
2024-10-07,航運類指數,183.56
2024-10-07,觀光餐旅類指數,123.25
2024-10-07,金融保險類指數,2095.38
2024-10-07,貿易百貨類指數,312.76
2024-10-07,油電燃氣類指數,77.33
2024-10-07,綠能環保類指數,125.82
2024-10-07,數位雲端類指數,69.28
2024-10-07,運動休閒類指數,100.33
2024-10-07,居家生活類指數,142.17
2024-10-07,其他類指數,379.84
2024-10-04,發行量加權股價指數,22302.71
2024-10-04,水泥窯製類指數,637.11
2024-10-04,塑膠化工類指數,719.54
2024-10-04,機電類指數,6663.54
2024-10-04,水泥類指數,166.3
2024-10-04,食品類指數,2339.64
2024-10-04,塑膠類指數,156.39
2024-10-04,紡織纖維類指數,656.78
2024-10-04,電機機械類指數,411.94
2024-10-04,電器電纜類指數,111.02
2024-10-04,化學生技醫療類指數,140.78
2024-10-04,化學類指數,174.66
2024-10-04,生技醫療類指數,76.72
2024-10-04,玻璃陶瓷類指數,53.27
2024-10-04,造紙類指數,332.6
2024-10-04,鋼鐵類指數,141.87
2024-10-04,橡膠類指數,293.2
2024-10-04,汽車類指數,400.09
2024-10-04,電子工業類指數,1192.29
2024-10-04,半導體類指數,603.26
2024-10-04,電腦及週邊設備類指數,253.28
2024-10-04,光電類指數,41.24
2024-10-04,通信網路類指數,156.79
2024-10-04,電子零組件類指數,221.41
2024-10-04,電子通路類指數,253.09
2024-10-04,資訊服務類指數,192.23
2024-10-04,其他電子類指數,173.27
2024-10-04,建材營造類指數,565.85
2024-10-04,航運類指數,183.72
2024-10-04,觀光餐旅類指數,121.67
2024-10-04,金融保險類指數,2070.13
2024-10-04,貿易百貨類指數,315.01
2024-10-04,油電燃氣類指數,76.63
2024-10-04,綠能環保類指數,122.31
2024-10-04,數位雲端類指數,69.25
2024-10-04,運動休閒類指數,99.92
2024-10-04,居家生活類指數,141.56
2024-10-04,其他類指數,375.17
2024-10-01,發行量加權股價指數,22390.39
2024-10-01,水泥窯製類指數,634.85
2024-10-01,塑膠化工類指數,721.56
2024-10-01,機電類指數,6668.66
2024-10-01,水泥類指數,165.96
2024-10-01,食品類指數,2367.42
2024-10-01,塑膠類指數,156.55
2024-10-01,紡織纖維類指數,666.1
2024-10-01,電機機械類指數,412.92
2024-10-01,電器電纜類指數,112.91
2024-10-01,化學生技醫療類指數,141.79
2024-10-01,化學類指數,175.13
2024-10-01,生技醫療類指數,77.52
2024-10-01,玻璃陶瓷類指數,52.56
2024-10-01,造紙類指數,334.75
2024-10-01,鋼鐵類指數,140.88
2024-10-01,橡膠類指數,291.34
2024-10-01,汽車類指數,408.0
2024-10-01,電子工業類指數,1193.04
2024-10-01,半導體類指數,600.66
2024-10-01,電腦及週邊設備類指數,256.63
2024-10-01,光電類指數,41.64
2024-10-01,通信網路類指數,160.4
2024-10-01,電子零組件類指數,227.47
2024-10-01,電子通路類指數,253.51
2024-10-01,資訊服務類指數,194.45
2024-10-01,其他電子類指數,170.26
2024-10-01,建材營造類指數,580.35
2024-10-01,航運類指數,196.96
2024-10-01,觀光餐旅類指數,122.44
2024-10-01,金融保險類指數,2083.91
2024-10-01,貿易百貨類指數,316.12
2024-10-01,油電燃氣類指數,74.01
2024-10-01,綠能環保類指數,126.2
2024-10-01,數位雲端類指數,68.42
2024-10-01,運動休閒類指數,102.08
2024-10-01,居家生活類指數,143.36
2024-10-01,其他類指數,374.66
2024-09-30,發行量加權股價指數,22224.54
2024-09-30,水泥窯製類指數,637.06
2024-09-30,塑膠化工類指數,723.51
2024-09-30,機電類指數,6597.33
2024-09-30,水泥類指數,166.72
2024-09-30,食品類指數,2342.96
2024-09-30,塑膠類指數,156.94
2024-09-30,紡織纖維類指數,660.81
2024-09-30,電機機械類指數,411.84
2024-09-30,電器電纜類指數,112.95
2024-09-30,化學生技醫療類指數,142.07
2024-09-30,化學類指數,176.19
2024-09-30,生技醫療類指數,77.45
2024-09-30,玻璃陶瓷類指數,52.36
2024-09-30,造紙類指數,337.17
2024-09-30,鋼鐵類指數,139.97
2024-09-30,橡膠類指數,293.01
2024-09-30,汽車類指數,413.31
2024-09-30,電子工業類指數,1179.95
2024-09-30,半導體類指數,592.62
2024-09-30,電腦及週邊設備類指數,253.33
2024-09-30,光電類指數,41.22
2024-09-30,通信網路類指數,159.99
2024-09-30,電子零組件類指數,226.46
2024-09-30,電子通路類指數,255.41
2024-09-30,資訊服務類指數,195.53
2024-09-30,其他電子類指數,169.48
2024-09-30,建材營造類指數,587.07
2024-09-30,航運類指數,194.46
2024-09-30,觀光餐旅類指數,121.96
2024-09-30,金融保險類指數,2082.29
2024-09-30,貿易百貨類指數,314.75
2024-09-30,油電燃氣類指數,74.53
2024-09-30,綠能環保類指數,126.52
2024-09-30,數位雲端類指數,68.84
2024-09-30,運動休閒類指數,103.35
2024-09-30,居家生活類指數,143.32
2024-09-30,其他類指數,378.89
2024-09-27,發行量加權股價指數,22822.79
2024-09-27,水泥窯製類指數,624.85
2024-09-27,塑膠化工類指數,724.62
2024-09-27,機電類指數,6831.08
2024-09-27,水泥類指數,164.0
2024-09-27,食品類指數,2369.2
2024-09-27,塑膠類指數,158.25
2024-09-27,紡織纖維類指數,665.87
2024-09-27,電機機械類指數,420.88
2024-09-27,電器電纜類指數,114.65
2024-09-27,化學生技醫療類指數,142.47
2024-09-27,化學類指數,178.05
2024-09-27,生技醫療類指數,77.24
2024-09-27,玻璃陶瓷類指數,50.35
2024-09-27,造紙類指數,338.06
2024-09-27,鋼鐵類指數,140.59
2024-09-27,橡膠類指數,285.26
2024-09-27,汽車類指數,414.91
2024-09-27,電子工業類指數,1222.32
2024-09-27,半導體類指數,618.29
2024-09-27,電腦及週邊設備類指數,261.38
2024-09-27,光電類指數,41.57
2024-09-27,通信網路類指數,161.46
2024-09-27,電子零組件類指數,233.33
2024-09-27,電子通路類指數,260.13
2024-09-27,資訊服務類指數,196.54
2024-09-27,其他電子類指數,172.17
2024-09-27,建材營造類指數,586.55
2024-09-27,航運類指數,202.04
2024-09-27,觀光餐旅類指數,122.39
2024-09-27,金融保險類指數,2094.35
2024-09-27,貿易百貨類指數,317.22
2024-09-27,油電燃氣類指數,74.84
2024-09-27,綠能環保類指數,128.18
2024-09-27,數位雲端類指數,69.5
2024-09-27,運動休閒類指數,103.78
2024-09-27,居家生活類指數,142.54
2024-09-27,其他類指數,379.15
2024-09-26,發行量加權股價指數,22858.81
2024-09-26,水泥窯製類指數,610.53
2024-09-26,塑膠化工類指數,701.54
2024-09-26,機電類指數,6874.3
2024-09-26,水泥類指數,161.45
2024-09-26,食品類指數,2362.84
2024-09-26,塑膠類指數,148.95
2024-09-26,紡織纖維類指數,663.58
2024-09-26,電機機械類指數,416.02
2024-09-26,電器電纜類指數,110.18
2024-09-26,化學生技醫療類指數,140.75
2024-09-26,化學類指數,175.04
2024-09-26,生技醫療類指數,76.58
2024-09-26,玻璃陶瓷類指數,46.61
2024-09-26,造紙類指數,326.46
2024-09-26,鋼鐵類指數,134.36
2024-09-26,橡膠類指數,282.99
2024-09-26,汽車類指數,410.01
2024-09-26,電子工業類指數,1230.95
2024-09-26,半導體類指數,625.71
2024-09-26,電腦及週邊設備類指數,260.53
2024-09-26,光電類指數,41.37
2024-09-26,通信網路類指數,161.9
2024-09-26,電子零組件類指數,232.92
2024-09-26,電子通路類指數,255.72
2024-09-26,資訊服務類指數,196.26
2024-09-26,其他電子類指數,171.81
2024-09-26,建材營造類指數,581.03
2024-09-26,航運類指數,196.82
2024-09-26,觀光餐旅類指數,121.26
2024-09-26,金融保險類指數,2111.05
2024-09-26,貿易百貨類指數,317.9
2024-09-26,油電燃氣類指數,72.06
2024-09-26,綠能環保類指數,127.06
2024-09-26,數位雲端類指數,69.07
2024-09-26,運動休閒類指數,103.4
2024-09-26,居家生活類指數,142.55
2024-09-26,其他類指數,369.31
2024-09-25,發行量加權股價指數,22761.6
2024-09-25,水泥窯製類指數,610.5
2024-09-25,塑膠化工類指數,706.73
2024-09-25,機電類指數,6829.9
2024-09-25,水泥類指數,161.37
2024-09-25,食品類指數,2368.64
2024-09-25,塑膠類指數,149.52
2024-09-25,紡織纖維類指數,664.97
2024-09-25,電機機械類指數,415.75
2024-09-25,電器電纜類指數,110.46
2024-09-25,化學生技醫療類指數,142.48
2024-09-25,化學類指數,177.32
2024-09-25,生技醫療類指數,77.47
2024-09-25,玻璃陶瓷類指數,46.77
2024-09-25,造紙類指數,323.74
2024-09-25,鋼鐵類指數,134.79
2024-09-25,橡膠類指數,283.58
2024-09-25,汽車類指數,408.63
2024-09-25,電子工業類指數,1222.75
2024-09-25,半導體類指數,618.74
2024-09-25,電腦及週邊設備類指數,260.27
2024-09-25,光電類指數,41.62
2024-09-25,通信網路類指數,162.26
2024-09-25,電子零組件類指數,234.0
2024-09-25,電子通路類指數,258.85
2024-09-25,資訊服務類指數,196.47
2024-09-25,其他電子類指數,171.76
2024-09-25,建材營造類指數,580.8
2024-09-25,航運類指數,197.23
2024-09-25,觀光餐旅類指數,121.2
2024-09-25,金融保險類指數,2105.44
2024-09-25,貿易百貨類指數,318.51
2024-09-25,油電燃氣類指數,72.68
2024-09-25,綠能環保類指數,128.61
2024-09-25,數位雲端類指數,68.86
2024-09-25,運動休閒類指數,103.92
2024-09-25,居家生活類指數,143.06
2024-09-25,其他類指數,372.62
2024-09-24,發行量加權股價指數,22431.78
2024-09-24,水泥窯製類指數,602.03
2024-09-24,塑膠化工類指數,697.58
2024-09-24,機電類指數,6717.13
2024-09-24,水泥類指數,159.15
2024-09-24,食品類指數,2359.01
2024-09-24,塑膠類指數,146.11
2024-09-24,紡織纖維類指數,660.03
2024-09-24,電機機械類指數,405.64
2024-09-24,電器電纜類指數,108.25
2024-09-24,化學生技醫療類指數,141.78
2024-09-24,化學類指數,176.34
2024-09-24,生技醫療類指數,77.13
2024-09-24,玻璃陶瓷類指數,46.08
2024-09-24,造紙類指數,321.79
2024-09-24,鋼鐵類指數,133.3
2024-09-24,橡膠類指數,280.97
2024-09-24,汽車類指數,404.29
2024-09-24,電子工業類指數,1202.83
2024-09-24,半導體類指數,607.63
2024-09-24,電腦及週邊設備類指數,255.17
2024-09-24,光電類指數,41.2
2024-09-24,通信網路類指數,163.26
2024-09-24,電子零組件類指數,230.77
2024-09-24,電子通路類指數,257.38
2024-09-24,資訊服務類指數,195.2
2024-09-24,其他電子類指數,168.39
2024-09-24,建材營造類指數,573.43
2024-09-24,航運類指數,191.77
2024-09-24,觀光餐旅類指數,120.49
2024-09-24,金融保險類指數,2096.13
2024-09-24,貿易百貨類指數,318.3
2024-09-24,油電燃氣類指數,72.03
2024-09-24,綠能環保類指數,127.76
2024-09-24,數位雲端類指數,67.62
2024-09-24,運動休閒類指數,103.64
2024-09-24,居家生活類指數,143.55
2024-09-24,其他類指數,365.33
2024-09-23,發行量加權股價指數,22285.53
2024-09-23,水泥窯製類指數,601.32
2024-09-23,塑膠化工類指數,702.45
2024-09-23,機電類指數,6665.53
2024-09-23,水泥類指數,158.89
2024-09-23,食品類指數,2342.03
2024-09-23,塑膠類指數,146.28
2024-09-23,紡織纖維類指數,656.96
2024-09-23,電機機械類指數,408.59
2024-09-23,電器電纜類指數,108.57
2024-09-23,化學生技醫療類指數,143.94
2024-09-23,化學類指數,176.25
2024-09-23,生技醫療類指數,79.18
2024-09-23,玻璃陶瓷類指數,46.17
2024-09-23,造紙類指數,320.13
2024-09-23,鋼鐵類指數,133.58
2024-09-23,橡膠類指數,279.92
2024-09-23,汽車類指數,405.68
2024-09-23,電子工業類指數,1193.06
2024-09-23,半導體類指數,601.64
2024-09-23,電腦及週邊設備類指數,254.57
2024-09-23,光電類指數,41.34
2024-09-23,通信網路類指數,162.61
2024-09-23,電子零組件類指數,230.45
2024-09-23,電子通路類指數,257.52
2024-09-23,資訊服務類指數,197.8
2024-09-23,其他電子類指數,165.62
2024-09-23,建材營造類指數,572.35
2024-09-23,航運類指數,185.04
2024-09-23,觀光餐旅類指數,120.32
2024-09-23,金融保險類指數,2089.51
2024-09-23,貿易百貨類指數,315.12
2024-09-23,油電燃氣類指數,73.02
2024-09-23,綠能環保類指數,128.51
2024-09-23,數位雲端類指數,67.79
2024-09-23,運動休閒類指數,103.48
2024-09-23,居家生活類指數,143.14
2024-09-23,其他類指數,364.17
2024-09-20,發行量加權股價指數,22159.42
2024-09-20,水泥窯製類指數,602.26
2024-09-20,塑膠化工類指數,708.26
2024-09-20,機電類指數,6619.13
2024-09-20,水泥類指數,159.08
2024-09-20,食品類指數,2348.79
2024-09-20,塑膠類指數,146.8
2024-09-20,紡織纖維類指數,660.21
2024-09-20,電機機械類指數,400.52
2024-09-20,電器電纜類指數,107.99
2024-09-20,化學生技醫療類指數,145.48
2024-09-20,化學類指數,177.76
2024-09-20,生技醫療類指數,80.14
2024-09-20,玻璃陶瓷類指數,46.37
2024-09-20,造紙類指數,321.45
2024-09-20,鋼鐵類指數,133.37
2024-09-20,橡膠類指數,284.09
2024-09-20,汽車類指數,400.16
2024-09-20,電子工業類指數,1185.14
2024-09-20,半導體類指數,598.13
2024-09-20,電腦及週邊設備類指數,252.65
2024-09-20,光電類指數,41.07
2024-09-20,通信網路類指數,161.38
2024-09-20,電子零組件類指數,229.05
2024-09-20,電子通路類指數,257.25
2024-09-20,資訊服務類指數,196.56
2024-09-20,其他電子類指數,163.39
2024-09-20,建材營造類指數,589.73
2024-09-20,航運類指數,182.29
2024-09-20,觀光餐旅類指數,120.01
2024-09-20,金融保險類指數,2070.15
2024-09-20,貿易百貨類指數,315.86
2024-09-20,油電燃氣類指數,73.04
2024-09-20,綠能環保類指數,124.12
2024-09-20,數位雲端類指數,67.29
2024-09-20,運動休閒類指數,103.76
2024-09-20,居家生活類指數,142.88
2024-09-20,其他類指數,365.56
2024-09-19,發行量加權股價指數,22042.69
2024-09-19,水泥窯製類指數,602.05
2024-09-19,塑膠化工類指數,705.97
2024-09-19,機電類指數,6569.46
2024-09-19,水泥類指數,159.02
2024-09-19,食品類指數,2339.6
2024-09-19,塑膠類指數,146.77
2024-09-19,紡織纖維類指數,656.87
2024-09-19,電機機械類指數,402.23
2024-09-19,電器電纜類指數,108.0
2024-09-19,化學生技醫療類指數,144.31
2024-09-19,化學類指數,175.8
2024-09-19,生技醫療類指數,79.67
2024-09-19,玻璃陶瓷類指數,46.38
2024-09-19,造紙類指數,321.59
2024-09-19,鋼鐵類指數,132.81
2024-09-19,橡膠類指數,285.41
2024-09-19,汽車類指數,397.87
2024-09-19,電子工業類指數,1175.84
2024-09-19,半導體類指數,591.31
2024-09-19,電腦及週邊設備類指數,252.41
2024-09-19,光電類指數,41.16
2024-09-19,通信網路類指數,160.48
2024-09-19,電子零組件類指數,230.21
2024-09-19,電子通路類指數,256.63
2024-09-19,資訊服務類指數,197.29
2024-09-19,其他電子類指數,162.4
2024-09-19,建材營造類指數,629.11
2024-09-19,航運類指數,182.18
2024-09-19,觀光餐旅類指數,120.25
2024-09-19,金融保險類指數,2061.52
2024-09-19,貿易百貨類指數,316.59
2024-09-19,油電燃氣類指數,72.91
2024-09-19,綠能環保類指數,122.92
2024-09-19,數位雲端類指數,66.96
2024-09-19,運動休閒類指數,101.68
2024-09-19,居家生活類指數,143.67
2024-09-19,其他類指數,366.91
2024-09-18,發行量加權股價指數,21678.84
2024-09-18,水泥窯製類指數,598.43
2024-09-18,塑膠化工類指數,696.85
2024-09-18,機電類指數,6449.93
2024-09-18,水泥類指數,158.48
2024-09-18,食品類指數,2331.17
2024-09-18,塑膠類指數,145.21
2024-09-18,紡織纖維類指數,652.87
2024-09-18,電機機械類指數,395.92
2024-09-18,電器電纜類指數,106.68
2024-09-18,化學生技醫療類指數,141.81
2024-09-18,化學類指數,172.64
2024-09-18,生技醫療類指數,78.32
2024-09-18,玻璃陶瓷類指數,45.2
2024-09-18,造紙類指數,319.09
2024-09-18,鋼鐵類指數,132.11
2024-09-18,橡膠類指數,284.2
2024-09-18,汽車類指數,392.16
2024-09-18,電子工業類指數,1154.33
2024-09-18,半導體類指數,580.27
2024-09-18,電腦及週邊設備類指數,247.03
2024-09-18,光電類指數,40.41
2024-09-18,通信網路類指數,159.35
2024-09-18,電子零組件類指數,224.98
2024-09-18,電子通路類指數,251.98
2024-09-18,資訊服務類指數,195.54
2024-09-18,其他電子類指數,160.04
2024-09-18,建材營造類指數,613.52
2024-09-18,航運類指數,180.3
2024-09-18,觀光餐旅類指數,119.77
2024-09-18,金融保險類指數,2035.11
2024-09-18,貿易百貨類指數,312.23
2024-09-18,油電燃氣類指數,73.01
2024-09-18,綠能環保類指數,122.57
2024-09-18,數位雲端類指數,66.89
2024-09-18,運動休閒類指數,99.58
2024-09-18,居家生活類指數,136.23
2024-09-18,其他類指數,361.12
2024-09-16,發行量加權股價指數,21850.08
2024-09-16,水泥窯製類指數,600.84
2024-09-16,塑膠化工類指數,696.2
2024-09-16,機電類指數,6527.05
2024-09-16,水泥類指數,158.96
2024-09-16,食品類指數,2333.44
2024-09-16,塑膠類指數,145.28
2024-09-16,紡織纖維類指數,652.14
2024-09-16,電機機械類指數,392.36
2024-09-16,電器電纜類指數,106.15
2024-09-16,化學生技醫療類指數,141.64
2024-09-16,化學類指數,172.59
2024-09-16,生技醫療類指數,78.18
2024-09-16,玻璃陶瓷類指數,45.72
2024-09-16,造紙類指數,320.54
2024-09-16,鋼鐵類指數,131.35
2024-09-16,橡膠類指數,282.89
2024-09-16,汽車類指數,391.63
2024-09-16,電子工業類指數,1168.87
2024-09-16,半導體類指數,585.88
2024-09-16,電腦及週邊設備類指數,250.73
2024-09-16,光電類指數,41.29
2024-09-16,通信網路類指數,160.43
2024-09-16,電子零組件類指數,228.77
2024-09-16,電子通路類指數,254.69
2024-09-16,資訊服務類指數,195.32
2024-09-16,其他電子類指數,165.14
2024-09-16,建材營造類指數,612.84
2024-09-16,航運類指數,178.15
2024-09-16,觀光餐旅類指數,119.44
2024-09-16,金融保險類指數,2036.12
2024-09-16,貿易百貨類指數,311.83
2024-09-16,油電燃氣類指數,72.61
2024-09-16,綠能環保類指數,120.19
2024-09-16,數位雲端類指數,67.69
2024-09-16,運動休閒類指數,98.8
2024-09-16,居家生活類指數,136.98
2024-09-16,其他類指數,360.22
2024-09-13,發行量加權股價指數,21759.65
2024-09-13,水泥窯製類指數,595.79
2024-09-13,塑膠化工類指數,685.82
2024-09-13,機電類指數,6502.77
2024-09-13,水泥類指數,157.58
2024-09-13,食品類指數,2338.18
2024-09-13,塑膠類指數,142.07
2024-09-13,紡織纖維類指數,648.1
2024-09-13,電機機械類指數,389.46
2024-09-13,電器電纜類指數,105.94
2024-09-13,化學生技醫療類指數,139.99
2024-09-13,化學類指數,169.58
2024-09-13,生技醫療類指數,77.58
2024-09-13,玻璃陶瓷類指數,45.44
2024-09-13,造紙類指數,312.25
2024-09-13,鋼鐵類指數,130.08
2024-09-13,橡膠類指數,281.99
2024-09-13,汽車類指數,385.09
2024-09-13,電子工業類指數,1164.62
2024-09-13,半導體類指數,585.53
2024-09-13,電腦及週邊設備類指數,249.83
2024-09-13,光電類指數,40.78
2024-09-13,通信網路類指數,158.87
2024-09-13,電子零組件類指數,226.91
2024-09-13,電子通路類指數,254.82
2024-09-13,資訊服務類指數,193.65
2024-09-13,其他電子類指數,162.19
2024-09-13,建材營造類指數,607.08
2024-09-13,航運類指數,179.05
2024-09-13,觀光餐旅類指數,118.52
2024-09-13,金融保險類指數,2031.0
2024-09-13,貿易百貨類指數,310.04
2024-09-13,油電燃氣類指數,72.02
2024-09-13,綠能環保類指數,120.84
2024-09-13,數位雲端類指數,66.14
2024-09-13,運動休閒類指數,98.61
2024-09-13,居家生活類指數,138.06
2024-09-13,其他類指數,360.06
2024-09-12,發行量加權股價指數,21653.25
2024-09-12,水泥窯製類指數,590.85
2024-09-12,塑膠化工類指數,676.63
2024-09-12,機電類指數,6478.79
2024-09-12,水泥類指數,156.32
2024-09-12,食品類指數,2340.15
2024-09-12,塑膠類指數,136.97
2024-09-12,紡織纖維類指數,646.56
2024-09-12,電機機械類指數,386.99
2024-09-12,電器電纜類指數,105.18
2024-09-12,化學生技醫療類指數,140.67
2024-09-12,化學類指數,168.74
2024-09-12,生技醫療類指數,78.49
2024-09-12,玻璃陶瓷類指數,44.95
2024-09-12,造紙類指數,308.91
2024-09-12,鋼鐵類指數,128.49
2024-09-12,橡膠類指數,280.14
2024-09-12,汽車類指數,382.52
2024-09-12,電子工業類指數,1160.42
2024-09-12,半導體類指數,583.32
2024-09-12,電腦及週邊設備類指數,248.99
2024-09-12,光電類指數,40.43
2024-09-12,通信網路類指數,157.64
2024-09-12,電子零組件類指數,226.59
2024-09-12,電子通路類指數,253.89
2024-09-12,資訊服務類指數,189.5
2024-09-12,其他電子類指數,162.27
2024-09-12,建材營造類指數,596.72
2024-09-12,航運類指數,177.26
2024-09-12,觀光餐旅類指數,117.88
2024-09-12,金融保險類指數,2023.27
2024-09-12,貿易百貨類指數,310.25
2024-09-12,油電燃氣類指數,69.56
2024-09-12,綠能環保類指數,120.27
2024-09-12,數位雲端類指數,65.93
2024-09-12,運動休閒類指數,98.82
2024-09-12,居家生活類指數,135.04
2024-09-12,其他類指數,355.56
2024-09-11,發行量加權股價指數,21031.0
2024-09-11,水泥窯製類指數,586.21
2024-09-11,塑膠化工類指數,668.45
2024-09-11,機電類指數,6242.06
2024-09-11,水泥類指數,155.35
2024-09-11,食品類指數,2312.09
2024-09-11,塑膠類指數,135.44
2024-09-11,紡織纖維類指數,639.13
2024-09-11,電機機械類指數,374.9
2024-09-11,電器電纜類指數,104.29
2024-09-11,化學生技醫療類指數,138.67
2024-09-11,化學類指數,165.26
2024-09-11,生技醫療類指數,77.71
2024-09-11,玻璃陶瓷類指數,44.05
2024-09-11,造紙類指數,305.2
2024-09-11,鋼鐵類指數,126.19
2024-09-11,橡膠類指數,278.15
2024-09-11,汽車類指數,375.65
2024-09-11,電子工業類指數,1117.68
2024-09-11,半導體類指數,560.21
2024-09-11,電腦及週邊設備類指數,239.85
2024-09-11,光電類指數,39.86
2024-09-11,通信網路類指數,156.05
2024-09-11,電子零組件類指數,217.0
2024-09-11,電子通路類指數,250.1
2024-09-11,資訊服務類指數,185.71
2024-09-11,其他電子類指數,156.09
2024-09-11,建材營造類指數,594.81
2024-09-11,航運類指數,175.41
2024-09-11,觀光餐旅類指數,116.19
2024-09-11,金融保險類指數,2011.39
2024-09-11,貿易百貨類指數,306.44
2024-09-11,油電燃氣類指數,67.96
2024-09-11,綠能環保類指數,118.88
2024-09-11,數位雲端類指數,64.91
2024-09-11,運動休閒類指數,98.4
2024-09-11,居家生活類指數,130.43
2024-09-11,其他類指數,351.55
2024-09-10,發行量加權股價指數,21064.08
2024-09-10,水泥窯製類指數,589.43
2024-09-10,塑膠化工類指數,664.26
2024-09-10,機電類指數,6250.14
2024-09-10,水泥類指數,156.21
2024-09-10,食品類指數,2319.5
2024-09-10,塑膠類指數,133.35
2024-09-10,紡織纖維類指數,641.04
2024-09-10,電機機械類指數,368.29
2024-09-10,電器電纜類指數,102.78
2024-09-10,化學生技醫療類指數,138.46
2024-09-10,化學類指數,163.53
2024-09-10,生技醫療類指數,78.06
2024-09-10,玻璃陶瓷類指數,44.29
2024-09-10,造紙類指數,305.07
2024-09-10,鋼鐵類指數,127.06
2024-09-10,橡膠類指數,279.57
2024-09-10,汽車類指數,377.66
2024-09-10,電子工業類指數,1119.77
2024-09-10,半導體類指數,561.84
2024-09-10,電腦及週邊設備類指數,239.11
2024-09-10,光電類指數,39.32
2024-09-10,通信網路類指數,156.08
2024-09-10,電子零組件類指數,218.17
2024-09-10,電子通路類指數,252.25
2024-09-10,資訊服務類指數,185.81
2024-09-10,其他電子類指數,156.25
2024-09-10,建材營造類指數,598.58
2024-09-10,航運類指數,172.2
2024-09-10,觀光餐旅類指數,116.13
2024-09-10,金融保險類指數,2027.37
2024-09-10,貿易百貨類指數,308.87
2024-09-10,油電燃氣類指數,67.96
2024-09-10,綠能環保類指數,117.47
2024-09-10,數位雲端類指數,64.84
2024-09-10,運動休閒類指數,98.56
2024-09-10,居家生活類指數,133.9
2024-09-10,其他類指數,350.37
2024-09-09,發行量加權股價指數,21144.44
2024-09-09,水泥窯製類指數,590.03
2024-09-09,塑膠化工類指數,669.83
2024-09-09,機電類指數,6275.08
2024-09-09,水泥類指數,156.28
2024-09-09,食品類指數,2271.97
2024-09-09,塑膠類指數,135.36
2024-09-09,紡織纖維類指數,638.78
2024-09-09,電機機械類指數,376.98
2024-09-09,電器電纜類指數,105.91
2024-09-09,化學生技醫療類指數,138.92
2024-09-09,化學類指數,165.48
2024-09-09,生技醫療類指數,77.87
2024-09-09,玻璃陶瓷類指數,44.51
2024-09-09,造紙類指數,304.05
2024-09-09,鋼鐵類指數,128.42
2024-09-09,橡膠類指數,281.34
2024-09-09,汽車類指數,378.66
2024-09-09,電子工業類指數,1123.52
2024-09-09,半導體類指數,559.46
2024-09-09,電腦及週邊設備類指數,245.68
2024-09-09,光電類指數,40.26
2024-09-09,通信網路類指數,157.54
2024-09-09,電子零組件類指數,221.21
2024-09-09,電子通路類指數,256.59
2024-09-09,資訊服務類指數,189.17
2024-09-09,其他電子類指數,158.28
2024-09-09,建材營造類指數,613.63
2024-09-09,航運類指數,173.85
2024-09-09,觀光餐旅類指數,117.41
2024-09-09,金融保險類指數,2020.54
2024-09-09,貿易百貨類指數,308.19
2024-09-09,油電燃氣類指數,69.25
2024-09-09,綠能環保類指數,117.28
2024-09-09,數位雲端類指數,65.15
2024-09-09,運動休閒類指數,99.59
2024-09-09,居家生活類指數,133.52
2024-09-09,其他類指數,358.06
2024-09-06,發行量加權股價指數,21435.19
2024-09-06,水泥窯製類指數,593.9
2024-09-06,塑膠化工類指數,677.6
2024-09-06,機電類指數,6369.64
2024-09-06,水泥類指數,157.34
2024-09-06,食品類指數,2272.52
2024-09-06,塑膠類指數,138.37
2024-09-06,紡織纖維類指數,645.09
2024-09-06,電機機械類指數,377.27
2024-09-06,電器電纜類指數,107.53
2024-09-06,化學生技醫療類指數,139.14
2024-09-06,化學類指數,165.82
2024-09-06,生技醫療類指數,77.98
2024-09-06,玻璃陶瓷類指數,44.74
2024-09-06,造紙類指數,307.38
2024-09-06,鋼鐵類指數,130.9
2024-09-06,橡膠類指數,285.37
2024-09-06,汽車類指數,379.85
2024-09-06,電子工業類指數,1140.86
2024-09-06,半導體類指數,570.45
2024-09-06,電腦及週邊設備類指數,246.7
2024-09-06,光電類指數,40.45
2024-09-06,通信網路類指數,157.81
2024-09-06,電子零組件類指數,223.39
2024-09-06,電子通路類指數,255.94
2024-09-06,資訊服務類指數,188.62
2024-09-06,其他電子類指數,160.99
2024-09-06,建材營造類指數,625.48
2024-09-06,航運類指數,176.02
2024-09-06,觀光餐旅類指數,117.77
2024-09-06,金融保險類指數,2039.4
2024-09-06,貿易百貨類指數,308.64
2024-09-06,油電燃氣類指數,72.11
2024-09-06,綠能環保類指數,117.86
2024-09-06,數位雲端類指數,65.86
2024-09-06,運動休閒類指數,100.68
2024-09-06,居家生活類指數,133.43
2024-09-06,其他類指數,361.22
2024-09-05,發行量加權股價指數,21187.71
2024-09-05,水泥窯製類指數,590.95
2024-09-05,塑膠化工類指數,670.96
2024-09-05,機電類指數,6284.14
2024-09-05,水泥類指數,156.53
2024-09-05,食品類指數,2252.92
2024-09-05,塑膠類指數,137.46
2024-09-05,紡織纖維類指數,641.27
2024-09-05,電機機械類指數,379.37
2024-09-05,電器電纜類指數,108.59
2024-09-05,化學生技醫療類指數,137.45
2024-09-05,化學類指數,164.82
2024-09-05,生技醫療類指數,76.71
2024-09-05,玻璃陶瓷類指數,44.59
2024-09-05,造紙類指數,308.07
2024-09-05,鋼鐵類指數,130.66
2024-09-05,橡膠類指數,282.15
2024-09-05,汽車類指數,375.27
2024-09-05,電子工業類指數,1124.84
2024-09-05,半導體類指數,561.0
2024-09-05,電腦及週邊設備類指數,241.79
2024-09-05,光電類指數,41.16
2024-09-05,通信網路類指數,156.41
2024-09-05,電子零組件類指數,221.19
2024-09-05,電子通路類指數,256.55
2024-09-05,資訊服務類指數,186.3
2024-09-05,其他電子類指數,159.7
2024-09-05,建材營造類指數,627.24
2024-09-05,航運類指數,175.87
2024-09-05,觀光餐旅類指數,117.83
2024-09-05,金融保險類指數,2020.65
2024-09-05,貿易百貨類指數,307.18
2024-09-05,油電燃氣類指數,71.36
2024-09-05,綠能環保類指數,118.29
2024-09-05,數位雲端類指數,65.57
2024-09-05,運動休閒類指數,98.81
2024-09-05,居家生活類指數,133.85
2024-09-05,其他類指數,359.73
2024-09-04,發行量加權股價指數,21092.75
2024-09-04,水泥窯製類指數,589.72
2024-09-04,塑膠化工類指數,675.49
2024-09-04,機電類指數,6258.35
2024-09-04,水泥類指數,156.37
2024-09-04,食品類指數,2238.51
2024-09-04,塑膠類指數,139.98
2024-09-04,紡織纖維類指數,633.57
2024-09-04,電機機械類指數,382.49
2024-09-04,電器電纜類指數,108.5
2024-09-04,化學生技醫療類指數,137.62
2024-09-04,化學類指數,164.73
2024-09-04,生技醫療類指數,76.89
2024-09-04,玻璃陶瓷類指數,44.13
2024-09-04,造紙類指數,307.84
2024-09-04,鋼鐵類指數,130.19
2024-09-04,橡膠類指數,279.41
2024-09-04,汽車類指數,370.57
2024-09-04,電子工業類指數,1119.86
2024-09-04,半導體類指數,555.72
2024-09-04,電腦及週邊設備類指數,242.8
2024-09-04,光電類指數,41.12
2024-09-04,通信網路類指數,155.12
2024-09-04,電子零組件類指數,222.53
2024-09-04,電子通路類指數,258.45
2024-09-04,資訊服務類指數,186.67
2024-09-04,其他電子類指數,162.05
2024-09-04,建材營造類指數,623.41
2024-09-04,航運類指數,174.59
2024-09-04,觀光餐旅類指數,117.19
2024-09-04,金融保險類指數,1998.55
2024-09-04,貿易百貨類指數,303.42
2024-09-04,油電燃氣類指數,72.9
2024-09-04,綠能環保類指數,120.17
2024-09-04,數位雲端類指數,65.4
2024-09-04,運動休閒類指數,98.48
2024-09-04,居家生活類指數,132.6
2024-09-04,其他類指數,360.18
2024-09-03,發行量加權股價指數,22092.21
2024-09-03,水泥窯製類指數,602.58
2024-09-03,塑膠化工類指數,706.42
2024-09-03,機電類指數,6597.12
2024-09-03,水泥類指數,159.1
2024-09-03,食品類指數,2288.83
2024-09-03,塑膠類指數,148.56
2024-09-03,紡織纖維類指數,649.43
2024-09-03,電機機械類指數,401.41
2024-09-03,電器電纜類指數,113.42
2024-09-03,化學生技醫療類指數,142.41
2024-09-03,化學類指數,171.17
2024-09-03,生技醫療類指數,79.35
2024-09-03,玻璃陶瓷類指數,46.53
2024-09-03,造紙類指數,322.86
2024-09-03,鋼鐵類指數,134.86
2024-09-03,橡膠類指數,289.2
2024-09-03,汽車類指數,389.44
2024-09-03,電子工業類指數,1180.67
2024-09-03,半導體類指數,587.91
2024-09-03,電腦及週邊設備類指數,258.85
2024-09-03,光電類指數,43.0
2024-09-03,通信網路類指數,158.43
2024-09-03,電子零組件類指數,235.78
2024-09-03,電子通路類指數,266.96
2024-09-03,資訊服務類指數,192.55
2024-09-03,其他電子類指數,167.67
2024-09-03,建材營造類指數,644.55
2024-09-03,航運類指數,178.55
2024-09-03,觀光餐旅類指數,121.3
2024-09-03,金融保險類指數,2050.76
2024-09-03,貿易百貨類指數,308.66
2024-09-03,油電燃氣類指數,76.99
2024-09-03,綠能環保類指數,124.21
2024-09-03,數位雲端類指數,67.62
2024-09-03,運動休閒類指數,101.73
2024-09-03,居家生活類指數,136.91
2024-09-03,其他類指數,371.0
2024-09-02,發行量加權股價指數,22235.1
2024-09-02,水泥窯製類指數,608.87
2024-09-02,塑膠化工類指數,714.23
2024-09-02,機電類指數,6639.24
2024-09-02,水泥類指數,160.81
2024-09-02,食品類指數,2281.59
2024-09-02,塑膠類指數,151.14
2024-09-02,紡織纖維類指數,653.08
2024-09-02,電機機械類指數,403.34
2024-09-02,電器電纜類指數,115.35
2024-09-02,化學生技醫療類指數,143.36
2024-09-02,化學類指數,170.93
2024-09-02,生技醫療類指數,80.31
2024-09-02,玻璃陶瓷類指數,46.92
2024-09-02,造紙類指數,324.57
2024-09-02,鋼鐵類指數,136.34
2024-09-02,橡膠類指數,290.93
2024-09-02,汽車類指數,392.04
2024-09-02,電子工業類指數,1188.18
2024-09-02,半導體類指數,593.09
2024-09-02,電腦及週邊設備類指數,258.97
2024-09-02,光電類指數,43.48
2024-09-02,通信網路類指數,159.09
2024-09-02,電子零組件類指數,236.91
2024-09-02,電子通路類指數,269.09
2024-09-02,資訊服務類指數,193.59
2024-09-02,其他電子類指數,166.68
2024-09-02,建材營造類指數,652.38
2024-09-02,航運類指數,178.55
2024-09-02,觀光餐旅類指數,121.19
2024-09-02,金融保險類指數,2066.08
2024-09-02,貿易百貨類指數,310.98
2024-09-02,油電燃氣類指數,77.35
2024-09-02,綠能環保類指數,126.52
2024-09-02,數位雲端類指數,68.18
2024-09-02,運動休閒類指數,101.18
2024-09-02,居家生活類指數,137.56
2024-09-02,其他類指數,373.35
2024-08-30,發行量加權股價指數,22268.09
2024-08-30,水泥窯製類指數,611.14
2024-08-30,塑膠化工類指數,721.45
2024-08-30,機電類指數,6646.35
2024-08-30,水泥類指數,161.4
2024-08-30,食品類指數,2290.61
2024-08-30,塑膠類指數,154.28
2024-08-30,紡織纖維類指數,656.44
2024-08-30,電機機械類指數,405.43
2024-08-30,電器電纜類指數,114.53
2024-08-30,化學生技醫療類指數,143.76
2024-08-30,化學類指數,170.75
2024-08-30,生技醫療類指數,80.75
2024-08-30,玻璃陶瓷類指數,47.11
2024-08-30,造紙類指數,326.06
2024-08-30,鋼鐵類指數,137.4
2024-08-30,橡膠類指數,291.15
2024-08-30,汽車類指數,392.38
2024-08-30,電子工業類指數,1189.39
2024-08-30,半導體類指數,592.59
2024-08-30,電腦及週邊設備類指數,260.07
2024-08-30,光電類指數,43.69
2024-08-30,通信網路類指數,157.57
2024-08-30,電子零組件類指數,239.52
2024-08-30,電子通路類指數,271.04
2024-08-30,資訊服務類指數,193.73
2024-08-30,其他電子類指數,167.73
2024-08-30,建材營造類指數,661.37
2024-08-30,航運類指數,182.4
2024-08-30,觀光餐旅類指數,121.48
2024-08-30,金融保險類指數,2052.59
2024-08-30,貿易百貨類指數,309.83
2024-08-30,油電燃氣類指數,78.53
2024-08-30,綠能環保類指數,126.72
2024-08-30,數位雲端類指數,68.17
2024-08-30,運動休閒類指數,100.62
2024-08-30,居家生活類指數,135.79
2024-08-30,其他類指數,374.99
2024-08-29,發行量加權股價指數,22201.85
2024-08-29,水泥窯製類指數,609.33
2024-08-29,塑膠化工類指數,720.23
2024-08-29,機電類指數,6640.08
2024-08-29,水泥類指數,161.01
2024-08-29,食品類指數,2275.63
2024-08-29,塑膠類指數,154.17
2024-08-29,紡織纖維類指數,653.33
2024-08-29,電機機械類指數,403.49
2024-08-29,電器電纜類指數,113.67
2024-08-29,化學生技醫療類指數,143.06
2024-08-29,化學類指數,169.77
2024-08-29,生技醫療類指數,80.4
2024-08-29,玻璃陶瓷類指數,46.79
2024-08-29,造紙類指數,321.93
2024-08-29,鋼鐵類指數,136.75
2024-08-29,橡膠類指數,293.03
2024-08-29,汽車類指數,389.15
2024-08-29,電子工業類指數,1188.43
2024-08-29,半導體類指數,592.07
2024-08-29,電腦及週邊設備類指數,261.48
2024-08-29,光電類指數,43.91
2024-08-29,通信網路類指數,157.27
2024-08-29,電子零組件類指數,237.77
2024-08-29,電子通路類指數,268.61
2024-08-29,資訊服務類指數,192.23
2024-08-29,其他電子類指數,167.64
2024-08-29,建材營造類指數,637.63
2024-08-29,航運類指數,179.59
2024-08-29,觀光餐旅類指數,120.97
2024-08-29,金融保險類指數,2041.52
2024-08-29,貿易百貨類指數,312.32
2024-08-29,油電燃氣類指數,78.53
2024-08-29,綠能環保類指數,125.67
2024-08-29,數位雲端類指數,67.96
2024-08-29,運動休閒類指數,98.82
2024-08-29,居家生活類指數,137.05
2024-08-29,其他類指數,369.65
2024-08-28,發行量加權股價指數,22370.66
2024-08-28,水泥窯製類指數,609.17
2024-08-28,塑膠化工類指數,721.87
2024-08-28,機電類指數,6699.71
2024-08-28,水泥類指數,160.92
2024-08-28,食品類指數,2285.7
2024-08-28,塑膠類指數,155.03
2024-08-28,紡織纖維類指數,655.31
2024-08-28,電機機械類指數,403.32
2024-08-28,電器電纜類指數,114.56
2024-08-28,化學生技醫療類指數,143.27
2024-08-28,化學類指數,169.37
2024-08-28,生技醫療類指數,80.73
2024-08-28,玻璃陶瓷類指數,46.87
2024-08-28,造紙類指數,322.08
2024-08-28,鋼鐵類指數,137.34
2024-08-28,橡膠類指數,291.29
2024-08-28,汽車類指數,388.17
2024-08-28,電子工業類指數,1199.39
2024-08-28,半導體類指數,600.28
2024-08-28,電腦及週邊設備類指數,264.28
2024-08-28,光電類指數,42.86
2024-08-28,通信網路類指數,157.69
2024-08-28,電子零組件類指數,236.39
2024-08-28,電子通路類指數,267.08
2024-08-28,資訊服務類指數,193.73
2024-08-28,其他電子類指數,168.4
2024-08-28,建材營造類指數,640.9
2024-08-28,航運類指數,178.59
2024-08-28,觀光餐旅類指數,121.19
2024-08-28,金融保險類指數,2055.89
2024-08-28,貿易百貨類指數,312.73
2024-08-28,油電燃氣類指數,79.65
2024-08-28,綠能環保類指數,127.8
2024-08-28,數位雲端類指數,68.21
2024-08-28,運動休閒類指數,99.95
2024-08-28,居家生活類指數,136.4
2024-08-28,其他類指數,371.02
2024-08-27,發行量加權股價指數,22185.0
2024-08-27,水泥窯製類指數,611.72
2024-08-27,塑膠化工類指數,722.5
2024-08-27,機電類指數,6615.09
2024-08-27,水泥類指數,161.55
2024-08-27,食品類指數,2294.39
2024-08-27,塑膠類指數,155.61
2024-08-27,紡織纖維類指數,660.47
2024-08-27,電機機械類指數,405.74
2024-08-27,電器電纜類指數,114.67
2024-08-27,化學生技醫療類指數,142.94
2024-08-27,化學類指數,169.38
2024-08-27,生技醫療類指數,80.41
2024-08-27,玻璃陶瓷類指數,47.16
2024-08-27,造紙類指數,323.55
2024-08-27,鋼鐵類指數,137.18
2024-08-27,橡膠類指數,291.96
2024-08-27,汽車類指數,388.44
2024-08-27,電子工業類指數,1183.58
2024-08-27,半導體類指數,589.27
2024-08-27,電腦及週邊設備類指數,263.24
2024-08-27,光電類指數,42.84
2024-08-27,通信網路類指數,158.26
2024-08-27,電子零組件類指數,236.89
2024-08-27,電子通路類指數,267.88
2024-08-27,資訊服務類指數,193.58
2024-08-27,其他電子類指數,165.62
2024-08-27,建材營造類指數,640.32
2024-08-27,航運類指數,178.86
2024-08-27,觀光餐旅類指數,121.5
2024-08-27,金融保險類指數,2059.59
2024-08-27,貿易百貨類指數,315.58
2024-08-27,油電燃氣類指數,81.33
2024-08-27,綠能環保類指數,129.2
2024-08-27,數位雲端類指數,68.2
2024-08-27,運動休閒類指數,99.17
2024-08-27,居家生活類指數,135.68
2024-08-27,其他類指數,372.59
2024-08-26,發行量加權股價指數,22240.12
2024-08-26,水泥窯製類指數,613.11
2024-08-26,塑膠化工類指數,723.22
2024-08-26,機電類指數,6634.89
2024-08-26,水泥類指數,161.9
2024-08-26,食品類指數,2264.62
2024-08-26,塑膠類指數,156.56
2024-08-26,紡織纖維類指數,657.57
2024-08-26,電機機械類指數,397.78
2024-08-26,電器電纜類指數,114.63
2024-08-26,化學生技醫療類指數,142.62
2024-08-26,化學類指數,168.72
2024-08-26,生技醫療類指數,80.32
2024-08-26,玻璃陶瓷類指數,47.31
2024-08-26,造紙類指數,323.59
2024-08-26,鋼鐵類指數,135.75
2024-08-26,橡膠類指數,290.55
2024-08-26,汽車類指數,389.49
2024-08-26,電子工業類指數,1187.84
2024-08-26,半導體類指數,593.53
2024-08-26,電腦及週邊設備類指數,263.22
2024-08-26,光電類指數,42.81
2024-08-26,通信網路類指數,157.01
2024-08-26,電子零組件類指數,235.18
2024-08-26,電子通路類指數,266.09
2024-08-26,資訊服務類指數,193.79
2024-08-26,其他電子類指數,165.71
2024-08-26,建材營造類指數,632.85
2024-08-26,航運類指數,181.53
2024-08-26,觀光餐旅類指數,121.78
2024-08-26,金融保險類指數,2073.46
2024-08-26,貿易百貨類指數,311.78
2024-08-26,油電燃氣類指數,80.75
2024-08-26,綠能環保類指數,128.12
2024-08-26,數位雲端類指數,68.89
2024-08-26,運動休閒類指數,98.34
2024-08-26,居家生活類指數,132.96
2024-08-26,其他類指數,373.65
2024-08-23,發行量加權股價指數,22158.05
2024-08-23,水泥窯製類指數,608.33
2024-08-23,塑膠化工類指數,716.62
2024-08-23,機電類指數,6631.18
2024-08-23,水泥類指數,161.17
2024-08-23,食品類指數,2262.28
2024-08-23,塑膠類指數,154.43
2024-08-23,紡織纖維類指數,655.67
2024-08-23,電機機械類指數,400.85
2024-08-23,電器電纜類指數,114.17
2024-08-23,化學生技醫療類指數,142.03
2024-08-23,化學類指數,168.7
2024-08-23,生技醫療類指數,79.77
2024-08-23,玻璃陶瓷類指數,45.81
2024-08-23,造紙類指數,319.0
2024-08-23,鋼鐵類指數,135.0
2024-08-23,橡膠類指數,287.17
2024-08-23,汽車類指數,385.19
2024-08-23,電子工業類指數,1186.95
2024-08-23,半導體類指數,594.05
2024-08-23,電腦及週邊設備類指數,260.69
2024-08-23,光電類指數,42.48
2024-08-23,通信網路類指數,157.21
2024-08-23,電子零組件類指數,237.08
2024-08-23,電子通路類指數,261.33
2024-08-23,資訊服務類指數,192.64
2024-08-23,其他電子類指數,164.27
2024-08-23,建材營造類指數,631.54
2024-08-23,航運類指數,180.3
2024-08-23,觀光餐旅類指數,121.1
2024-08-23,金融保險類指數,2034.14
2024-08-23,貿易百貨類指數,308.11
2024-08-23,油電燃氣類指數,79.68
2024-08-23,綠能環保類指數,128.6
2024-08-23,數位雲端類指數,68.58
2024-08-23,運動休閒類指數,98.4
2024-08-23,居家生活類指數,132.15
2024-08-23,其他類指數,370.19
2024-08-22,發行量加權股價指數,22148.83
2024-08-22,水泥窯製類指數,609.41
2024-08-22,塑膠化工類指數,721.73
2024-08-22,機電類指數,6622.71
2024-08-22,水泥類指數,161.29
2024-08-22,食品類指數,2268.6
2024-08-22,塑膠類指數,156.54
2024-08-22,紡織纖維類指數,661.23
2024-08-22,電機機械類指數,397.92
2024-08-22,電器電纜類指數,114.07
2024-08-22,化學生技醫療類指數,142.32
2024-08-22,化學類指數,168.73
2024-08-22,生技醫療類指數,80.03
2024-08-22,玻璃陶瓷類指數,46.24
2024-08-22,造紙類指數,320.87
2024-08-22,鋼鐵類指數,135.28
2024-08-22,橡膠類指數,288.07
2024-08-22,汽車類指數,381.35
2024-08-22,電子工業類指數,1185.61
2024-08-22,半導體類指數,594.85
2024-08-22,電腦及週邊設備類指數,259.52
2024-08-22,光電類指數,42.17
2024-08-22,通信網路類指數,156.64
2024-08-22,電子零組件類指數,234.57
2024-08-22,電子通路類指數,260.31
2024-08-22,資訊服務類指數,192.66
2024-08-22,其他電子類指數,163.77
2024-08-22,建材營造類指數,641.2
2024-08-22,航運類指數,180.08
2024-08-22,觀光餐旅類指數,120.83
2024-08-22,金融保險類指數,2032.9
2024-08-22,貿易百貨類指數,306.79
2024-08-22,油電燃氣類指數,80.56
2024-08-22,綠能環保類指數,127.03
2024-08-22,數位雲端類指數,68.16
2024-08-22,運動休閒類指數,97.46
2024-08-22,居家生活類指數,133.41
2024-08-22,其他類指數,372.2
2024-08-21,發行量加權股價指數,22237.89
2024-08-21,水泥窯製類指數,605.13
2024-08-21,塑膠化工類指數,717.08
2024-08-21,機電類指數,6652.01
2024-08-21,水泥類指數,160.05
2024-08-21,食品類指數,2263.53
2024-08-21,塑膠類指數,155.21
2024-08-21,紡織纖維類指數,660.9
2024-08-21,電機機械類指數,403.15
2024-08-21,電器電纜類指數,113.85
2024-08-21,化學生技醫療類指數,141.73
2024-08-21,化學類指數,165.9
2024-08-21,生技醫療類指數,80.38
2024-08-21,玻璃陶瓷類指數,46.15
2024-08-21,造紙類指數,318.19
2024-08-21,鋼鐵類指數,133.89
2024-08-21,橡膠類指數,285.85
2024-08-21,汽車類指數,385.06
2024-08-21,電子工業類指數,1190.64
2024-08-21,半導體類指數,597.48
2024-08-21,電腦及週邊設備類指數,261.33
2024-08-21,光電類指數,42.15
2024-08-21,通信網路類指數,156.84
2024-08-21,電子零組件類指數,232.85
2024-08-21,電子通路類指數,262.02
2024-08-21,資訊服務類指數,193.19
2024-08-21,其他電子類指數,166.33
2024-08-21,建材營造類指數,651.36
2024-08-21,航運類指數,180.16
2024-08-21,觀光餐旅類指數,120.78
2024-08-21,金融保險類指數,2045.66
2024-08-21,貿易百貨類指數,305.34
2024-08-21,油電燃氣類指數,81.71
2024-08-21,綠能環保類指數,127.98
2024-08-21,數位雲端類指數,68.59
2024-08-21,運動休閒類指數,97.46
2024-08-21,居家生活類指數,134.52
2024-08-21,其他類指數,375.65
2024-08-20,發行量加權股價指數,22429.1
2024-08-20,水泥窯製類指數,606.16
2024-08-20,塑膠化工類指數,715.36
2024-08-20,機電類指數,6730.55
2024-08-20,水泥類指數,160.44
2024-08-20,食品類指數,2242.18
2024-08-20,塑膠類指數,154.8
2024-08-20,紡織纖維類指數,657.26
2024-08-20,電機機械類指數,401.85
2024-08-20,電器電纜類指數,113.98
2024-08-20,化學生技醫療類指數,141.33
2024-08-20,化學類指數,164.45
2024-08-20,生技醫療類指數,80.47
2024-08-20,玻璃陶瓷類指數,45.97
2024-08-20,造紙類指數,315.82
2024-08-20,鋼鐵類指數,133.57
2024-08-20,橡膠類指數,285.8
2024-08-20,汽車類指數,384.13
2024-08-20,電子工業類指數,1205.23
2024-08-20,半導體類指數,606.69
2024-08-20,電腦及週邊設備類指數,262.84
2024-08-20,光電類指數,42.18
2024-08-20,通信網路類指數,156.13
2024-08-20,電子零組件類指數,234.9
2024-08-20,電子通路類指數,263.58
2024-08-20,資訊服務類指數,194.23
2024-08-20,其他電子類指數,168.59
2024-08-20,建材營造類指數,660.32
2024-08-20,航運類指數,180.38
2024-08-20,觀光餐旅類指數,120.44
2024-08-20,金融保險類指數,2047.91
2024-08-20,貿易百貨類指數,306.69
2024-08-20,油電燃氣類指數,81.59
2024-08-20,綠能環保類指數,127.64
2024-08-20,數位雲端類指數,68.13
2024-08-20,運動休閒類指數,98.17
2024-08-20,居家生活類指數,137.83
2024-08-20,其他類指數,376.85
2024-08-19,發行量加權股價指數,22409.63
2024-08-19,水泥窯製類指數,604.56
2024-08-19,塑膠化工類指數,715.76
2024-08-19,機電類指數,6721.85
2024-08-19,水泥類指數,159.88
2024-08-19,食品類指數,2241.55
2024-08-19,塑膠類指數,156.86
2024-08-19,紡織纖維類指數,654.76
2024-08-19,電機機械類指數,396.55
2024-08-19,電器電纜類指數,112.18
2024-08-19,化學生技醫療類指數,139.71
2024-08-19,化學類指數,164.42
2024-08-19,生技醫療類指數,78.95
2024-08-19,玻璃陶瓷類指數,46.14
2024-08-19,造紙類指數,316.55
2024-08-19,鋼鐵類指數,133.26
2024-08-19,橡膠類指數,285.75
2024-08-19,汽車類指數,384.86
2024-08-19,電子工業類指數,1204.14
2024-08-19,半導體類指數,606.49
2024-08-19,電腦及週邊設備類指數,261.77
2024-08-19,光電類指數,41.85
2024-08-19,通信網路類指數,156.2
2024-08-19,電子零組件類指數,235.31
2024-08-19,電子通路類指數,263.02
2024-08-19,資訊服務類指數,193.3
2024-08-19,其他電子類指數,168.14
2024-08-19,建材營造類指數,682.0
2024-08-19,航運類指數,179.68
2024-08-19,觀光餐旅類指數,120.26
2024-08-19,金融保險類指數,2044.05
2024-08-19,貿易百貨類指數,304.45
2024-08-19,油電燃氣類指數,83.14
2024-08-19,綠能環保類指數,123.63
2024-08-19,數位雲端類指數,67.76
2024-08-19,運動休閒類指數,96.3
2024-08-19,居家生活類指數,134.08
2024-08-19,其他類指數,378.5
2024-08-16,發行量加權股價指數,22349.33
2024-08-16,水泥窯製類指數,605.02
2024-08-16,塑膠化工類指數,716.7
2024-08-16,機電類指數,6685.02
2024-08-16,水泥類指數,159.82
2024-08-16,食品類指數,2255.17
2024-08-16,塑膠類指數,157.26
2024-08-16,紡織纖維類指數,658.7
2024-08-16,電機機械類指數,395.22
2024-08-16,電器電纜類指數,112.59
2024-08-16,化學生技醫療類指數,139.46
2024-08-16,化學類指數,163.31
2024-08-16,生技醫療類指數,79.07
2024-08-16,玻璃陶瓷類指數,46.56
2024-08-16,造紙類指數,317.99
2024-08-16,鋼鐵類指數,134.08
2024-08-16,橡膠類指數,287.94
2024-08-16,汽車類指數,386.99
2024-08-16,電子工業類指數,1197.41
2024-08-16,半導體類指數,602.7
2024-08-16,電腦及週邊設備類指數,263.02
2024-08-16,光電類指數,41.29
2024-08-16,通信網路類指數,154.91
2024-08-16,電子零組件類指數,235.31
2024-08-16,電子通路類指數,263.13
2024-08-16,資訊服務類指數,191.94
2024-08-16,其他電子類指數,165.56
2024-08-16,建材營造類指數,674.48
2024-08-16,航運類指數,179.8
2024-08-16,觀光餐旅類指數,120.27
2024-08-16,金融保險類指數,2061.97
2024-08-16,貿易百貨類指數,305.87
2024-08-16,油電燃氣類指數,83.85
2024-08-16,綠能環保類指數,122.67
2024-08-16,數位雲端類指數,67.62
2024-08-16,運動休閒類指數,97.2
2024-08-16,居家生活類指數,131.01
2024-08-16,其他類指數,378.45
2024-08-15,發行量加權股價指數,21895.17
2024-08-15,水泥窯製類指數,602.7
2024-08-15,塑膠化工類指數,715.84
2024-08-15,機電類指數,6525.25
2024-08-15,水泥類指數,159.33
2024-08-15,食品類指數,2249.04
2024-08-15,塑膠類指數,156.9
2024-08-15,紡織纖維類指數,637.7
2024-08-15,電機機械類指數,388.37
2024-08-15,電器電纜類指數,111.59
2024-08-15,化學生技醫療類指數,139.72
2024-08-15,化學類指數,162.63
2024-08-15,生技醫療類指數,79.53
2024-08-15,玻璃陶瓷類指數,46.13
2024-08-15,造紙類指數,317.48
2024-08-15,鋼鐵類指數,134.06
2024-08-15,橡膠類指數,285.64
2024-08-15,汽車類指數,380.91
2024-08-15,電子工業類指數,1168.5
2024-08-15,半導體類指數,585.91
2024-08-15,電腦及週邊設備類指數,257.42
2024-08-15,光電類指數,40.5
2024-08-15,通信網路類指數,153.36
2024-08-15,電子零組件類指數,231.18
2024-08-15,電子通路類指數,260.54
2024-08-15,資訊服務類指數,190.47
2024-08-15,其他電子類指數,162.77
2024-08-15,建材營造類指數,659.5
2024-08-15,航運類指數,179.29
2024-08-15,觀光餐旅類指數,119.53
2024-08-15,金融保險類指數,2022.06
2024-08-15,貿易百貨類指數,305.37
2024-08-15,油電燃氣類指數,84.47
2024-08-15,綠能環保類指數,121.67
2024-08-15,數位雲端類指數,66.78
2024-08-15,運動休閒類指數,96.42
2024-08-15,居家生活類指數,132.86
2024-08-15,其他類指數,372.9
2024-08-14,發行量加權股價指數,22027.25
2024-08-14,水泥窯製類指數,611.88
2024-08-14,塑膠化工類指數,718.7
2024-08-14,機電類指數,6567.38
2024-08-14,水泥類指數,161.89
2024-08-14,食品類指數,2282.21
2024-08-14,塑膠類指數,159.28
2024-08-14,紡織纖維類指數,644.84
2024-08-14,電機機械類指數,393.06
2024-08-14,電器電纜類指數,112.5
2024-08-14,化學生技醫療類指數,138.32
2024-08-14,化學類指數,163.29
2024-08-14,生技醫療類指數,78.01
2024-08-14,玻璃陶瓷類指數,46.55
2024-08-14,造紙類指數,316.9
2024-08-14,鋼鐵類指數,135.41
2024-08-14,橡膠類指數,289.7
2024-08-14,汽車類指數,384.42
2024-08-14,電子工業類指數,1175.86
2024-08-14,半導體類指數,590.14
2024-08-14,電腦及週邊設備類指數,257.98
2024-08-14,光電類指數,40.82
2024-08-14,通信網路類指數,153.28
2024-08-14,電子零組件類指數,230.62
2024-08-14,電子通路類指數,260.75
2024-08-14,資訊服務類指數,191.81
2024-08-14,其他電子類指數,165.72
2024-08-14,建材營造類指數,649.09
2024-08-14,航運類指數,176.93
2024-08-14,觀光餐旅類指數,120.13
2024-08-14,金融保險類指數,2043.27
2024-08-14,貿易百貨類指數,310.06
2024-08-14,油電燃氣類指數,85.32
2024-08-14,綠能環保類指數,121.72
2024-08-14,數位雲端類指數,67.08
2024-08-14,運動休閒類指數,96.18
2024-08-14,居家生活類指數,124.49
2024-08-14,其他類指數,375.92
2024-08-13,發行量加權股價指數,21796.57
2024-08-13,水泥窯製類指數,616.81
2024-08-13,塑膠化工類指數,715.81
2024-08-13,機電類指數,6500.29
2024-08-13,水泥類指數,163.71
2024-08-13,食品類指數,2267.0
2024-08-13,塑膠類指數,156.58
2024-08-13,紡織纖維類指數,635.19
2024-08-13,電機機械類指數,393.46
2024-08-13,電器電纜類指數,112.18
2024-08-13,化學生技醫療類指數,140.34
2024-08-13,化學類指數,160.91
2024-08-13,生技醫療類指數,80.65
2024-08-13,玻璃陶瓷類指數,45.82
2024-08-13,造紙類指數,316.35
2024-08-13,鋼鐵類指數,133.18
2024-08-13,橡膠類指數,283.05
2024-08-13,汽車類指數,375.94
2024-08-13,電子工業類指數,1163.47
2024-08-13,半導體類指數,584.41
2024-08-13,電腦及週邊設備類指數,254.62
2024-08-13,光電類指數,40.57
2024-08-13,通信網路類指數,152.31
2024-08-13,電子零組件類指數,228.06
2024-08-13,電子通路類指數,260.95
2024-08-13,資訊服務類指數,190.02
2024-08-13,其他電子類指數,162.36
2024-08-13,建材營造類指數,634.62
2024-08-13,航運類指數,176.26
2024-08-13,觀光餐旅類指數,119.86
2024-08-13,金融保險類指數,2017.54
2024-08-13,貿易百貨類指數,307.83
2024-08-13,油電燃氣類指數,84.54
2024-08-13,綠能環保類指數,121.94
2024-08-13,數位雲端類指數,66.34
2024-08-13,運動休閒類指數,94.25
2024-08-13,居家生活類指數,123.41
2024-08-13,其他類指數,369.91
2024-08-12,發行量加權股價指數,21773.26
2024-08-12,水泥窯製類指數,615.71
2024-08-12,塑膠化工類指數,720.73
2024-08-12,機電類指數,6479.08
2024-08-12,水泥類指數,163.22
2024-08-12,食品類指數,2258.18
2024-08-12,塑膠類指數,160.35
2024-08-12,紡織纖維類指數,632.38
2024-08-12,電機機械類指數,392.65
2024-08-12,電器電纜類指數,112.11
2024-08-12,化學生技醫療類指數,139.38
2024-08-12,化學類指數,160.78
2024-08-12,生技醫療類指數,79.8
2024-08-12,玻璃陶瓷類指數,46.15
2024-08-12,造紙類指數,317.69
2024-08-12,鋼鐵類指數,133.58
2024-08-12,橡膠類指數,281.7
2024-08-12,汽車類指數,374.81
2024-08-12,電子工業類指數,1159.62
2024-08-12,半導體類指數,583.72
2024-08-12,電腦及週邊設備類指數,254.44
2024-08-12,光電類指數,40.19
2024-08-12,通信網路類指數,152.27
2024-08-12,電子零組件類指數,227.52
2024-08-12,電子通路類指數,258.47
2024-08-12,資訊服務類指數,189.61
2024-08-12,其他電子類指數,158.34
2024-08-12,建材營造類指數,633.17
2024-08-12,航運類指數,178.36
2024-08-12,觀光餐旅類指數,120.51
2024-08-12,金融保險類指數,2027.53
2024-08-12,貿易百貨類指數,306.55
2024-08-12,油電燃氣類指數,86.78
2024-08-12,綠能環保類指數,123.03
2024-08-12,數位雲端類指數,67.44
2024-08-12,運動休閒類指數,94.52
2024-08-12,居家生活類指數,122.0
2024-08-12,其他類指數,370.24
2024-08-09,發行量加權股價指數,21469.0
2024-08-09,水泥窯製類指數,614.73
2024-08-09,塑膠化工類指數,717.37
2024-08-09,機電類指數,6377.71
2024-08-09,水泥類指數,162.9
2024-08-09,食品類指數,2257.3
2024-08-09,塑膠類指數,160.82
2024-08-09,紡織纖維類指數,631.32
2024-08-09,電機機械類指數,382.16
2024-08-09,電器電纜類指數,110.5
2024-08-09,化學生技醫療類指數,138.01
2024-08-09,化學類指數,160.52
2024-08-09,生技醫療類指數,78.6
2024-08-09,玻璃陶瓷類指數,46.21
2024-08-09,造紙類指數,313.42
2024-08-09,鋼鐵類指數,132.88
2024-08-09,橡膠類指數,277.76
2024-08-09,汽車類指數,370.81
2024-08-09,電子工業類指數,1141.79
2024-08-09,半導體類指數,577.12
2024-08-09,電腦及週邊設備類指數,246.35
2024-08-09,光電類指數,39.71
2024-08-09,通信網路類指數,151.43
2024-08-09,電子零組件類指數,223.02
2024-08-09,電子通路類指數,254.01
2024-08-09,資訊服務類指數,187.23
2024-08-09,其他電子類指數,153.12
2024-08-09,建材營造類指數,620.69
2024-08-09,航運類指數,172.67
2024-08-09,觀光餐旅類指數,119.06
2024-08-09,金融保險類指數,2011.55
2024-08-09,貿易百貨類指數,305.85
2024-08-09,油電燃氣類指數,87.37
2024-08-09,綠能環保類指數,121.18
2024-08-09,數位雲端類指數,64.19
2024-08-09,運動休閒類指數,92.99
2024-08-09,居家生活類指數,119.18
2024-08-09,其他類指數,363.99
2024-08-08,發行量加權股價指數,20870.1
2024-08-08,水泥窯製類指數,604.88
2024-08-08,塑膠化工類指數,704.12
2024-08-08,機電類指數,6176.19
2024-08-08,水泥類指數,160.28
2024-08-08,食品類指數,2199.62
2024-08-08,塑膠類指數,157.87
2024-08-08,紡織纖維類指數,622.54
2024-08-08,電機機械類指數,366.79
2024-08-08,電器電纜類指數,107.21
2024-08-08,化學生技醫療類指數,135.26
2024-08-08,化學類指數,158.78
2024-08-08,生技醫療類指數,76.57
2024-08-08,玻璃陶瓷類指數,45.49
2024-08-08,造紙類指數,308.91
2024-08-08,鋼鐵類指數,131.76
2024-08-08,橡膠類指數,273.99
2024-08-08,汽車類指數,366.77
2024-08-08,電子工業類指數,1105.95
2024-08-08,半導體類指數,555.75
2024-08-08,電腦及週邊設備類指數,240.32
2024-08-08,光電類指數,39.21
2024-08-08,通信網路類指數,151.14
2024-08-08,電子零組件類指數,217.59
2024-08-08,電子通路類指數,252.51
2024-08-08,資訊服務類指數,184.86
2024-08-08,其他電子類指數,148.5
2024-08-08,建材營造類指數,605.98
2024-08-08,航運類指數,171.87
2024-08-08,觀光餐旅類指數,117.9
2024-08-08,金融保險類指數,1957.78
2024-08-08,貿易百貨類指數,301.37
2024-08-08,油電燃氣類指數,86.02
2024-08-08,綠能環保類指數,117.75
2024-08-08,數位雲端類指數,64.48
2024-08-08,運動休閒類指數,92.4
2024-08-08,居家生活類指數,116.94
2024-08-08,其他類指數,358.69
2024-08-07,發行量加權股價指數,21295.28
2024-08-07,水泥窯製類指數,601.75
2024-08-07,塑膠化工類指數,718.81
2024-08-07,機電類指數,6320.09
2024-08-07,水泥類指數,159.09
2024-08-07,食品類指數,2200.41
2024-08-07,塑膠類指數,162.19
2024-08-07,紡織纖維類指數,629.04
2024-08-07,電機機械類指數,376.79
2024-08-07,電器電纜類指數,109.37
2024-08-07,化學生技醫療類指數,137.48
2024-08-07,化學類指數,162.17
2024-08-07,生技醫療類指數,77.58
2024-08-07,玻璃陶瓷類指數,46.03
2024-08-07,造紙類指數,312.58
2024-08-07,鋼鐵類指數,132.71
2024-08-07,橡膠類指數,277.48
2024-08-07,汽車類指數,374.39
2024-08-07,電子工業類指數,1131.63
2024-08-07,半導體類指數,570.22
2024-08-07,電腦及週邊設備類指數,244.53
2024-08-07,光電類指數,39.52
2024-08-07,通信網路類指數,152.17
2024-08-07,電子零組件類指數,221.06
2024-08-07,電子通路類指數,253.4
2024-08-07,資訊服務類指數,186.9
2024-08-07,其他電子類指數,153.75
2024-08-07,建材營造類指數,615.88
2024-08-07,航運類指數,177.15
2024-08-07,觀光餐旅類指數,119.87
2024-08-07,金融保險類指數,1978.69
2024-08-07,貿易百貨類指數,302.84
2024-08-07,油電燃氣類指數,87.79
2024-08-07,綠能環保類指數,117.62
2024-08-07,數位雲端類指數,65.71
2024-08-07,運動休閒類指數,92.9
2024-08-07,居家生活類指數,119.36
2024-08-07,其他類指數,363.19
2024-08-06,發行量加權股價指數,20501.02
2024-08-06,水泥窯製類指數,597.33
2024-08-06,塑膠化工類指數,700.61
2024-08-06,機電類指數,6050.65
2024-08-06,水泥類指數,158.79
2024-08-06,食品類指數,2178.22
2024-08-06,塑膠類指數,160.69
2024-08-06,紡織纖維類指數,614.03
2024-08-06,電機機械類指數,355.68
2024-08-06,電器電纜類指數,102.89
2024-08-06,化學生技醫療類指數,131.82
2024-08-06,化學類指數,156.16
2024-08-06,生技醫療類指數,74.17
2024-08-06,玻璃陶瓷類指數,43.84
2024-08-06,造紙類指數,301.5
2024-08-06,鋼鐵類指數,129.39
2024-08-06,橡膠類指數,269.54
2024-08-06,汽車類指數,364.81
2024-08-06,電子工業類指數,1083.88
2024-08-06,半導體類指數,544.54
2024-08-06,電腦及週邊設備類指數,232.53
2024-08-06,光電類指數,37.75
2024-08-06,通信網路類指數,150.05
2024-08-06,電子零組件類指數,211.59
2024-08-06,電子通路類指數,242.51
2024-08-06,資訊服務類指數,177.44
2024-08-06,其他電子類指數,149.8
2024-08-06,建材營造類指數,580.8
2024-08-06,航運類指數,168.73
2024-08-06,觀光餐旅類指數,115.92
2024-08-06,金融保險類指數,1943.32
2024-08-06,貿易百貨類指數,298.87
2024-08-06,油電燃氣類指數,88.73
2024-08-06,綠能環保類指數,112.4
2024-08-06,數位雲端類指數,64.19
2024-08-06,運動休閒類指數,89.53
2024-08-06,居家生活類指數,114.88
2024-08-06,其他類指數,350.49
2024-08-05,發行量加權股價指數,19830.88
2024-08-05,水泥窯製類指數,586.22
2024-08-05,塑膠化工類指數,690.03
2024-08-05,機電類指數,5791.66
2024-08-05,水泥類指數,155.06
2024-08-05,食品類指數,2132.5
2024-08-05,塑膠類指數,158.26
2024-08-05,紡織纖維類指數,616.58
2024-08-05,電機機械類指數,358.93
2024-08-05,電器電纜類指數,102.36
2024-08-05,化學生技醫療類指數,130.03
2024-08-05,化學類指數,155.7
2024-08-05,生技醫療類指數,72.64
2024-08-05,玻璃陶瓷類指數,44.67
2024-08-05,造紙類指數,296.57
2024-08-05,鋼鐵類指數,129.17
2024-08-05,橡膠類指數,264.01
2024-08-05,汽車類指數,367.06
2024-08-05,電子工業類指數,1035.85
2024-08-05,半導體類指數,509.67
2024-08-05,電腦及週邊設備類指數,231.79
2024-08-05,光電類指數,37.78
2024-08-05,通信網路類指數,148.98
2024-08-05,電子零組件類指數,207.7
2024-08-05,電子通路類指數,239.4
2024-08-05,資訊服務類指數,180.02
2024-08-05,其他電子類指數,149.44
2024-08-05,建材營造類指數,612.08
2024-08-05,航運類指數,164.76
2024-08-05,觀光餐旅類指數,116.89
2024-08-05,金融保險類指數,1912.8
2024-08-05,貿易百貨類指數,293.91
2024-08-05,油電燃氣類指數,85.34
2024-08-05,綠能環保類指數,115.36
2024-08-05,數位雲端類指數,63.29
2024-08-05,運動休閒類指數,89.92
2024-08-05,居家生活類指數,113.04
2024-08-05,其他類指數,351.73
2024-08-02,發行量加權股價指數,21638.09
2024-08-02,水泥窯製類指數,613.65
2024-08-02,塑膠化工類指數,740.07
2024-08-02,機電類指數,6367.81
2024-08-02,水泥類指數,161.07
2024-08-02,食品類指數,2219.68
2024-08-02,塑膠類指數,167.9
2024-08-02,紡織纖維類指數,663.57
2024-08-02,電機機械類指數,392.7
2024-08-02,電器電纜類指數,112.77
2024-08-02,化學生技醫療類指數,140.71
2024-08-02,化學類指數,168.53
2024-08-02,生技醫療類指數,78.58
2024-08-02,玻璃陶瓷類指數,49.42
2024-08-02,造紙類指數,325.02
2024-08-02,鋼鐵類指數,138.05
2024-08-02,橡膠類指數,285.95
2024-08-02,汽車類指數,396.98
2024-08-02,電子工業類指數,1139.03
2024-08-02,半導體類指數,563.07
2024-08-02,電腦及週邊設備類指數,255.46
2024-08-02,光電類指數,41.49
2024-08-02,通信網路類指數,154.27
2024-08-02,電子零組件類指數,228.1
2024-08-02,電子通路類指數,259.13
2024-08-02,資訊服務類指數,195.39
2024-08-02,其他電子類指數,165.04
2024-08-02,建材營造類指數,673.65
2024-08-02,航運類指數,177.3
2024-08-02,觀光餐旅類指數,126.67
2024-08-02,金融保險類指數,2055.25
2024-08-02,貿易百貨類指數,304.09
2024-08-02,油電燃氣類指數,89.54
2024-08-02,綠能環保類指數,124.97
2024-08-02,數位雲端類指數,67.25
2024-08-02,運動休閒類指數,97.2
2024-08-02,居家生活類指數,120.46
2024-08-02,其他類指數,378.77
2024-08-01,發行量加權股價指數,22642.1
2024-08-01,水泥窯製類指數,619.78
2024-08-01,塑膠化工類指數,761.0
2024-08-01,機電類指數,6732.22
2024-08-01,水泥類指數,162.13
2024-08-01,食品類指數,2252.8
2024-08-01,塑膠類指數,171.67
2024-08-01,紡織纖維類指數,680.9
2024-08-01,電機機械類指數,407.18
2024-08-01,電器電纜類指數,116.1
2024-08-01,化學生技醫療類指數,145.86
2024-08-01,化學類指數,173.62
2024-08-01,生技醫療類指數,81.8
2024-08-01,玻璃陶瓷類指數,51.07
2024-08-01,造紙類指數,331.98
2024-08-01,鋼鐵類指數,140.09
2024-08-01,橡膠類指數,291.79
2024-08-01,汽車類指數,404.59
2024-08-01,電子工業類指數,1205.01
2024-08-01,半導體類指數,598.36
2024-08-01,電腦及週邊設備類指數,268.39
2024-08-01,光電類指數,42.77
2024-08-01,通信網路類指數,155.24
2024-08-01,電子零組件類指數,242.51
2024-08-01,電子通路類指數,265.58
2024-08-01,資訊服務類指數,202.59
2024-08-01,其他電子類指數,177.11
2024-08-01,建材營造類指數,709.55
2024-08-01,航運類指數,180.64
2024-08-01,觀光餐旅類指數,128.62
2024-08-01,金融保險類指數,2089.03
2024-08-01,貿易百貨類指數,307.73
2024-08-01,油電燃氣類指數,90.02
2024-08-01,綠能環保類指數,130.24
2024-08-01,數位雲端類指數,69.62
2024-08-01,運動休閒類指數,99.87
2024-08-01,居家生活類指數,123.34
2024-08-01,其他類指數,390.4
2024-07-31,發行量加權股價指數,22199.35
2024-07-31,水泥窯製類指數,617.78
2024-07-31,塑膠化工類指數,750.78
2024-07-31,機電類指數,6573.52
2024-07-31,水泥類指數,162.13
2024-07-31,食品類指數,2303.67
2024-07-31,塑膠類指數,170.79
2024-07-31,紡織纖維類指數,666.82
2024-07-31,電機機械類指數,401.76
2024-07-31,電器電纜類指數,113.38
2024-07-31,化學生技醫療類指數,142.72
2024-07-31,化學類指數,170.71
2024-07-31,生技醫療類指數,79.78
2024-07-31,玻璃陶瓷類指數,49.79
2024-07-31,造紙類指數,327.17
2024-07-31,鋼鐵類指數,139.25
2024-07-31,橡膠類指數,287.26
2024-07-31,汽車類指數,398.85
2024-07-31,電子工業類指數,1176.29
2024-07-31,半導體類指數,584.81
2024-07-31,電腦及週邊設備類指數,255.86
2024-07-31,光電類指數,42.15
2024-07-31,通信網路類指數,154.02
2024-07-31,電子零組件類指數,237.83
2024-07-31,電子通路類指數,261.5
2024-07-31,資訊服務類指數,198.74
2024-07-31,其他電子類指數,172.65
2024-07-31,建材營造類指數,687.83
2024-07-31,航運類指數,177.59
2024-07-31,觀光餐旅類指數,127.75
2024-07-31,金融保險類指數,2076.29
2024-07-31,貿易百貨類指數,308.55
2024-07-31,油電燃氣類指數,88.55
2024-07-31,綠能環保類指數,128.47
2024-07-31,數位雲端類指數,69.06
2024-07-31,運動休閒類指數,98.85
2024-07-31,居家生活類指數,121.17
2024-07-31,其他類指數,384.06
2024-07-30,發行量加權股價指數,22223.57
2024-07-30,水泥窯製類指數,617.42
2024-07-30,塑膠化工類指數,749.73
2024-07-30,機電類指數,6595.82
2024-07-30,水泥類指數,162.02
2024-07-30,食品類指數,2332.32
2024-07-30,塑膠類指數,170.37
2024-07-30,紡織纖維類指數,665.81
2024-07-30,電機機械類指數,407.67
2024-07-30,電器電纜類指數,114.48
2024-07-30,化學生技醫療類指數,142.61
2024-07-30,化學類指數,168.45
2024-07-30,生技醫療類指數,80.4
2024-07-30,玻璃陶瓷類指數,49.8
2024-07-30,造紙類指數,328.21
2024-07-30,鋼鐵類指數,139.27
2024-07-30,橡膠類指數,287.36
2024-07-30,汽車類指數,402.9
2024-07-30,電子工業類指數,1179.89
2024-07-30,半導體類指數,589.03
2024-07-30,電腦及週邊設備類指數,255.02
2024-07-30,光電類指數,42.79
2024-07-30,通信網路類指數,154.03
2024-07-30,電子零組件類指數,234.55
2024-07-30,電子通路類指數,260.94
2024-07-30,資訊服務類指數,198.5
2024-07-30,其他電子類指數,171.5
2024-07-30,建材營造類指數,690.99
2024-07-30,航運類指數,175.25
2024-07-30,觀光餐旅類指數,128.22
2024-07-30,金融保險類指數,2055.6
2024-07-30,貿易百貨類指數,307.47
2024-07-30,油電燃氣類指數,88.13
2024-07-30,綠能環保類指數,129.62
2024-07-30,數位雲端類指數,69.01
2024-07-30,運動休閒類指數,96.65
2024-07-30,居家生活類指數,123.48
2024-07-30,其他類指數,383.23
2024-07-29,發行量加權股價指數,22164.49
2024-07-29,水泥窯製類指數,620.78
2024-07-29,塑膠化工類指數,748.0
2024-07-29,機電類指數,6571.87
2024-07-29,水泥類指數,163.05
2024-07-29,食品類指數,2338.15
2024-07-29,塑膠類指數,171.55
2024-07-29,紡織纖維類指數,664.16
2024-07-29,電機機械類指數,405.62
2024-07-29,電器電纜類指數,114.96
2024-07-29,化學生技醫療類指數,141.12
2024-07-29,化學類指數,167.31
2024-07-29,生技醫療類指數,79.36
2024-07-29,玻璃陶瓷類指數,49.75
2024-07-29,造紙類指數,326.87
2024-07-29,鋼鐵類指數,138.32
2024-07-29,橡膠類指數,285.04
2024-07-29,汽車類指數,401.94
2024-07-29,電子工業類指數,1175.59
2024-07-29,半導體類指數,589.99
2024-07-29,電腦及週邊設備類指數,252.62
2024-07-29,光電類指數,41.64
2024-07-29,通信網路類指數,153.01
2024-07-29,電子零組件類指數,230.84
2024-07-29,電子通路類指數,260.65
2024-07-29,資訊服務類指數,198.84
2024-07-29,其他電子類指數,168.53
2024-07-29,建材營造類指數,676.44
2024-07-29,航運類指數,171.65
2024-07-29,觀光餐旅類指數,127.83
2024-07-29,金融保險類指數,2074.11
2024-07-29,貿易百貨類指數,308.88
2024-07-29,油電燃氣類指數,89.18
2024-07-29,綠能環保類指數,129.98
2024-07-29,數位雲端類指數,69.0
2024-07-29,運動休閒類指數,96.21
2024-07-29,居家生活類指數,122.07
2024-07-29,其他類指數,379.54
2024-07-26,發行量加權股價指數,22119.21
2024-07-26,水泥窯製類指數,617.97
2024-07-26,塑膠化工類指數,753.19
2024-07-26,機電類指數,6561.48
2024-07-26,水泥類指數,161.98
2024-07-26,食品類指數,2345.43
2024-07-26,塑膠類指數,171.2
2024-07-26,紡織纖維類指數,661.42
2024-07-26,電機機械類指數,426.28
2024-07-26,電器電纜類指數,117.71
2024-07-26,化學生技醫療類指數,143.95
2024-07-26,化學類指數,168.82
2024-07-26,生技醫療類指數,81.54
2024-07-26,玻璃陶瓷類指數,50.24
2024-07-26,造紙類指數,328.22
2024-07-26,鋼鐵類指數,138.85
2024-07-26,橡膠類指數,283.49
2024-07-26,汽車類指數,400.97
2024-07-26,電子工業類指數,1171.95
2024-07-26,半導體類指數,582.85
2024-07-26,電腦及週邊設備類指數,258.96
2024-07-26,光電類指數,42.13
2024-07-26,通信網路類指數,154.82
2024-07-26,電子零組件類指數,234.21
2024-07-26,電子通路類指數,266.13
2024-07-26,資訊服務類指數,202.82
2024-07-26,其他電子類指數,168.48
2024-07-26,建材營造類指數,667.76
2024-07-26,航運類指數,173.52
2024-07-26,觀光餐旅類指數,127.99
2024-07-26,金融保險類指數,2048.66
2024-07-26,貿易百貨類指數,310.26
2024-07-26,油電燃氣類指數,89.32
2024-07-26,綠能環保類指數,134.71
2024-07-26,數位雲端類指數,68.5
2024-07-26,運動休閒類指數,96.64
2024-07-26,居家生活類指數,118.4
2024-07-26,其他類指數,380.37
2024-07-23,發行量加權股價指數,22871.84
2024-07-23,水泥窯製類指數,619.23
2024-07-23,塑膠化工類指數,760.22
2024-07-23,機電類指數,6853.65
2024-07-23,水泥類指數,162.26
2024-07-23,食品類指數,2373.75
2024-07-23,塑膠類指數,172.58
2024-07-23,紡織纖維類指數,667.7
2024-07-23,電機機械類指數,447.85
2024-07-23,電器電纜類指數,117.35
2024-07-23,化學生技醫療類指數,145.72
2024-07-23,化學類指數,170.83
2024-07-23,生技醫療類指數,82.56
2024-07-23,玻璃陶瓷類指數,50.45
2024-07-23,造紙類指數,332.03
2024-07-23,鋼鐵類指數,140.31
2024-07-23,橡膠類指數,284.44
2024-07-23,汽車類指數,403.53
2024-07-23,電子工業類指數,1224.29
2024-07-23,半導體類指數,613.42
2024-07-23,電腦及週邊設備類指數,272.36
2024-07-23,光電類指數,42.93
2024-07-23,通信網路類指數,154.66
2024-07-23,電子零組件類指數,238.81
2024-07-23,電子通路類指數,276.01
2024-07-23,資訊服務類指數,207.9
2024-07-23,其他電子類指數,175.11
2024-07-23,建材營造類指數,670.25
2024-07-23,航運類指數,174.68
2024-07-23,觀光餐旅類指數,129.45
2024-07-23,金融保險類指數,2075.01
2024-07-23,貿易百貨類指數,311.05
2024-07-23,油電燃氣類指數,89.54
2024-07-23,綠能環保類指數,139.36
2024-07-23,數位雲端類指數,67.66
2024-07-23,運動休閒類指數,96.55
2024-07-23,居家生活類指數,116.13
2024-07-23,其他類指數,384.03
2024-07-22,發行量加權股價指數,22256.99
2024-07-22,水泥窯製類指數,610.98
2024-07-22,塑膠化工類指數,754.99
2024-07-22,機電類指數,6635.06
2024-07-22,水泥類指數,160.05
2024-07-22,食品類指數,2363.99
2024-07-22,塑膠類指數,173.6
2024-07-22,紡織纖維類指數,660.26
2024-07-22,電機機械類指數,431.7
2024-07-22,電器電纜類指數,115.26
2024-07-22,化學生技醫療類指數,142.94
2024-07-22,化學類指數,168.88
2024-07-22,生技醫療類指數,80.57
2024-07-22,玻璃陶瓷類指數,49.88
2024-07-22,造紙類指數,329.26
2024-07-22,鋼鐵類指數,139.73
2024-07-22,橡膠類指數,281.19
2024-07-22,汽車類指數,400.11
2024-07-22,電子工業類指數,1185.28
2024-07-22,半導體類指數,590.54
2024-07-22,電腦及週邊設備類指數,268.07
2024-07-22,光電類指數,42.96
2024-07-22,通信網路類指數,153.31
2024-07-22,電子零組件類指數,231.55
2024-07-22,電子通路類指數,273.42
2024-07-22,資訊服務類指數,204.31
2024-07-22,其他電子類指數,168.41
2024-07-22,建材營造類指數,649.81
2024-07-22,航運類指數,169.14
2024-07-22,觀光餐旅類指數,126.2
2024-07-22,金融保險類指數,2038.68
2024-07-22,貿易百貨類指數,308.42
2024-07-22,油電燃氣類指數,90.45
2024-07-22,綠能環保類指數,143.38
2024-07-22,數位雲端類指數,66.91
2024-07-22,運動休閒類指數,95.2
2024-07-22,居家生活類指數,114.02
2024-07-22,其他類指數,374.87
2024-07-19,發行量加權股價指數,22869.26
2024-07-19,水泥窯製類指數,616.5
2024-07-19,塑膠化工類指數,762.77
2024-07-19,機電類指數,6856.9
2024-07-19,水泥類指數,161.05
2024-07-19,食品類指數,2338.36
2024-07-19,塑膠類指數,173.97
2024-07-19,紡織纖維類指數,673.13
2024-07-19,電機機械類指數,451.08
2024-07-19,電器電纜類指數,119.06
2024-07-19,化學生技醫療類指數,145.73
2024-07-19,化學類指數,171.81
2024-07-19,生技醫療類指數,82.26
2024-07-19,玻璃陶瓷類指數,51.28
2024-07-19,造紙類指數,333.9
2024-07-19,鋼鐵類指數,141.09
2024-07-19,橡膠類指數,283.69
2024-07-19,汽車類指數,403.64
2024-07-19,電子工業類指數,1224.54
2024-07-19,半導體類指數,610.05
2024-07-19,電腦及週邊設備類指數,275.86
2024-07-19,光電類指數,44.16
2024-07-19,通信網路類指數,155.3
2024-07-19,電子零組件類指數,240.67
2024-07-19,電子通路類指數,278.87
2024-07-19,資訊服務類指數,208.83
2024-07-19,其他電子類指數,176.78
2024-07-19,建材營造類指數,662.38
2024-07-19,航運類指數,172.19
2024-07-19,觀光餐旅類指數,129.38
2024-07-19,金融保險類指數,2078.42
2024-07-19,貿易百貨類指數,309.81
2024-07-19,油電燃氣類指數,89.4
2024-07-19,綠能環保類指數,141.11
2024-07-19,數位雲端類指數,68.26
2024-07-19,運動休閒類指數,96.24
2024-07-19,居家生活類指數,115.96
2024-07-19,其他類指數,379.95
2024-07-18,發行量加權股價指數,23398.47
2024-07-18,水泥窯製類指數,625.04
2024-07-18,塑膠化工類指數,774.0
2024-07-18,機電類指數,7030.91
2024-07-18,水泥類指數,162.89
2024-07-18,食品類指數,2359.27
2024-07-18,塑膠類指數,176.15
2024-07-18,紡織纖維類指數,674.5
2024-07-18,電機機械類指數,453.33
2024-07-18,電器電纜類指數,120.39
2024-07-18,化學生技醫療類指數,148.08
2024-07-18,化學類指數,175.33
2024-07-18,生技醫療類指數,83.35
2024-07-18,玻璃陶瓷類指數,52.82
2024-07-18,造紙類指數,343.08
2024-07-18,鋼鐵類指數,142.3
2024-07-18,橡膠類指數,288.78
2024-07-18,汽車類指數,410.31
2024-07-18,電子工業類指數,1256.41
2024-07-18,半導體類指數,630.26
2024-07-18,電腦及週邊設備類指數,279.69
2024-07-18,光電類指數,45.23
2024-07-18,通信網路類指數,155.28
2024-07-18,電子零組件類指數,245.92
2024-07-18,電子通路類指數,282.03
2024-07-18,資訊服務類指數,210.89
2024-07-18,其他電子類指數,178.01
2024-07-18,建材營造類指數,680.27
2024-07-18,航運類指數,177.03
2024-07-18,觀光餐旅類指數,131.94
2024-07-18,金融保險類指數,2122.89
2024-07-18,貿易百貨類指數,312.75
2024-07-18,油電燃氣類指數,90.97
2024-07-18,綠能環保類指數,138.32
2024-07-18,數位雲端類指數,69.98
2024-07-18,運動休閒類指數,97.87
2024-07-18,居家生活類指數,113.83
2024-07-18,其他類指數,385.95
2024-07-17,發行量加權股價指數,23769.82
2024-07-17,水泥窯製類指數,633.78
2024-07-17,塑膠化工類指數,770.02
2024-07-17,機電類指數,7193.76
2024-07-17,水泥類指數,165.28
2024-07-17,食品類指數,2320.45
2024-07-17,塑膠類指數,173.9
2024-07-17,紡織纖維類指數,694.97
2024-07-17,電機機械類指數,457.41
2024-07-17,電器電纜類指數,121.12
2024-07-17,化學生技醫療類指數,148.44
2024-07-17,化學類指數,174.75
2024-07-17,生技醫療類指數,83.87
2024-07-17,玻璃陶瓷類指數,53.31
2024-07-17,造紙類指數,337.87
2024-07-17,鋼鐵類指數,141.35
2024-07-17,橡膠類指數,287.81
2024-07-17,汽車類指數,411.23
2024-07-17,電子工業類指數,1286.12
2024-07-17,半導體類指數,646.06
2024-07-17,電腦及週邊設備類指數,286.19
2024-07-17,光電類指數,45.81
2024-07-17,通信網路類指數,154.27
2024-07-17,電子零組件類指數,252.84
2024-07-17,電子通路類指數,283.75
2024-07-17,資訊服務類指數,212.98
2024-07-17,其他電子類指數,183.94
2024-07-17,建材營造類指數,674.97
2024-07-17,航運類指數,177.29
2024-07-17,觀光餐旅類指數,131.65
2024-07-17,金融保險類指數,2120.71
2024-07-17,貿易百貨類指數,311.64
2024-07-17,油電燃氣類指數,89.27
2024-07-17,綠能環保類指數,137.65
2024-07-17,數位雲端類指數,70.38
2024-07-17,運動休閒類指數,96.84
2024-07-17,居家生活類指數,113.1
2024-07-17,其他類指數,386.1
2024-07-16,發行量加權股價指數,23997.25
2024-07-16,水泥窯製類指數,632.23
2024-07-16,塑膠化工類指數,752.45
2024-07-16,機電類指數,7297.33
2024-07-16,水泥類指數,165.0
2024-07-16,食品類指數,2324.86
2024-07-16,塑膠類指數,168.07
2024-07-16,紡織纖維類指數,694.47
2024-07-16,電機機械類指數,457.09
2024-07-16,電器電纜類指數,119.74
2024-07-16,化學生技醫療類指數,145.83
2024-07-16,化學類指數,173.11
2024-07-16,生技醫療類指數,81.94
2024-07-16,玻璃陶瓷類指數,52.91
2024-07-16,造紙類指數,338.79
2024-07-16,鋼鐵類指數,140.86
2024-07-16,橡膠類指數,287.58
2024-07-16,汽車類指數,417.07
2024-07-16,電子工業類指數,1305.36
2024-07-16,半導體類指數,658.9
2024-07-16,電腦及週邊設備類指數,290.69
2024-07-16,光電類指數,45.73
2024-07-16,通信網路類指數,154.37
2024-07-16,電子零組件類指數,251.97
2024-07-16,電子通路類指數,286.57
2024-07-16,資訊服務類指數,215.11
2024-07-16,其他電子類指數,185.37
2024-07-16,建材營造類指數,666.41
2024-07-16,航運類指數,177.48
2024-07-16,觀光餐旅類指數,131.53
2024-07-16,金融保險類指數,2130.82
2024-07-16,貿易百貨類指數,311.52
2024-07-16,油電燃氣類指數,88.25
2024-07-16,綠能環保類指數,136.57
2024-07-16,數位雲端類指數,69.55
2024-07-16,運動休閒類指數,96.06
2024-07-16,居家生活類指數,112.75
2024-07-16,其他類指數,382.24
2024-07-15,發行量加權股價指數,23879.36
2024-07-15,水泥窯製類指數,636.16
2024-07-15,塑膠化工類指數,755.41
2024-07-15,機電類指數,7244.25
2024-07-15,水泥類指數,166.2
2024-07-15,食品類指數,2347.16
2024-07-15,塑膠類指數,169.01
2024-07-15,紡織纖維類指數,698.28
2024-07-15,電機機械類指數,463.46
2024-07-15,電器電纜類指數,120.06
2024-07-15,化學生技醫療類指數,146.32
2024-07-15,化學類指數,173.4
2024-07-15,生技醫療類指數,82.3
2024-07-15,玻璃陶瓷類指數,52.88
2024-07-15,造紙類指數,338.84
2024-07-15,鋼鐵類指數,142.76
2024-07-15,橡膠類指數,287.55
2024-07-15,汽車類指數,410.82
2024-07-15,電子工業類指數,1295.06
2024-07-15,半導體類指數,651.72
2024-07-15,電腦及週邊設備類指數,287.79
2024-07-15,光電類指數,45.86
2024-07-15,通信網路類指數,153.56
2024-07-15,電子零組件類指數,250.37
2024-07-15,電子通路類指數,288.46
2024-07-15,資訊服務類指數,210.16
2024-07-15,其他電子類指數,187.45
2024-07-15,建材營造類指數,655.09
2024-07-15,航運類指數,179.25
2024-07-15,觀光餐旅類指數,130.86
2024-07-15,金融保險類指數,2132.22
2024-07-15,貿易百貨類指數,313.15
2024-07-15,油電燃氣類指數,88.26
2024-07-15,綠能環保類指數,138.08
2024-07-15,數位雲端類指數,69.6
2024-07-15,運動休閒類指數,95.31
2024-07-15,居家生活類指數,113.91
2024-07-15,其他類指數,382.01
2024-07-12,發行量加權股價指數,23916.93
2024-07-12,水泥窯製類指數,639.44
2024-07-12,塑膠化工類指數,753.85
2024-07-12,機電類指數,7251.25
2024-07-12,水泥類指數,166.89
2024-07-12,食品類指數,2338.27
2024-07-12,塑膠類指數,170.41
2024-07-12,紡織纖維類指數,691.72
2024-07-12,電機機械類指數,457.29
2024-07-12,電器電纜類指數,120.16
2024-07-12,化學生技醫療類指數,144.25
2024-07-12,化學類指數,173.22
2024-07-12,生技醫療類指數,80.42
2024-07-12,玻璃陶瓷類指數,53.5
2024-07-12,造紙類指數,340.84
2024-07-12,鋼鐵類指數,141.88
2024-07-12,橡膠類指數,288.49
2024-07-12,汽車類指數,412.28
2024-07-12,電子工業類指數,1296.81
2024-07-12,半導體類指數,651.88
2024-07-12,電腦及週邊設備類指數,290.84
2024-07-12,光電類指數,45.85
2024-07-12,通信網路類指數,154.28
2024-07-12,電子零組件類指數,251.59
2024-07-12,電子通路類指數,284.94
2024-07-12,資訊服務類指數,208.53
2024-07-12,其他電子類指數,186.86
2024-07-12,建材營造類指數,637.67
2024-07-12,航運類指數,180.45
2024-07-12,觀光餐旅類指數,130.83
2024-07-12,金融保險類指數,2159.55
2024-07-12,貿易百貨類指數,313.3
2024-07-12,油電燃氣類指數,88.32
2024-07-12,綠能環保類指數,137.12
2024-07-12,數位雲端類指數,70.38
2024-07-12,運動休閒類指數,96.07
2024-07-12,居家生活類指數,114.73
2024-07-12,其他類指數,379.86
2024-07-11,發行量加權股價指數,24390.03
2024-07-11,水泥窯製類指數,634.51
2024-07-11,塑膠化工類指數,744.26
2024-07-11,機電類指數,7461.14
2024-07-11,水泥類指數,165.61
2024-07-11,食品類指數,2332.05
2024-07-11,塑膠類指數,166.87
2024-07-11,紡織纖維類指數,687.98
2024-07-11,電機機械類指數,460.53
2024-07-11,電器電纜類指數,117.87
2024-07-11,化學生技醫療類指數,143.54
2024-07-11,化學類指數,172.12
2024-07-11,生技醫療類指數,80.1
2024-07-11,玻璃陶瓷類指數,53.08
2024-07-11,造紙類指數,341.29
2024-07-11,鋼鐵類指數,141.29
2024-07-11,橡膠類指數,285.51
2024-07-11,汽車類指數,411.74
2024-07-11,電子工業類指數,1335.46
2024-07-11,半導體類指數,676.1
2024-07-11,電腦及週邊設備類指數,293.8
2024-07-11,光電類指數,45.77
2024-07-11,通信網路類指數,155.03
2024-07-11,電子零組件類指數,255.64
2024-07-11,電子通路類指數,285.38
2024-07-11,資訊服務類指數,211.58
2024-07-11,其他電子類指數,194.02
2024-07-11,建材營造類指數,640.47
2024-07-11,航運類指數,182.44
2024-07-11,觀光餐旅類指數,131.1
2024-07-11,金融保險類指數,2153.41
2024-07-11,貿易百貨類指數,309.16
2024-07-11,油電燃氣類指數,87.88
2024-07-11,綠能環保類指數,136.67
2024-07-11,數位雲端類指數,69.11
2024-07-11,運動休閒類指數,95.05
2024-07-11,居家生活類指數,114.67
2024-07-11,其他類指數,376.96
2024-07-10,發行量加權股價指數,24007.08
2024-07-10,水泥窯製類指數,629.46
2024-07-10,塑膠化工類指數,742.43
2024-07-10,機電類指數,7317.32
2024-07-10,水泥類指數,164.0
2024-07-10,食品類指數,2323.45
2024-07-10,塑膠類指數,164.9
2024-07-10,紡織纖維類指數,684.73
2024-07-10,電機機械類指數,464.31
2024-07-10,電器電纜類指數,118.34
2024-07-10,化學生技醫療類指數,144.63
2024-07-10,化學類指數,173.38
2024-07-10,生技醫療類指數,80.73
2024-07-10,玻璃陶瓷類指數,53.27
2024-07-10,造紙類指數,342.15
2024-07-10,鋼鐵類指數,141.26
2024-07-10,橡膠類指數,284.41
2024-07-10,汽車類指數,409.38
2024-07-10,電子工業類指數,1308.59
2024-07-10,半導體類指數,657.66
2024-07-10,電腦及週邊設備類指數,295.75
2024-07-10,光電類指數,45.3
2024-07-10,通信網路類指數,154.75
2024-07-10,電子零組件類指數,250.28
2024-07-10,電子通路類指數,282.85
2024-07-10,資訊服務類指數,211.42
2024-07-10,其他電子類指數,192.51
2024-07-10,建材營造類指數,635.55
2024-07-10,航運類指數,183.05
2024-07-10,觀光餐旅類指數,131.69
2024-07-10,金融保險類指數,2128.25
2024-07-10,貿易百貨類指數,306.45
2024-07-10,油電燃氣類指數,87.91
2024-07-10,綠能環保類指數,135.96
2024-07-10,數位雲端類指數,67.45
2024-07-10,運動休閒類指數,94.53
2024-07-10,居家生活類指數,116.33
2024-07-10,其他類指數,374.99
2024-07-09,發行量加權股價指數,23900.08
2024-07-09,水泥窯製類指數,629.87
2024-07-09,塑膠化工類指數,746.27
2024-07-09,機電類指數,7294.4
2024-07-09,水泥類指數,164.6
2024-07-09,食品類指數,2320.61
2024-07-09,塑膠類指數,167.09
2024-07-09,紡織纖維類指數,687.97
2024-07-09,電機機械類指數,456.23
2024-07-09,電器電纜類指數,119.44
2024-07-09,化學生技醫療類指數,144.52
2024-07-09,化學類指數,173.64
2024-07-09,生技醫療類指數,80.54
2024-07-09,玻璃陶瓷類指數,52.27
2024-07-09,造紙類指數,343.89
2024-07-09,鋼鐵類指數,141.66
2024-07-09,橡膠類指數,283.44
2024-07-09,汽車類指數,406.42
2024-07-09,電子工業類指數,1304.9
2024-07-09,半導體類指數,656.27
2024-07-09,電腦及週邊設備類指數,292.89
2024-07-09,光電類指數,45.15
2024-07-09,通信網路類指數,155.65
2024-07-09,電子零組件類指數,247.83
2024-07-09,電子通路類指數,280.76
2024-07-09,資訊服務類指數,210.87
2024-07-09,其他電子類指數,193.06
2024-07-09,建材營造類指數,611.12
2024-07-09,航運類指數,182.77
2024-07-09,觀光餐旅類指數,130.12
2024-07-09,金融保險類指數,2097.34
2024-07-09,貿易百貨類指數,307.48
2024-07-09,油電燃氣類指數,88.0
2024-07-09,綠能環保類指數,133.36
2024-07-09,數位雲端類指數,67.42
2024-07-09,運動休閒類指數,93.43
2024-07-09,居家生活類指數,115.35
2024-07-09,其他類指數,372.6
2024-07-08,發行量加權股價指數,23878.15
2024-07-08,水泥窯製類指數,637.81
2024-07-08,塑膠化工類指數,758.06
2024-07-08,機電類指數,7265.12
2024-07-08,水泥類指數,166.58
2024-07-08,食品類指數,2316.88
2024-07-08,塑膠類指數,169.67
2024-07-08,紡織纖維類指數,689.19
2024-07-08,電機機械類指數,454.7
2024-07-08,電器電纜類指數,118.5
2024-07-08,化學生技醫療類指數,146.81
2024-07-08,化學類指數,176.23
2024-07-08,生技醫療類指數,81.86
2024-07-08,玻璃陶瓷類指數,53.13
2024-07-08,造紙類指數,346.37
2024-07-08,鋼鐵類指數,142.98
2024-07-08,橡膠類指數,288.3
2024-07-08,汽車類指數,410.71
2024-07-08,電子工業類指數,1299.67
2024-07-08,半導體類指數,651.69
2024-07-08,電腦及週邊設備類指數,292.17
2024-07-08,光電類指數,45.28
2024-07-08,通信網路類指數,157.16
2024-07-08,電子零組件類指數,248.19
2024-07-08,電子通路類指數,279.14
2024-07-08,資訊服務類指數,207.19
2024-07-08,其他電子類指數,193.71
2024-07-08,建材營造類指數,616.66
2024-07-08,航運類指數,184.56
2024-07-08,觀光餐旅類指數,130.09
2024-07-08,金融保險類指數,2103.35
2024-07-08,貿易百貨類指數,306.41
2024-07-08,油電燃氣類指數,90.3
2024-07-08,綠能環保類指數,129.86
2024-07-08,數位雲端類指數,68.3
2024-07-08,運動休閒類指數,93.67
2024-07-08,居家生活類指數,120.32
2024-07-08,其他類指數,376.22
2024-07-05,發行量加權股價指數,23556.59
2024-07-05,水泥窯製類指數,638.67
2024-07-05,塑膠化工類指數,755.96
2024-07-05,機電類指數,7125.54
2024-07-05,水泥類指數,166.37
2024-07-05,食品類指數,2319.79
2024-07-05,塑膠類指數,168.55
2024-07-05,紡織纖維類指數,686.29
2024-07-05,電機機械類指數,461.9
2024-07-05,電器電纜類指數,119.12
2024-07-05,化學生技醫療類指數,146.59
2024-07-05,化學類指數,177.36
2024-07-05,生技醫療類指數,81.29
2024-07-05,玻璃陶瓷類指數,54.12
2024-07-05,造紙類指數,346.98
2024-07-05,鋼鐵類指數,144.23
2024-07-05,橡膠類指數,290.35
2024-07-05,汽車類指數,412.94
2024-07-05,電子工業類指數,1273.32
2024-07-05,半導體類指數,634.65
2024-07-05,電腦及週邊設備類指數,289.85
2024-07-05,光電類指數,44.76
2024-07-05,通信網路類指數,161.11
2024-07-05,電子零組件類指數,246.88
2024-07-05,電子通路類指數,281.63
2024-07-05,資訊服務類指數,210.18
2024-07-05,其他電子類指數,186.49
2024-07-05,建材營造類指數,623.24
2024-07-05,航運類指數,191.92
2024-07-05,觀光餐旅類指數,131.39
2024-07-05,金融保險類指數,2087.98
2024-07-05,貿易百貨類指數,306.18
2024-07-05,油電燃氣類指數,89.99
2024-07-05,綠能環保類指數,131.72
2024-07-05,數位雲端類指數,68.86
2024-07-05,運動休閒類指數,94.19
2024-07-05,居家生活類指數,117.98
2024-07-05,其他類指數,376.33
2024-07-04,發行量加權股價指數,23522.53
2024-07-04,水泥窯製類指數,638.29
2024-07-04,塑膠化工類指數,754.6
2024-07-04,機電類指數,7110.73
2024-07-04,水泥類指數,167.03
2024-07-04,食品類指數,2314.47
2024-07-04,塑膠類指數,169.46
2024-07-04,紡織纖維類指數,684.77
2024-07-04,電機機械類指數,465.83
2024-07-04,電器電纜類指數,119.42
2024-07-04,化學生技醫療類指數,145.55
2024-07-04,化學類指數,176.34
2024-07-04,生技醫療類指數,80.64
2024-07-04,玻璃陶瓷類指數,52.48
2024-07-04,造紙類指數,347.88
2024-07-04,鋼鐵類指數,144.15
2024-07-04,橡膠類指數,287.59
2024-07-04,汽車類指數,411.75
2024-07-04,電子工業類指數,1270.27
2024-07-04,半導體類指數,634.81
2024-07-04,電腦及週邊設備類指數,289.41
2024-07-04,光電類指數,43.96
2024-07-04,通信網路類指數,158.97
2024-07-04,電子零組件類指數,243.57
2024-07-04,電子通路類指數,282.51
2024-07-04,資訊服務類指數,206.61
2024-07-04,其他電子類指數,186.09
2024-07-04,建材營造類指數,624.34
2024-07-04,航運類指數,195.47
2024-07-04,觀光餐旅類指數,131.24
2024-07-04,金融保險類指數,2081.73
2024-07-04,貿易百貨類指數,305.58
2024-07-04,油電燃氣類指數,90.73
2024-07-04,綠能環保類指數,130.0
2024-07-04,數位雲端類指數,68.99
2024-07-04,運動休閒類指數,94.14
2024-07-04,居家生活類指數,118.52
2024-07-04,其他類指數,376.73
2024-07-03,發行量加權股價指數,23172.43
2024-07-03,水泥窯製類指數,635.39
2024-07-03,塑膠化工類指數,750.27
2024-07-03,機電類指數,6973.44
2024-07-03,水泥類指數,166.23
2024-07-03,食品類指數,2264.56
2024-07-03,塑膠類指數,166.26
2024-07-03,紡織纖維類指數,675.42
2024-07-03,電機機械類指數,452.81
2024-07-03,電器電纜類指數,117.6
2024-07-03,化學生技醫療類指數,146.4
2024-07-03,化學類指數,174.85
2024-07-03,生技醫療類指數,81.92
2024-07-03,玻璃陶瓷類指數,52.33
2024-07-03,造紙類指數,346.85
2024-07-03,鋼鐵類指數,142.7
2024-07-03,橡膠類指數,288.1
2024-07-03,汽車類指數,409.76
2024-07-03,電子工業類指數,1246.01
2024-07-03,半導體類指數,621.69
2024-07-03,電腦及週邊設備類指數,286.19
2024-07-03,光電類指數,43.0
2024-07-03,通信網路類指數,161.03
2024-07-03,電子零組件類指數,240.35
2024-07-03,電子通路類指數,279.93
2024-07-03,資訊服務類指數,206.1
2024-07-03,其他電子類指數,178.17
2024-07-03,建材營造類指數,615.02
2024-07-03,航運類指數,197.48
2024-07-03,觀光餐旅類指數,132.47
2024-07-03,金融保險類指數,2079.95
2024-07-03,貿易百貨類指數,302.11
2024-07-03,油電燃氣類指數,89.47
2024-07-03,綠能環保類指數,127.34
2024-07-03,數位雲端類指數,70.59
2024-07-03,運動休閒類指數,94.8
2024-07-03,居家生活類指數,122.37
2024-07-03,其他類指數,374.63
2024-07-02,發行量加權股價指數,22879.37
2024-07-02,水泥窯製類指數,625.52
2024-07-02,塑膠化工類指數,748.32
2024-07-02,機電類指數,6889.71
2024-07-02,水泥類指數,163.26
2024-07-02,食品類指數,2255.41
2024-07-02,塑膠類指數,165.24
2024-07-02,紡織纖維類指數,665.49
2024-07-02,電機機械類指數,449.4
2024-07-02,電器電纜類指數,117.18
2024-07-02,化學生技醫療類指數,146.06
2024-07-02,化學類指數,173.07
2024-07-02,生技醫療類指數,82.17
2024-07-02,玻璃陶瓷類指數,52.34
2024-07-02,造紙類指數,341.33
2024-07-02,鋼鐵類指數,142.18
2024-07-02,橡膠類指數,290.79
2024-07-02,汽車類指數,406.12
2024-07-02,電子工業類指數,1230.84
2024-07-02,半導體類指數,610.88
2024-07-02,電腦及週邊設備類指數,286.01
2024-07-02,光電類指數,42.6
2024-07-02,通信網路類指數,160.89
2024-07-02,電子零組件類指數,238.61
2024-07-02,電子通路類指數,274.44
2024-07-02,資訊服務類指數,205.35
2024-07-02,其他電子類指數,178.95
2024-07-02,建材營造類指數,615.17
2024-07-02,航運類指數,195.62
2024-07-02,觀光餐旅類指數,132.48
2024-07-02,金融保險類指數,2022.71
2024-07-02,貿易百貨類指數,302.56
2024-07-02,油電燃氣類指數,87.99
2024-07-02,綠能環保類指數,130.26
2024-07-02,數位雲端類指數,70.18
2024-07-02,運動休閒類指數,93.66
2024-07-02,居家生活類指數,115.75
2024-07-02,其他類指數,373.49
2024-07-01,發行量加權股價指數,23058.57
2024-07-01,水泥窯製類指數,625.93
2024-07-01,塑膠化工類指數,757.51
2024-07-01,機電類指數,6957.63
2024-07-01,水泥類指數,163.16
2024-07-01,食品類指數,2257.01
2024-07-01,塑膠類指數,168.35
2024-07-01,紡織纖維類指數,671.39
2024-07-01,電機機械類指數,448.07
2024-07-01,電器電纜類指數,118.35
2024-07-01,化學生技醫療類指數,147.18
2024-07-01,化學類指數,173.67
2024-07-01,生技醫療類指數,83.03
2024-07-01,玻璃陶瓷類指數,52.81
2024-07-01,造紙類指數,340.34
2024-07-01,鋼鐵類指數,142.62
2024-07-01,橡膠類指數,292.31
2024-07-01,汽車類指數,408.81
2024-07-01,電子工業類指數,1243.4
2024-07-01,半導體類指數,617.06
2024-07-01,電腦及週邊設備類指數,286.9
2024-07-01,光電類指數,42.31
2024-07-01,通信網路類指數,160.05
2024-07-01,電子零組件類指數,239.68
2024-07-01,電子通路類指數,280.1
2024-07-01,資訊服務類指數,203.42
2024-07-01,其他電子類指數,186.2
2024-07-01,建材營造類指數,617.26
2024-07-01,航運類指數,195.42
2024-07-01,觀光餐旅類指數,132.76
2024-07-01,金融保險類指數,2018.51
2024-07-01,貿易百貨類指數,302.11
2024-07-01,油電燃氣類指數,89.49
2024-07-01,綠能環保類指數,128.87
2024-07-01,數位雲端類指數,70.49
2024-07-01,運動休閒類指數,94.72
2024-07-01,居家生活類指數,117.56
2024-07-01,其他類指數,374.21
2024-06-28,發行量加權股價指數,23032.25
2024-06-28,水泥窯製類指數,630.49
2024-06-28,塑膠化工類指數,753.85
2024-06-28,機電類指數,6955.19
2024-06-28,水泥類指數,164.12
2024-06-28,食品類指數,2251.24
2024-06-28,塑膠類指數,169.44
2024-06-28,紡織纖維類指數,667.15
2024-06-28,電機機械類指數,452.35
2024-06-28,電器電纜類指數,118.75
2024-06-28,化學生技醫療類指數,144.79
2024-06-28,化學類指數,172.39
2024-06-28,生技醫療類指數,81.19
2024-06-28,玻璃陶瓷類指數,53.68
2024-06-28,造紙類指數,340.87
2024-06-28,鋼鐵類指數,142.72
2024-06-28,橡膠類指數,290.84
2024-06-28,汽車類指數,410.56
2024-06-28,電子工業類指數,1242.61
2024-06-28,半導體類指數,616.1
2024-06-28,電腦及週邊設備類指數,287.63
2024-06-28,光電類指數,42.67
2024-06-28,通信網路類指數,158.81
2024-06-28,電子零組件類指數,241.61
2024-06-28,電子通路類指數,279.06
2024-06-28,資訊服務類指數,205.67
2024-06-28,其他電子類指數,185.36
2024-06-28,建材營造類指數,601.32
2024-06-28,航運類指數,196.03
2024-06-28,觀光餐旅類指數,132.32
2024-06-28,金融保險類指數,2011.45
2024-06-28,貿易百貨類指數,298.67
2024-06-28,油電燃氣類指數,89.43
2024-06-28,綠能環保類指數,125.78
2024-06-28,數位雲端類指數,71.08
2024-06-28,運動休閒類指數,96.65
2024-06-28,居家生活類指數,118.3
2024-06-28,其他類指數,371.25
2024-06-27,發行量加權股價指數,22905.98
2024-06-27,水泥窯製類指數,628.79
2024-06-27,塑膠化工類指數,748.11
2024-06-27,機電類指數,6908.59
2024-06-27,水泥類指數,164.17
2024-06-27,食品類指數,2252.27
2024-06-27,塑膠類指數,167.98
2024-06-27,紡織纖維類指數,666.14
2024-06-27,電機機械類指數,449.58
2024-06-27,電器電纜類指數,118.06
2024-06-27,化學生技醫療類指數,143.26
2024-06-27,化學類指數,172.28
2024-06-27,生技醫療類指數,79.78
2024-06-27,玻璃陶瓷類指數,52.49
2024-06-27,造紙類指數,340.09
2024-06-27,鋼鐵類指數,143.62
2024-06-27,橡膠類指數,292.76
2024-06-27,汽車類指數,409.47
2024-06-27,電子工業類指數,1234.25
2024-06-27,半導體類指數,612.8
2024-06-27,電腦及週邊設備類指數,284.18
2024-06-27,光電類指數,42.38
2024-06-27,通信網路類指數,157.9
2024-06-27,電子零組件類指數,239.92
2024-06-27,電子通路類指數,277.22
2024-06-27,資訊服務類指數,204.33
2024-06-27,其他電子類指數,183.22
2024-06-27,建材營造類指數,604.66
2024-06-27,航運類指數,197.66
2024-06-27,觀光餐旅類指數,132.77
2024-06-27,金融保險類指數,2001.15
2024-06-27,貿易百貨類指數,298.71
2024-06-27,油電燃氣類指數,89.01
2024-06-27,綠能環保類指數,124.96
2024-06-27,數位雲端類指數,70.89
2024-06-27,運動休閒類指數,97.09
2024-06-27,居家生活類指數,116.89
2024-06-27,其他類指數,367.99
2024-06-26,發行量加權股價指數,22986.69
2024-06-26,水泥窯製類指數,628.2
2024-06-26,塑膠化工類指數,753.62
2024-06-26,機電類指數,6928.06
2024-06-26,水泥類指數,164.17
2024-06-26,食品類指數,2264.63
2024-06-26,塑膠類指數,168.93
2024-06-26,紡織纖維類指數,664.35
2024-06-26,電機機械類指數,451.48
2024-06-26,電器電纜類指數,118.81
2024-06-26,化學生技醫療類指數,144.51
2024-06-26,化學類指數,173.85
2024-06-26,生技醫療類指數,80.45
2024-06-26,玻璃陶瓷類指數,52.12
2024-06-26,造紙類指數,343.61
2024-06-26,鋼鐵類指數,144.25
2024-06-26,橡膠類指數,295.46
2024-06-26,汽車類指數,413.43
2024-06-26,電子工業類指數,1237.66
2024-06-26,半導體類指數,614.05
2024-06-26,電腦及週邊設備類指數,288.28
2024-06-26,光電類指數,42.55
2024-06-26,通信網路類指數,158.17
2024-06-26,電子零組件類指數,240.69
2024-06-26,電子通路類指數,277.49
2024-06-26,資訊服務類指數,207.84
2024-06-26,其他電子類指數,182.07
2024-06-26,建材營造類指數,609.31
2024-06-26,航運類指數,197.71
2024-06-26,觀光餐旅類指數,133.77
2024-06-26,金融保險類指數,2010.91
2024-06-26,貿易百貨類指數,301.88
2024-06-26,油電燃氣類指數,89.23
2024-06-26,綠能環保類指數,126.5
2024-06-26,數位雲端類指數,70.93
2024-06-26,運動休閒類指數,98.52
2024-06-26,居家生活類指數,114.77
2024-06-26,其他類指數,371.8
2024-06-25,發行量加權股價指數,22875.97
2024-06-25,水泥窯製類指數,630.91
2024-06-25,塑膠化工類指數,751.47
2024-06-25,機電類指數,6861.07
2024-06-25,水泥類指數,164.57
2024-06-25,食品類指數,2280.76
2024-06-25,塑膠類指數,172.06
2024-06-25,紡織纖維類指數,672.96
2024-06-25,電機機械類指數,452.77
2024-06-25,電器電纜類指數,119.11
2024-06-25,化學生技醫療類指數,140.63
2024-06-25,化學類指數,172.68
2024-06-25,生技醫療類指數,77.17
2024-06-25,玻璃陶瓷類指數,52.99
2024-06-25,造紙類指數,342.22
2024-06-25,鋼鐵類指數,145.09
2024-06-25,橡膠類指數,296.38
2024-06-25,汽車類指數,419.97
2024-06-25,電子工業類指數,1225.18
2024-06-25,半導體類指數,605.55
2024-06-25,電腦及週邊設備類指數,286.82
2024-06-25,光電類指數,42.34
2024-06-25,通信網路類指數,158.52
2024-06-25,電子零組件類指數,238.78
2024-06-25,電子通路類指數,276.91
2024-06-25,資訊服務類指數,207.44
2024-06-25,其他電子類指數,182.24
2024-06-25,建材營造類指數,612.87
2024-06-25,航運類指數,199.69
2024-06-25,觀光餐旅類指數,134.17
2024-06-25,金融保險類指數,2033.27
2024-06-25,貿易百貨類指數,302.73
2024-06-25,油電燃氣類指數,90.33
2024-06-25,綠能環保類指數,121.19
2024-06-25,數位雲端類指數,70.61
2024-06-25,運動休閒類指數,100.07
2024-06-25,居家生活類指數,115.31
2024-06-25,其他類指數,372.87
2024-06-24,發行量加權股價指數,22813.7
2024-06-24,水泥窯製類指數,633.95
2024-06-24,塑膠化工類指數,751.94
2024-06-24,機電類指數,6840.03
2024-06-24,水泥類指數,165.37
2024-06-24,食品類指數,2270.93
2024-06-24,塑膠類指數,173.42
2024-06-24,紡織纖維類指數,671.21
2024-06-24,電機機械類指數,444.84
2024-06-24,電器電纜類指數,118.01
2024-06-24,化學生技醫療類指數,140.05
2024-06-24,化學類指數,171.25
2024-06-24,生技醫療類指數,77.08
2024-06-24,玻璃陶瓷類指數,53.23
2024-06-24,造紙類指數,340.44
2024-06-24,鋼鐵類指數,144.9
2024-06-24,橡膠類指數,293.32
2024-06-24,汽車類指數,418.45
2024-06-24,電子工業類指數,1221.96
2024-06-24,半導體類指數,604.44
2024-06-24,電腦及週邊設備類指數,288.46
2024-06-24,光電類指數,42.19
2024-06-24,通信網路類指數,159.06
2024-06-24,電子零組件類指數,237.65
2024-06-24,電子通路類指數,274.14
2024-06-24,資訊服務類指數,206.27
2024-06-24,其他電子類指數,178.7
2024-06-24,建材營造類指數,617.97
2024-06-24,航運類指數,196.76
2024-06-24,觀光餐旅類指數,134.02
2024-06-24,金融保險類指數,2030.54
2024-06-24,貿易百貨類指數,300.41
2024-06-24,油電燃氣類指數,90.59
2024-06-24,綠能環保類指數,119.57
2024-06-24,數位雲端類指數,70.88
2024-06-24,運動休閒類指數,99.1
2024-06-24,居家生活類指數,113.38
2024-06-24,其他類指數,375.8
2024-06-21,發行量加權股價指數,23253.39
2024-06-21,水泥窯製類指數,636.75
2024-06-21,塑膠化工類指數,757.96
2024-06-21,機電類指數,7020.39
2024-06-21,水泥類指數,165.91
2024-06-21,食品類指數,2248.48
2024-06-21,塑膠類指數,175.68
2024-06-21,紡織纖維類指數,667.62
2024-06-21,電機機械類指數,454.28
2024-06-21,電器電纜類指數,119.21
2024-06-21,化學生技醫療類指數,140.7
2024-06-21,化學類指數,173.76
2024-06-21,生技醫療類指數,76.89
2024-06-21,玻璃陶瓷類指數,53.87
2024-06-21,造紙類指數,344.54
2024-06-21,鋼鐵類指數,146.51
2024-06-21,橡膠類指數,293.49
2024-06-21,汽車類指數,423.34
2024-06-21,電子工業類指數,1254.47
2024-06-21,半導體類指數,623.87
2024-06-21,電腦及週邊設備類指數,295.11
2024-06-21,光電類指數,42.65
2024-06-21,通信網路類指數,159.07
2024-06-21,電子零組件類指數,240.47
2024-06-21,電子通路類指數,281.42
2024-06-21,資訊服務類指數,208.53
2024-06-21,其他電子類指數,183.03
2024-06-21,建材營造類指數,614.76
2024-06-21,航運類指數,199.41
2024-06-21,觀光餐旅類指數,135.36
2024-06-21,金融保險類指數,2022.93
2024-06-21,貿易百貨類指數,299.56
2024-06-21,油電燃氣類指數,91.16
2024-06-21,綠能環保類指數,117.84
2024-06-21,數位雲端類指數,71.83
2024-06-21,運動休閒類指數,99.07
2024-06-21,居家生活類指數,111.43
2024-06-21,其他類指數,379.76
2024-06-20,發行量加權股價指數,23406.1
2024-06-20,水泥窯製類指數,631.66
2024-06-20,塑膠化工類指數,757.85
2024-06-20,機電類指數,7082.4
2024-06-20,水泥類指數,164.25
2024-06-20,食品類指數,2241.13
2024-06-20,塑膠類指數,175.35
2024-06-20,紡織纖維類指數,666.98
2024-06-20,電機機械類指數,456.1
2024-06-20,電器電纜類指數,119.67
2024-06-20,化學生技醫療類指數,140.69
2024-06-20,化學類指數,172.02
2024-06-20,生技醫療類指數,77.44
2024-06-20,玻璃陶瓷類指數,54.14
2024-06-20,造紙類指數,342.45
2024-06-20,鋼鐵類指數,147.28
2024-06-20,橡膠類指數,295.36
2024-06-20,汽車類指數,423.7
2024-06-20,電子工業類指數,1265.75
2024-06-20,半導體類指數,630.43
2024-06-20,電腦及週邊設備類指數,299.81
2024-06-20,光電類指數,42.2
2024-06-20,通信網路類指數,158.8
2024-06-20,電子零組件類指數,238.23
2024-06-20,電子通路類指數,284.7
2024-06-20,資訊服務類指數,210.09
2024-06-20,其他電子類指數,186.58
2024-06-20,建材營造類指數,625.35
2024-06-20,航運類指數,199.55
2024-06-20,觀光餐旅類指數,135.21
2024-06-20,金融保險類指數,2019.74
2024-06-20,貿易百貨類指數,301.29
2024-06-20,油電燃氣類指數,91.65
2024-06-20,綠能環保類指數,115.06
2024-06-20,數位雲端類指數,72.13
2024-06-20,運動休閒類指數,99.41
2024-06-20,居家生活類指數,111.87
2024-06-20,其他類指數,382.18
2024-06-19,發行量加權股價指數,23209.54
2024-06-19,水泥窯製類指數,626.03
2024-06-19,塑膠化工類指數,750.76
2024-06-19,機電類指數,7018.89
2024-06-19,水泥類指數,162.46
2024-06-19,食品類指數,2249.89
2024-06-19,塑膠類指數,172.89
2024-06-19,紡織纖維類指數,663.82
2024-06-19,電機機械類指數,447.84
2024-06-19,電器電纜類指數,120.7
2024-06-19,化學生技醫療類指數,139.95
2024-06-19,化學類指數,171.46
2024-06-19,生技醫療類指數,76.92
2024-06-19,玻璃陶瓷類指數,54.36
2024-06-19,造紙類指數,340.57
2024-06-19,鋼鐵類指數,145.76
2024-06-19,橡膠類指數,293.66
2024-06-19,汽車類指數,421.97
2024-06-19,電子工業類指數,1254.59
2024-06-19,半導體類指數,628.88
2024-06-19,電腦及週邊設備類指數,294.06
2024-06-19,光電類指數,41.94
2024-06-19,通信網路類指數,158.7
2024-06-19,電子零組件類指數,235.72
2024-06-19,電子通路類指數,283.42
2024-06-19,資訊服務類指數,210.83
2024-06-19,其他電子類指數,176.78
2024-06-19,建材營造類指數,622.67
2024-06-19,航運類指數,197.0
2024-06-19,觀光餐旅類指數,135.52
2024-06-19,金融保險類指數,2009.57
2024-06-19,貿易百貨類指數,298.08
2024-06-19,油電燃氣類指數,90.26
2024-06-19,綠能環保類指數,111.88
2024-06-19,數位雲端類指數,71.57
2024-06-19,運動休閒類指數,98.78
2024-06-19,居家生活類指數,111.85
2024-06-19,其他類指數,378.89
2024-06-18,發行量加權股價指數,22757.43
2024-06-18,水泥窯製類指數,621.01
2024-06-18,塑膠化工類指數,753.98
2024-06-18,機電類指數,6835.1
2024-06-18,水泥類指數,160.9
2024-06-18,食品類指數,2237.45
2024-06-18,塑膠類指數,173.94
2024-06-18,紡織纖維類指數,661.49
2024-06-18,電機機械類指數,450.29
2024-06-18,電器電纜類指數,121.57
2024-06-18,化學生技醫療類指數,140.37
2024-06-18,化學類指數,170.08
2024-06-18,生技醫療類指數,77.76
2024-06-18,玻璃陶瓷類指數,54.48
2024-06-18,造紙類指數,340.63
2024-06-18,鋼鐵類指數,146.12
2024-06-18,橡膠類指數,294.21
2024-06-18,汽車類指數,420.57
2024-06-18,電子工業類指數,1220.41
2024-06-18,半導體類指數,607.2
2024-06-18,電腦及週邊設備類指數,284.98
2024-06-18,光電類指數,42.32
2024-06-18,通信網路類指數,159.13
2024-06-18,電子零組件類指數,233.63
2024-06-18,電子通路類指數,282.92
2024-06-18,資訊服務類指數,205.98
2024-06-18,其他電子類指數,173.93
2024-06-18,建材營造類指數,619.5
2024-06-18,航運類指數,195.66
2024-06-18,觀光餐旅類指數,135.67
2024-06-18,金融保險類指數,1999.57
2024-06-18,貿易百貨類指數,297.53
2024-06-18,油電燃氣類指數,89.86
2024-06-18,綠能環保類指數,113.16
2024-06-18,數位雲端類指數,72.98
2024-06-18,運動休閒類指數,99.45
2024-06-18,居家生活類指數,112.31
2024-06-18,其他類指數,378.42
2024-06-17,發行量加權股價指數,22496.53
2024-06-17,水泥窯製類指數,622.11
2024-06-17,塑膠化工類指數,750.28
2024-06-17,機電類指數,6742.91
2024-06-17,水泥類指數,160.83
2024-06-17,食品類指數,2239.02
2024-06-17,塑膠類指數,173.72
2024-06-17,紡織纖維類指數,661.06
2024-06-17,電機機械類指數,447.56
2024-06-17,電器電纜類指數,121.15
2024-06-17,化學生技醫療類指數,139.2
2024-06-17,化學類指數,169.67
2024-06-17,生技醫療類指數,76.79
2024-06-17,玻璃陶瓷類指數,55.32
2024-06-17,造紙類指數,340.2
2024-06-17,鋼鐵類指數,146.93
2024-06-17,橡膠類指數,292.21
2024-06-17,汽車類指數,415.92
2024-06-17,電子工業類指數,1203.62
2024-06-17,半導體類指數,594.31
2024-06-17,電腦及週邊設備類指數,284.19
2024-06-17,光電類指數,42.13
2024-06-17,通信網路類指數,159.01
2024-06-17,電子零組件類指數,234.47
2024-06-17,電子通路類指數,278.72
2024-06-17,資訊服務類指數,204.18
2024-06-17,其他電子類指數,174.74
2024-06-17,建材營造類指數,617.0
2024-06-17,航運類指數,195.04
2024-06-17,觀光餐旅類指數,135.61
2024-06-17,金融保險類指數,1973.47
2024-06-17,貿易百貨類指數,294.73
2024-06-17,油電燃氣類指數,89.97
2024-06-17,綠能環保類指數,113.31
2024-06-17,數位雲端類指數,72.9
2024-06-17,運動休閒類指數,99.42
2024-06-17,居家生活類指數,113.31
2024-06-17,其他類指數,375.92
2024-06-14,發行量加權股價指數,22504.72
2024-06-14,水泥窯製類指數,617.73
2024-06-14,塑膠化工類指數,751.71
2024-06-14,機電類指數,6742.55
2024-06-14,水泥類指數,160.77
2024-06-14,食品類指數,2235.95
2024-06-14,塑膠類指數,175.19
2024-06-14,紡織纖維類指數,663.88
2024-06-14,電機機械類指數,449.82
2024-06-14,電器電纜類指數,122.45
2024-06-14,化學生技醫療類指數,138.41
2024-06-14,化學類指數,169.5
2024-06-14,生技醫療類指數,76.1
2024-06-14,玻璃陶瓷類指數,52.66
2024-06-14,造紙類指數,339.46
2024-06-14,鋼鐵類指數,145.55
2024-06-14,橡膠類指數,293.04
2024-06-14,汽車類指數,415.33
2024-06-14,電子工業類指數,1203.31
2024-06-14,半導體類指數,594.4
2024-06-14,電腦及週邊設備類指數,286.19
2024-06-14,光電類指數,41.35
2024-06-14,通信網路類指數,159.39
2024-06-14,電子零組件類指數,234.49
2024-06-14,電子通路類指數,279.18
2024-06-14,資訊服務類指數,205.31
2024-06-14,其他電子類指數,173.15
2024-06-14,建材營造類指數,626.41
2024-06-14,航運類指數,196.81
2024-06-14,觀光餐旅類指數,135.89
2024-06-14,金融保險類指數,1976.95
2024-06-14,貿易百貨類指數,296.14
2024-06-14,油電燃氣類指數,90.71
2024-06-14,綠能環保類指數,113.02
2024-06-14,數位雲端類指數,70.85
2024-06-14,運動休閒類指數,99.44
2024-06-14,居家生活類指數,112.03
2024-06-14,其他類指數,371.48
2024-06-13,發行量加權股價指數,22312.04
2024-06-13,水泥窯製類指數,609.92
2024-06-13,塑膠化工類指數,749.08
2024-06-13,機電類指數,6680.65
2024-06-13,水泥類指數,159.12
2024-06-13,食品類指數,2219.03
2024-06-13,塑膠類指數,173.73
2024-06-13,紡織纖維類指數,660.62
2024-06-13,電機機械類指數,430.46
2024-06-13,電器電纜類指數,118.75
2024-06-13,化學生技醫療類指數,138.88
2024-06-13,化學類指數,170.04
2024-06-13,生技醫療類指數,76.37
2024-06-13,玻璃陶瓷類指數,51.19
2024-06-13,造紙類指數,337.57
2024-06-13,鋼鐵類指數,145.94
2024-06-13,橡膠類指數,290.57
2024-06-13,汽車類指數,414.11
2024-06-13,電子工業類指數,1193.57
2024-06-13,半導體類指數,591.73
2024-06-13,電腦及週邊設備類指數,283.16
2024-06-13,光電類指數,40.27
2024-06-13,通信網路類指數,157.39
2024-06-13,電子零組件類指數,232.16
2024-06-13,電子通路類指數,278.92
2024-06-13,資訊服務類指數,204.94
2024-06-13,其他電子類指數,168.87
2024-06-13,建材營造類指數,612.36
2024-06-13,航運類指數,190.87
2024-06-13,觀光餐旅類指數,134.78
2024-06-13,金融保險類指數,1969.29
2024-06-13,貿易百貨類指數,294.25
2024-06-13,油電燃氣類指數,90.61
2024-06-13,綠能環保類指數,110.57
2024-06-13,數位雲端類指數,70.76
2024-06-13,運動休閒類指數,99.44
2024-06-13,居家生活類指數,113.84
2024-06-13,其他類指數,370.11
2024-06-12,發行量加權股價指數,22048.96
2024-06-12,水泥窯製類指數,606.67
2024-06-12,塑膠化工類指數,749.67
2024-06-12,機電類指數,6574.67
2024-06-12,水泥類指數,157.79
2024-06-12,食品類指數,2209.4
2024-06-12,塑膠類指數,174.14
2024-06-12,紡織纖維類指數,662.57
2024-06-12,電機機械類指數,419.49
2024-06-12,電器電纜類指數,118.93
2024-06-12,化學生技醫療類指數,138.64
2024-06-12,化學類指數,169.36
2024-06-12,生技醫療類指數,76.36
2024-06-12,玻璃陶瓷類指數,51.93
2024-06-12,造紙類指數,337.84
2024-06-12,鋼鐵類指數,145.41
2024-06-12,橡膠類指數,291.59
2024-06-12,汽車類指數,414.86
2024-06-12,電子工業類指數,1174.82
2024-06-12,半導體類指數,582.3
2024-06-12,電腦及週邊設備類指數,276.15
2024-06-12,光電類指數,39.86
2024-06-12,通信網路類指數,157.1
2024-06-12,電子零組件類指數,229.39
2024-06-12,電子通路類指數,278.04
2024-06-12,資訊服務類指數,205.12
2024-06-12,其他電子類指數,165.55
2024-06-12,建材營造類指數,610.54
2024-06-12,航運類指數,189.96
2024-06-12,觀光餐旅類指數,134.48
2024-06-12,金融保險類指數,1964.27
2024-06-12,貿易百貨類指數,295.34
2024-06-12,油電燃氣類指數,90.85
2024-06-12,綠能環保類指數,109.71
2024-06-12,數位雲端類指數,70.66
2024-06-12,運動休閒類指數,99.37
2024-06-12,居家生活類指數,114.48
2024-06-12,其他類指數,368.12
2024-06-11,發行量加權股價指數,21792.12
2024-06-11,水泥窯製類指數,606.59
2024-06-11,塑膠化工類指數,754.24
2024-06-11,機電類指數,6448.76
2024-06-11,水泥類指數,157.44
2024-06-11,食品類指數,2190.86
2024-06-11,塑膠類指數,175.74
2024-06-11,紡織纖維類指數,666.44
2024-06-11,電機機械類指數,421.62
2024-06-11,電器電纜類指數,119.32
2024-06-11,化學生技醫療類指數,138.82
2024-06-11,化學類指數,169.64
2024-06-11,生技醫療類指數,76.43
2024-06-11,玻璃陶瓷類指數,52.62
2024-06-11,造紙類指數,338.84
2024-06-11,鋼鐵類指數,145.36
2024-06-11,橡膠類指數,294.75
2024-06-11,汽車類指數,414.02
2024-06-11,電子工業類指數,1151.38
2024-06-11,半導體類指數,567.91
2024-06-11,電腦及週邊設備類指數,275.18
2024-06-11,光電類指數,39.22
2024-06-11,通信網路類指數,156.62
2024-06-11,電子零組件類指數,226.94
2024-06-11,電子通路類指數,277.42
2024-06-11,資訊服務類指數,202.43
2024-06-11,其他電子類指數,160.97
2024-06-11,建材營造類指數,619.26
2024-06-11,航運類指數,195.57
2024-06-11,觀光餐旅類指數,134.44
2024-06-11,金融保險類指數,1975.71
2024-06-11,貿易百貨類指數,297.5
2024-06-11,油電燃氣類指數,90.91
2024-06-11,綠能環保類指數,109.84
2024-06-11,數位雲端類指數,71.49
2024-06-11,運動休閒類指數,100.07
2024-06-11,居家生活類指數,115.66
2024-06-11,其他類指數,368.22
2024-06-07,發行量加權股價指數,21858.38
2024-06-07,水泥窯製類指數,611.42
2024-06-07,塑膠化工類指數,758.64
2024-06-07,機電類指數,6449.54
2024-06-07,水泥類指數,158.37
2024-06-07,食品類指數,2214.05
2024-06-07,塑膠類指數,177.0
2024-06-07,紡織纖維類指數,670.83
2024-06-07,電機機械類指數,423.71
2024-06-07,電器電纜類指數,120.9
2024-06-07,化學生技醫療類指數,139.21
2024-06-07,化學類指數,169.82
2024-06-07,生技醫療類指數,76.75
2024-06-07,玻璃陶瓷類指數,53.73
2024-06-07,造紙類指數,341.85
2024-06-07,鋼鐵類指數,146.87
2024-06-07,橡膠類指數,297.93
2024-06-07,汽車類指數,414.99
2024-06-07,電子工業類指數,1151.27
2024-06-07,半導體類指數,566.84
2024-06-07,電腦及週邊設備類指數,276.82
2024-06-07,光電類指數,40.09
2024-06-07,通信網路類指數,157.07
2024-06-07,電子零組件類指數,228.91
2024-06-07,電子通路類指數,276.81
2024-06-07,資訊服務類指數,202.57
2024-06-07,其他電子類指數,158.94
2024-06-07,建材營造類指數,632.09
2024-06-07,航運類指數,207.55
2024-06-07,觀光餐旅類指數,136.28
2024-06-07,金融保險類指數,1974.24
2024-06-07,貿易百貨類指數,300.97
2024-06-07,油電燃氣類指數,90.7
2024-06-07,綠能環保類指數,111.64
2024-06-07,數位雲端類指數,72.77
2024-06-07,運動休閒類指數,101.65
2024-06-07,居家生活類指數,115.29
2024-06-07,其他類指數,371.69
2024-06-06,發行量加權股價指數,21902.7
2024-06-06,水泥窯製類指數,604.47
2024-06-06,塑膠化工類指數,752.33
2024-06-06,機電類指數,6494.72
2024-06-06,水泥類指數,156.38
2024-06-06,食品類指數,2212.47
2024-06-06,塑膠類指數,174.87
2024-06-06,紡織纖維類指數,655.4
2024-06-06,電機機械類指數,409.28
2024-06-06,電器電纜類指數,116.61
2024-06-06,化學生技醫療類指數,137.8
2024-06-06,化學類指數,168.73
2024-06-06,生技醫療類指數,75.76
2024-06-06,玻璃陶瓷類指數,53.51
2024-06-06,造紙類指數,339.29
2024-06-06,鋼鐵類指數,144.61
2024-06-06,橡膠類指數,301.56
2024-06-06,汽車類指數,411.49
2024-06-06,電子工業類指數,1160.97
2024-06-06,半導體類指數,573.54
2024-06-06,電腦及週邊設備類指數,280.68
2024-06-06,光電類指數,39.65
2024-06-06,通信網路類指數,157.6
2024-06-06,電子零組件類指數,228.39
2024-06-06,電子通路類指數,277.23
2024-06-06,資訊服務類指數,200.48
2024-06-06,其他電子類指數,158.36
2024-06-06,建材營造類指數,616.84
2024-06-06,航運類指數,208.57
2024-06-06,觀光餐旅類指數,134.8
2024-06-06,金融保險類指數,1956.27
2024-06-06,貿易百貨類指數,297.03
2024-06-06,油電燃氣類指數,90.54
2024-06-06,綠能環保類指數,109.28
2024-06-06,數位雲端類指數,72.07
2024-06-06,運動休閒類指數,98.91
2024-06-06,居家生活類指數,113.14
2024-06-06,其他類指數,368.11
2024-06-05,發行量加權股價指數,21484.88
2024-06-05,水泥窯製類指數,605.91
2024-06-05,塑膠化工類指數,759.44
2024-06-05,機電類指數,6334.66
2024-06-05,水泥類指數,157.28
2024-06-05,食品類指數,2200.46
2024-06-05,塑膠類指數,176.19
2024-06-05,紡織纖維類指數,648.16
2024-06-05,電機機械類指數,410.93
2024-06-05,電器電纜類指數,116.43
2024-06-05,化學生技醫療類指數,138.57
2024-06-05,化學類指數,168.54
2024-06-05,生技醫療類指數,76.56
2024-06-05,玻璃陶瓷類指數,52.54
2024-06-05,造紙類指數,340.46
2024-06-05,鋼鐵類指數,144.17
2024-06-05,橡膠類指數,310.33
2024-06-05,汽車類指數,413.02
2024-06-05,電子工業類指數,1131.3
2024-06-05,半導體類指數,551.8
2024-06-05,電腦及週邊設備類指數,279.96
2024-06-05,光電類指數,39.58
2024-06-05,通信網路類指數,156.97
2024-06-05,電子零組件類指數,228.32
2024-06-05,電子通路類指數,276.08
2024-06-05,資訊服務類指數,200.81
2024-06-05,其他電子類指數,157.12
2024-06-05,建材營造類指數,616.87
2024-06-05,航運類指數,201.82
2024-06-05,觀光餐旅類指數,134.69
2024-06-05,金融保險類指數,1931.6
2024-06-05,貿易百貨類指數,296.12
2024-06-05,油電燃氣類指數,91.39
2024-06-05,綠能環保類指數,109.14
2024-06-05,數位雲端類指數,72.52
2024-06-05,運動休閒類指數,99.5
2024-06-05,居家生活類指數,112.52
2024-06-05,其他類指數,370.27
2024-06-04,發行量加權股價指數,21356.62
2024-06-04,水泥窯製類指數,604.95
2024-06-04,塑膠化工類指數,765.87
2024-06-04,機電類指數,6286.88
2024-06-04,水泥類指數,157.0
2024-06-04,食品類指數,2196.76
2024-06-04,塑膠類指數,178.45
2024-06-04,紡織纖維類指數,646.88
2024-06-04,電機機械類指數,414.65
2024-06-04,電器電纜類指數,116.92
2024-06-04,化學生技醫療類指數,136.13
2024-06-04,化學類指數,168.6
2024-06-04,生技醫療類指數,74.24
2024-06-04,玻璃陶瓷類指數,52.5
2024-06-04,造紙類指數,341.46
2024-06-04,鋼鐵類指數,144.52
2024-06-04,橡膠類指數,334.12
2024-06-04,汽車類指數,410.8
2024-06-04,電子工業類指數,1122.17
2024-06-04,半導體類指數,545.21
2024-06-04,電腦及週邊設備類指數,282.27
2024-06-04,光電類指數,39.38
2024-06-04,通信網路類指數,157.18
2024-06-04,電子零組件類指數,227.95
2024-06-04,電子通路類指數,277.2
2024-06-04,資訊服務類指數,200.83
2024-06-04,其他電子類指數,154.54
2024-06-04,建材營造類指數,622.44
2024-06-04,航運類指數,195.34
2024-06-04,觀光餐旅類指數,135.04
2024-06-04,金融保險類指數,1927.19
2024-06-04,貿易百貨類指數,296.92
2024-06-04,油電燃氣類指數,91.44
2024-06-04,綠能環保類指數,109.19
2024-06-04,數位雲端類指數,72.45
2024-06-04,運動休閒類指數,100.37
2024-06-04,居家生活類指數,112.44
2024-06-04,其他類指數,367.63
2024-06-03,發行量加權股價指數,21536.76
2024-06-03,水泥窯製類指數,610.11
2024-06-03,塑膠化工類指數,770.75
2024-06-03,機電類指數,6350.74
2024-06-03,水泥類指數,158.27
2024-06-03,食品類指數,2209.55
2024-06-03,塑膠類指數,181.11
2024-06-03,紡織纖維類指數,647.43
2024-06-03,電機機械類指數,416.48
2024-06-03,電器電纜類指數,116.97
2024-06-03,化學生技醫療類指數,136.1
2024-06-03,化學類指數,168.7
2024-06-03,生技醫療類指數,74.17
2024-06-03,玻璃陶瓷類指數,53.1
2024-06-03,造紙類指數,342.53
2024-06-03,鋼鐵類指數,145.32
2024-06-03,橡膠類指數,332.99
2024-06-03,汽車類指數,411.71
2024-06-03,電子工業類指數,1133.82
2024-06-03,半導體類指數,550.26
2024-06-03,電腦及週邊設備類指數,287.25
2024-06-03,光電類指數,39.54
2024-06-03,通信網路類指數,156.98
2024-06-03,電子零組件類指數,229.26
2024-06-03,電子通路類指數,278.91
2024-06-03,資訊服務類指數,199.28
2024-06-03,其他電子類指數,158.69
2024-06-03,建材營造類指數,619.56
2024-06-03,航運類指數,197.65
2024-06-03,觀光餐旅類指數,134.46
2024-06-03,金融保險類指數,1938.68
2024-06-03,貿易百貨類指數,296.08
2024-06-03,油電燃氣類指數,92.27
2024-06-03,綠能環保類指數,108.84
2024-06-03,數位雲端類指數,71.74
2024-06-03,運動休閒類指數,99.45
2024-06-03,居家生活類指數,111.1
2024-06-03,其他類指數,368.51
2024-05-31,發行量加權股價指數,21174.22
2024-05-31,水泥窯製類指數,605.91
2024-05-31,塑膠化工類指數,772.23
2024-05-31,機電類指數,6211.54
2024-05-31,水泥類指數,157.94
2024-05-31,食品類指數,2213.64
2024-05-31,塑膠類指數,182.96
2024-05-31,紡織纖維類指數,642.25
2024-05-31,電機機械類指數,413.59
2024-05-31,電器電纜類指數,117.9
2024-05-31,化學生技醫療類指數,135.62
2024-05-31,化學類指數,169.4
2024-05-31,生技醫療類指數,73.49
2024-05-31,玻璃陶瓷類指數,51.13
2024-05-31,造紙類指數,344.38
2024-05-31,鋼鐵類指數,145.36
2024-05-31,橡膠類指數,329.3
2024-05-31,汽車類指數,412.38
2024-05-31,電子工業類指數,1108.28
2024-05-31,半導體類指數,535.86
2024-05-31,電腦及週邊設備類指數,281.46
2024-05-31,光電類指數,39.29
2024-05-31,通信網路類指數,155.78
2024-05-31,電子零組件類指數,224.81
2024-05-31,電子通路類指數,277.85
2024-05-31,資訊服務類指數,197.1
2024-05-31,其他電子類指數,155.59
2024-05-31,建材營造類指數,607.75
2024-05-31,航運類指數,194.29
2024-05-31,觀光餐旅類指數,134.95
2024-05-31,金融保險類指數,1927.34
2024-05-31,貿易百貨類指數,295.74
2024-05-31,油電燃氣類指數,92.5
2024-05-31,綠能環保類指數,108.23
2024-05-31,數位雲端類指數,71.65
2024-05-31,運動休閒類指數,98.99
2024-05-31,居家生活類指數,110.43
2024-05-31,其他類指數,366.14
2024-05-30,發行量加權股價指數,21364.48
2024-05-30,水泥窯製類指數,603.68
2024-05-30,塑膠化工類指數,766.1
2024-05-30,機電類指數,6311.81
2024-05-30,水泥類指數,157.45
2024-05-30,食品類指數,2152.47
2024-05-30,塑膠類指數,183.42
2024-05-30,紡織纖維類指數,632.51
2024-05-30,電機機械類指數,411.35
2024-05-30,電器電纜類指數,116.98
2024-05-30,化學生技醫療類指數,134.25
2024-05-30,化學類指數,168.6
2024-05-30,生技醫療類指數,72.46
2024-05-30,玻璃陶瓷類指數,50.73
2024-05-30,造紙類指數,341.81
2024-05-30,鋼鐵類指數,144.32
2024-05-30,橡膠類指數,316.53
2024-05-30,汽車類指數,407.26
2024-05-30,電子工業類指數,1127.02
2024-05-30,半導體類指數,547.28
2024-05-30,電腦及週邊設備類指數,285.86
2024-05-30,光電類指數,39.33
2024-05-30,通信網路類指數,155.34
2024-05-30,電子零組件類指數,226.16
2024-05-30,電子通路類指數,279.73
2024-05-30,資訊服務類指數,196.14
2024-05-30,其他電子類指數,158.28
2024-05-30,建材營造類指數,589.32
2024-05-30,航運類指數,200.89
2024-05-30,觀光餐旅類指數,135.13
2024-05-30,金融保險類指數,1905.67
2024-05-30,貿易百貨類指數,292.0
2024-05-30,油電燃氣類指數,92.81
2024-05-30,綠能環保類指數,109.29
2024-05-30,數位雲端類指數,69.15
2024-05-30,運動休閒類指數,98.23
2024-05-30,居家生活類指數,110.48
2024-05-30,其他類指數,363.43
2024-05-29,發行量加權股價指數,21662.5
2024-05-29,水泥窯製類指數,608.93
2024-05-29,塑膠化工類指數,769.17
2024-05-29,機電類指數,6423.54
2024-05-29,水泥類指數,159.48
2024-05-29,食品類指數,2150.04
2024-05-29,塑膠類指數,184.37
2024-05-29,紡織纖維類指數,631.79
2024-05-29,電機機械類指數,416.8
2024-05-29,電器電纜類指數,118.58
2024-05-29,化學生技醫療類指數,135.38
2024-05-29,化學類指數,169.38
2024-05-29,生技醫療類指數,73.28
2024-05-29,玻璃陶瓷類指數,49.79
2024-05-29,造紙類指數,342.86
2024-05-29,鋼鐵類指數,145.47
2024-05-29,橡膠類指數,312.08
2024-05-29,汽車類指數,409.69
2024-05-29,電子工業類指數,1147.14
2024-05-29,半導體類指數,557.63
2024-05-29,電腦及週邊設備類指數,291.74
2024-05-29,光電類指數,39.71
2024-05-29,通信網路類指數,154.88
2024-05-29,電子零組件類指數,231.39
2024-05-29,電子通路類指數,281.78
2024-05-29,資訊服務類指數,196.22
2024-05-29,其他電子類指數,161.33
2024-05-29,建材營造類指數,589.16
2024-05-29,航運類指數,200.53
2024-05-29,觀光餐旅類指數,139.03
2024-05-29,金融保險類指數,1919.19
2024-05-29,貿易百貨類指數,294.23
2024-05-29,油電燃氣類指數,93.42
2024-05-29,綠能環保類指數,110.39
2024-05-29,數位雲端類指數,69.9
2024-05-29,運動休閒類指數,99.03
2024-05-29,居家生活類指數,110.67
2024-05-29,其他類指數,366.51
2024-05-28,發行量加權股價指數,21858.41
2024-05-28,水泥窯製類指數,618.94
2024-05-28,塑膠化工類指數,777.55
2024-05-28,機電類指數,6476.1
2024-05-28,水泥類指數,162.58
2024-05-28,食品類指數,2177.72
2024-05-28,塑膠類指數,187.68
2024-05-28,紡織纖維類指數,635.18
2024-05-28,電機機械類指數,420.81
2024-05-28,電器電纜類指數,120.26
2024-05-28,化學生技醫療類指數,135.57
2024-05-28,化學類指數,169.81
2024-05-28,生技醫療類指數,73.32
2024-05-28,玻璃陶瓷類指數,49.57
2024-05-28,造紙類指數,345.02
2024-05-28,鋼鐵類指數,146.97
2024-05-28,橡膠類指數,316.42
2024-05-28,汽車類指數,411.34
2024-05-28,電子工業類指數,1156.43
2024-05-28,半導體類指數,562.74
2024-05-28,電腦及週邊設備類指數,293.89
2024-05-28,光電類指數,39.49
2024-05-28,通信網路類指數,154.81
2024-05-28,電子零組件類指數,231.53
2024-05-28,電子通路類指數,285.13
2024-05-28,資訊服務類指數,197.47
2024-05-28,其他電子類指數,164.36
2024-05-28,建材營造類指數,582.41
2024-05-28,航運類指數,202.78
2024-05-28,觀光餐旅類指數,139.96
2024-05-28,金融保險類指數,1953.5
2024-05-28,貿易百貨類指數,295.73
2024-05-28,油電燃氣類指數,94.65
2024-05-28,綠能環保類指數,110.92
2024-05-28,數位雲端類指數,70.2
2024-05-28,運動休閒類指數,99.43
2024-05-28,居家生活類指數,111.37
2024-05-28,其他類指數,368.14
2024-05-27,發行量加權股價指數,21803.77
2024-05-27,水泥窯製類指數,615.71
2024-05-27,塑膠化工類指數,774.01
2024-05-27,機電類指數,6470.24
2024-05-27,水泥類指數,161.84
2024-05-27,食品類指數,2187.89
2024-05-27,塑膠類指數,186.46
2024-05-27,紡織纖維類指數,629.02
2024-05-27,電機機械類指數,424.49
2024-05-27,電器電纜類指數,119.74
2024-05-27,化學生技醫療類指數,135.11
2024-05-27,化學類指數,168.43
2024-05-27,生技醫療類指數,73.33
2024-05-27,玻璃陶瓷類指數,49.1
2024-05-27,造紙類指數,343.27
2024-05-27,鋼鐵類指數,145.23
2024-05-27,橡膠類指數,316.19
2024-05-27,汽車類指數,409.17
2024-05-27,電子工業類指數,1155.11
2024-05-27,半導體類指數,562.48
2024-05-27,電腦及週邊設備類指數,294.72
2024-05-27,光電類指數,39.09
2024-05-27,通信網路類指數,154.79
2024-05-27,電子零組件類指數,230.77
2024-05-27,電子通路類指數,280.51
2024-05-27,資訊服務類指數,195.91
2024-05-27,其他電子類指數,163.64
2024-05-27,建材營造類指數,575.89
2024-05-27,航運類指數,199.62
2024-05-27,觀光餐旅類指數,135.89
2024-05-27,金融保險類指數,1950.67
2024-05-27,貿易百貨類指數,294.23
2024-05-27,油電燃氣類指數,92.91
2024-05-27,綠能環保類指數,111.57
2024-05-27,數位雲端類指數,70.85
2024-05-27,運動休閒類指數,98.73
2024-05-27,居家生活類指數,110.8
2024-05-27,其他類指數,361.61
2024-05-24,發行量加權股價指數,21565.34
2024-05-24,水泥窯製類指數,620.17
2024-05-24,塑膠化工類指數,769.66
2024-05-24,機電類指數,6384.34
2024-05-24,水泥類指數,162.94
2024-05-24,食品類指數,2182.03
2024-05-24,塑膠類指數,184.47
2024-05-24,紡織纖維類指數,631.22
2024-05-24,電機機械類指數,415.13
2024-05-24,電器電纜類指數,117.59
2024-05-24,化學生技醫療類指數,134.64
2024-05-24,化學類指數,167.66
2024-05-24,生技醫療類指數,73.14
2024-05-24,玻璃陶瓷類指數,49.61
2024-05-24,造紙類指數,341.18
2024-05-24,鋼鐵類指數,145.55
2024-05-24,橡膠類指數,318.35
2024-05-24,汽車類指數,405.65
2024-05-24,電子工業類指數,1140.09
2024-05-24,半導體類指數,557.12
2024-05-24,電腦及週邊設備類指數,288.13
2024-05-24,光電類指數,38.61
2024-05-24,通信網路類指數,155.78
2024-05-24,電子零組件類指數,227.15
2024-05-24,電子通路類指數,276.76
2024-05-24,資訊服務類指數,194.91
2024-05-24,其他電子類指數,157.31
2024-05-24,建材營造類指數,573.81
2024-05-24,航運類指數,194.18
2024-05-24,觀光餐旅類指數,135.08
2024-05-24,金融保險類指數,1941.66
2024-05-24,貿易百貨類指數,293.89
2024-05-24,油電燃氣類指數,93.5
2024-05-24,綠能環保類指數,109.99
2024-05-24,數位雲端類指數,70.49
2024-05-24,運動休閒類指數,98.58
2024-05-24,居家生活類指數,112.42
2024-05-24,其他類指數,359.34
2024-05-23,發行量加權股價指數,21607.43
2024-05-23,水泥窯製類指數,621.14
2024-05-23,塑膠化工類指數,773.29
2024-05-23,機電類指數,6401.23
2024-05-23,水泥類指數,162.71
2024-05-23,食品類指數,2211.38
2024-05-23,塑膠類指數,186.19
2024-05-23,紡織纖維類指數,627.43
2024-05-23,電機機械類指數,412.61
2024-05-23,電器電纜類指數,117.8
2024-05-23,化學生技醫療類指數,134.85
2024-05-23,化學類指數,168.05
2024-05-23,生技醫療類指數,73.21
2024-05-23,玻璃陶瓷類指數,50.72
2024-05-23,造紙類指數,341.32
2024-05-23,鋼鐵類指數,145.79
2024-05-23,橡膠類指數,317.49
2024-05-23,汽車類指數,402.81
2024-05-23,電子工業類指數,1143.38
2024-05-23,半導體類指數,561.53
2024-05-23,電腦及週邊設備類指數,286.13
2024-05-23,光電類指數,38.56
2024-05-23,通信網路類指數,155.55
2024-05-23,電子零組件類指數,226.49
2024-05-23,電子通路類指數,274.27
2024-05-23,資訊服務類指數,195.02
2024-05-23,其他電子類指數,155.41
2024-05-23,建材營造類指數,569.24
2024-05-23,航運類指數,189.12
2024-05-23,觀光餐旅類指數,133.77
2024-05-23,金融保險類指數,1951.77
2024-05-23,貿易百貨類指數,293.58
2024-05-23,油電燃氣類指數,93.89
2024-05-23,綠能環保類指數,109.79
2024-05-23,數位雲端類指數,70.67
2024-05-23,運動休閒類指數,99.58
2024-05-23,居家生活類指數,111.9
2024-05-23,其他類指數,359.43
2024-05-22,發行量加權股價指數,21551.83
2024-05-22,水泥窯製類指數,622.14
2024-05-22,塑膠化工類指數,784.02
2024-05-22,機電類指數,6347.13
2024-05-22,水泥類指數,163.85
2024-05-22,食品類指數,2215.66
2024-05-22,塑膠類指數,189.07
2024-05-22,紡織纖維類指數,628.72
2024-05-22,電機機械類指數,418.84
2024-05-22,電器電纜類指數,121.3
2024-05-22,化學生技醫療類指數,136.21
2024-05-22,化學類指數,170.6
2024-05-22,生技醫療類指數,73.67
2024-05-22,玻璃陶瓷類指數,48.92
2024-05-22,造紙類指數,347.23
2024-05-22,鋼鐵類指數,148.34
2024-05-22,橡膠類指數,323.65
2024-05-22,汽車類指數,409.58
2024-05-22,電子工業類指數,1132.71
2024-05-22,半導體類指數,554.84
2024-05-22,電腦及週邊設備類指數,284.24
2024-05-22,光電類指數,39.12
2024-05-22,通信網路類指數,155.76
2024-05-22,電子零組件類指數,225.56
2024-05-22,電子通路類指數,275.45
2024-05-22,資訊服務類指數,197.01
2024-05-22,其他電子類指數,152.86
2024-05-22,建材營造類指數,588.14
2024-05-22,航運類指數,190.1
2024-05-22,觀光餐旅類指數,136.73
2024-05-22,金融保險類指數,1966.08
2024-05-22,貿易百貨類指數,297.2
2024-05-22,油電燃氣類指數,95.56
2024-05-22,綠能環保類指數,112.72
2024-05-22,數位雲端類指數,71.37
2024-05-22,運動休閒類指數,100.61
2024-05-22,居家生活類指數,112.69
2024-05-22,其他類指數,366.59
2024-05-21,發行量加權股價指數,21236.75
2024-05-21,水泥窯製類指數,616.05
2024-05-21,塑膠化工類指數,784.19
2024-05-21,機電類指數,6221.25
2024-05-21,水泥類指數,162.14
2024-05-21,食品類指數,2199.74
2024-05-21,塑膠類指數,190.39
2024-05-21,紡織纖維類指數,631.63
2024-05-21,電機機械類指數,423.45
2024-05-21,電器電纜類指數,123.06
2024-05-21,化學生技醫療類指數,137.45
2024-05-21,化學類指數,170.84
2024-05-21,生技醫療類指數,74.76
2024-05-21,玻璃陶瓷類指數,48.67
2024-05-21,造紙類指數,347.9
2024-05-21,鋼鐵類指數,148.85
2024-05-21,橡膠類指數,306.79
2024-05-21,汽車類指數,410.7
2024-05-21,電子工業類指數,1109.01
2024-05-21,半導體類指數,541.77
2024-05-21,電腦及週邊設備類指數,277.21
2024-05-21,光電類指數,38.69
2024-05-21,通信網路類指數,154.49
2024-05-21,電子零組件類指數,222.07
2024-05-21,電子通路類指數,278.94
2024-05-21,資訊服務類指數,196.27
2024-05-21,其他電子類指數,149.97
2024-05-21,建材營造類指數,589.14
2024-05-21,航運類指數,189.15
2024-05-21,觀光餐旅類指數,137.51
2024-05-21,金融保險類指數,1957.18
2024-05-21,貿易百貨類指數,298.59
2024-05-21,油電燃氣類指數,95.04
2024-05-21,綠能環保類指數,111.43
2024-05-21,數位雲端類指數,70.17
2024-05-21,運動休閒類指數,100.05
2024-05-21,居家生活類指數,111.9
2024-05-21,其他類指數,366.2
2024-05-20,發行量加權股價指數,21271.63
2024-05-20,水泥窯製類指數,625.46
2024-05-20,塑膠化工類指數,792.16
2024-05-20,機電類指數,6205.15
2024-05-20,水泥類指數,164.83
2024-05-20,食品類指數,2182.52
2024-05-20,塑膠類指數,193.73
2024-05-20,紡織纖維類指數,639.51
2024-05-20,電機機械類指數,430.24
2024-05-20,電器電纜類指數,123.74
2024-05-20,化學生技醫療類指數,138.03
2024-05-20,化學類指數,172.41
2024-05-20,生技醫療類指數,74.81
2024-05-20,玻璃陶瓷類指數,48.96
2024-05-20,造紙類指數,352.48
2024-05-20,鋼鐵類指數,149.02
2024-05-20,橡膠類指數,306.71
2024-05-20,汽車類指數,415.29
2024-05-20,電子工業類指數,1105.48
2024-05-20,半導體類指數,539.19
2024-05-20,電腦及週邊設備類指數,276.01
2024-05-20,光電類指數,39.08
2024-05-20,通信網路類指數,154.59
2024-05-20,電子零組件類指數,221.42
2024-05-20,電子通路類指數,283.99
2024-05-20,資訊服務類指數,196.65
2024-05-20,其他電子類指數,149.88
2024-05-20,建材營造類指數,602.99
2024-05-20,航運類指數,192.51
2024-05-20,觀光餐旅類指數,139.54
2024-05-20,金融保險類指數,1983.72
2024-05-20,貿易百貨類指數,300.31
2024-05-20,油電燃氣類指數,95.9
2024-05-20,綠能環保類指數,110.28
2024-05-20,數位雲端類指數,71.3
2024-05-20,運動休閒類指數,100.35
2024-05-20,居家生活類指數,112.29
2024-05-20,其他類指數,369.89
2024-05-17,發行量加權股價指數,21258.47
2024-05-17,水泥窯製類指數,621.08
2024-05-17,塑膠化工類指數,790.62
2024-05-17,機電類指數,6206.78
2024-05-17,水泥類指數,163.64
2024-05-17,食品類指數,2193.32
2024-05-17,塑膠類指數,192.72
2024-05-17,紡織纖維類指數,643.21
2024-05-17,電機機械類指數,432.82
2024-05-17,電器電纜類指數,118.46
2024-05-17,化學生技醫療類指數,138.2
2024-05-17,化學類指數,172.97
2024-05-17,生技醫療類指數,74.78
2024-05-17,玻璃陶瓷類指數,48.69
2024-05-17,造紙類指數,352.71
2024-05-17,鋼鐵類指數,147.56
2024-05-17,橡膠類指數,307.09
2024-05-17,汽車類指數,413.23
2024-05-17,電子工業類指數,1105.92
2024-05-17,半導體類指數,538.2
2024-05-17,電腦及週邊設備類指數,278.11
2024-05-17,光電類指數,39.08
2024-05-17,通信網路類指數,153.94
2024-05-17,電子零組件類指數,222.7
2024-05-17,電子通路類指數,280.09
2024-05-17,資訊服務類指數,197.29
2024-05-17,其他電子類指數,151.29
2024-05-17,建材營造類指數,604.39
2024-05-17,航運類指數,192.77
2024-05-17,觀光餐旅類指數,140.42
2024-05-17,金融保險類指數,1974.18
2024-05-17,貿易百貨類指數,300.83
2024-05-17,油電燃氣類指數,95.45
2024-05-17,綠能環保類指數,109.63
2024-05-17,數位雲端類指數,70.83
2024-05-17,運動休閒類指數,100.52
2024-05-17,居家生活類指數,111.71
2024-05-17,其他類指數,368.16
2024-05-16,發行量加權股價指數,21304.26
2024-05-16,水泥窯製類指數,623.34
2024-05-16,塑膠化工類指數,787.48
2024-05-16,機電類指數,6226.6
2024-05-16,水泥類指數,164.26
2024-05-16,食品類指數,2198.69
2024-05-16,塑膠類指數,194.02
2024-05-16,紡織纖維類指數,645.21
2024-05-16,電機機械類指數,428.19
2024-05-16,電器電纜類指數,118.39
2024-05-16,化學生技醫療類指數,135.77
2024-05-16,化學類指數,172.21
2024-05-16,生技醫療類指數,72.75
2024-05-16,玻璃陶瓷類指數,48.82
2024-05-16,造紙類指數,349.95
2024-05-16,鋼鐵類指數,147.8
2024-05-16,橡膠類指數,306.18
2024-05-16,汽車類指數,415.47
2024-05-16,電子工業類指數,1109.93
2024-05-16,半導體類指數,541.75
2024-05-16,電腦及週邊設備類指數,275.96
2024-05-16,光電類指數,39.06
2024-05-16,通信網路類指數,153.62
2024-05-16,電子零組件類指數,222.09
2024-05-16,電子通路類指數,278.54
2024-05-16,資訊服務類指數,197.48
2024-05-16,其他電子類指數,152.78
2024-05-16,建材營造類指數,595.94
2024-05-16,航運類指數,196.56
2024-05-16,觀光餐旅類指數,141.54
2024-05-16,金融保險類指數,1963.03
2024-05-16,貿易百貨類指數,302.65
2024-05-16,油電燃氣類指數,96.09
2024-05-16,綠能環保類指數,110.46
2024-05-16,數位雲端類指數,69.64
2024-05-16,運動休閒類指數,101.49
2024-05-16,居家生活類指數,112.78
2024-05-16,其他類指數,368.73
2024-05-15,發行量加權股價指數,21147.21
2024-05-15,水泥窯製類指數,619.34
2024-05-15,塑膠化工類指數,777.77
2024-05-15,機電類指數,6192.1
2024-05-15,水泥類指數,163.23
2024-05-15,食品類指數,2182.96
2024-05-15,塑膠類指數,192.5
2024-05-15,紡織纖維類指數,637.61
2024-05-15,電機機械類指數,430.05
2024-05-15,電器電纜類指數,117.48
2024-05-15,化學生技醫療類指數,133.54
2024-05-15,化學類指數,171.01
2024-05-15,生技醫療類指數,71.03
2024-05-15,玻璃陶瓷類指數,48.47
2024-05-15,造紙類指數,347.56
2024-05-15,鋼鐵類指數,145.68
2024-05-15,橡膠類指數,300.87
2024-05-15,汽車類指數,412.33
2024-05-15,電子工業類指數,1103.48
2024-05-15,半導體類指數,538.59
2024-05-15,電腦及週邊設備類指數,277.14
2024-05-15,光電類指數,38.33
2024-05-15,通信網路類指數,151.87
2024-05-15,電子零組件類指數,219.5
2024-05-15,電子通路類指數,279.33
2024-05-15,資訊服務類指數,196.12
2024-05-15,其他電子類指數,151.79
2024-05-15,建材營造類指數,575.46
2024-05-15,航運類指數,189.69
2024-05-15,觀光餐旅類指數,137.96
2024-05-15,金融保險類指數,1948.63
2024-05-15,貿易百貨類指數,303.61
2024-05-15,油電燃氣類指數,95.84
2024-05-15,綠能環保類指數,110.67
2024-05-15,數位雲端類指數,68.34
2024-05-15,運動休閒類指數,101.96
2024-05-15,居家生活類指數,111.33
2024-05-15,其他類指數,367.22
2024-05-14,發行量加權股價指數,20985.85
2024-05-14,水泥窯製類指數,619.4
2024-05-14,塑膠化工類指數,775.36
2024-05-14,機電類指數,6141.68
2024-05-14,水泥類指數,163.27
2024-05-14,食品類指數,2164.94
2024-05-14,塑膠類指數,192.64
2024-05-14,紡織纖維類指數,640.31
2024-05-14,電機機械類指數,431.1
2024-05-14,電器電纜類指數,116.7
2024-05-14,化學生技醫療類指數,132.77
2024-05-14,化學類指數,169.84
2024-05-14,生技醫療類指數,70.67
2024-05-14,玻璃陶瓷類指數,48.42
2024-05-14,造紙類指數,346.83
2024-05-14,鋼鐵類指數,146.23
2024-05-14,橡膠類指數,297.84
2024-05-14,汽車類指數,409.69
2024-05-14,電子工業類指數,1094.14
2024-05-14,半導體類指數,531.46
2024-05-14,電腦及週邊設備類指數,277.32
2024-05-14,光電類指數,38.25
2024-05-14,通信網路類指數,151.71
2024-05-14,電子零組件類指數,219.36
2024-05-14,電子通路類指數,278.0
2024-05-14,資訊服務類指數,196.16
2024-05-14,其他電子類指數,152.01
2024-05-14,建材營造類指數,572.5
2024-05-14,航運類指數,192.72
2024-05-14,觀光餐旅類指數,137.64
2024-05-14,金融保險類指數,1918.02
2024-05-14,貿易百貨類指數,298.33
2024-05-14,油電燃氣類指數,95.21
2024-05-14,綠能環保類指數,111.39
2024-05-14,數位雲端類指數,68.35
2024-05-14,運動休閒類指數,101.82
2024-05-14,居家生活類指數,110.03
2024-05-14,其他類指數,363.73
2024-05-13,發行量加權股價指數,20857.71
2024-05-13,水泥窯製類指數,623.6
2024-05-13,塑膠化工類指數,773.82
2024-05-13,機電類指數,6078.11
2024-05-13,水泥類指數,164.5
2024-05-13,食品類指數,2165.6
2024-05-13,塑膠類指數,192.67
2024-05-13,紡織纖維類指數,640.72
2024-05-13,電機機械類指數,430.79
2024-05-13,電器電纜類指數,117.83
2024-05-13,化學生技醫療類指數,131.79
2024-05-13,化學類指數,170.6
2024-05-13,生技醫療類指數,69.51
2024-05-13,玻璃陶瓷類指數,48.48
2024-05-13,造紙類指數,349.36
2024-05-13,鋼鐵類指數,144.73
2024-05-13,橡膠類指數,299.73
2024-05-13,汽車類指數,409.02
2024-05-13,電子工業類指數,1082.35
2024-05-13,半導體類指數,526.21
2024-05-13,電腦及週邊設備類指數,269.07
2024-05-13,光電類指數,37.83
2024-05-13,通信網路類指數,151.77
2024-05-13,電子零組件類指數,218.97
2024-05-13,電子通路類指數,278.9
2024-05-13,資訊服務類指數,194.83
2024-05-13,其他電子類指數,150.26
2024-05-13,建材營造類指數,588.12
2024-05-13,航運類指數,188.65
2024-05-13,觀光餐旅類指數,137.97
2024-05-13,金融保險類指數,1939.4
2024-05-13,貿易百貨類指數,300.53
2024-05-13,油電燃氣類指數,95.38
2024-05-13,綠能環保類指數,110.78
2024-05-13,數位雲端類指數,68.86
2024-05-13,運動休閒類指數,100.88
2024-05-13,居家生活類指數,109.92
2024-05-13,其他類指數,368.65
2024-05-10,發行量加權股價指數,20708.84
2024-05-10,水泥窯製類指數,622.89
2024-05-10,塑膠化工類指數,771.57
2024-05-10,機電類指數,6025.33
2024-05-10,水泥類指數,164.13
2024-05-10,食品類指數,2147.6
2024-05-10,塑膠類指數,192.87
2024-05-10,紡織纖維類指數,640.44
2024-05-10,電機機械類指數,443.99
2024-05-10,電器電纜類指數,118.12
2024-05-10,化學生技醫療類指數,131.61
2024-05-10,化學類指數,169.72
2024-05-10,生技醫療類指數,69.62
2024-05-10,玻璃陶瓷類指數,48.81
2024-05-10,造紙類指數,350.4
2024-05-10,鋼鐵類指數,144.26
2024-05-10,橡膠類指數,292.54
2024-05-10,汽車類指數,408.6
2024-05-10,電子工業類指數,1071.6
2024-05-10,半導體類指數,517.63
2024-05-10,電腦及週邊設備類指數,268.84
2024-05-10,光電類指數,37.73
2024-05-10,通信網路類指數,151.4
2024-05-10,電子零組件類指數,220.21
2024-05-10,電子通路類指數,278.97
2024-05-10,資訊服務類指數,195.71
2024-05-10,其他電子類指數,150.62
2024-05-10,建材營造類指數,584.2
2024-05-10,航運類指數,181.85
2024-05-10,觀光餐旅類指數,139.83
2024-05-10,金融保險類指數,1948.76
2024-05-10,貿易百貨類指數,296.59
2024-05-10,油電燃氣類指數,95.79
2024-05-10,綠能環保類指數,112.77
2024-05-10,數位雲端類指數,69.19
2024-05-10,運動休閒類指數,99.95
2024-05-10,居家生活類指數,109.07
2024-05-10,其他類指數,362.48
2024-05-09,發行量加權股價指數,20560.77
2024-05-09,水泥窯製類指數,606.03
2024-05-09,塑膠化工類指數,763.48
2024-05-09,機電類指數,6013.58
2024-05-09,水泥類指數,159.25
2024-05-09,食品類指數,2132.13
2024-05-09,塑膠類指數,190.75
2024-05-09,紡織纖維類指數,632.88
2024-05-09,電機機械類指數,448.97
2024-05-09,電器電纜類指數,117.59
2024-05-09,化學生技醫療類指數,130.57
2024-05-09,化學類指數,167.73
2024-05-09,生技醫療類指數,69.28
2024-05-09,玻璃陶瓷類指數,48.41
2024-05-09,造紙類指數,346.26
2024-05-09,鋼鐵類指數,143.34
2024-05-09,橡膠類指數,287.6
2024-05-09,汽車類指數,409.3
2024-05-09,電子工業類指數,1069.08
2024-05-09,半導體類指數,514.92
2024-05-09,電腦及週邊設備類指數,269.33
2024-05-09,光電類指數,37.52
2024-05-09,通信網路類指數,150.78
2024-05-09,電子零組件類指數,223.52
2024-05-09,電子通路類指數,274.95
2024-05-09,資訊服務類指數,194.29
2024-05-09,其他電子類指數,150.74
2024-05-09,建材營造類指數,586.17
2024-05-09,航運類指數,171.0
2024-05-09,觀光餐旅類指數,139.19
2024-05-09,金融保險類指數,1896.8
2024-05-09,貿易百貨類指數,291.67
2024-05-09,油電燃氣類指數,95.31
2024-05-09,綠能環保類指數,112.94
2024-05-09,數位雲端類指數,69.39
2024-05-09,運動休閒類指數,98.26
2024-05-09,居家生活類指數,109.82
2024-05-09,其他類指數,359.29
2024-05-08,發行量加權股價指數,20700.51
2024-05-08,水泥窯製類指數,611.4
2024-05-08,塑膠化工類指數,771.47
2024-05-08,機電類指數,6053.31
2024-05-08,水泥類指數,160.98
2024-05-08,食品類指數,2145.23
2024-05-08,塑膠類指數,192.05
2024-05-08,紡織纖維類指數,637.6
2024-05-08,電機機械類指數,455.02
2024-05-08,電器電纜類指數,120.17
2024-05-08,化學生技醫療類指數,132.18
2024-05-08,化學類指數,168.99
2024-05-08,生技醫療類指數,70.39
2024-05-08,玻璃陶瓷類指數,48.17
2024-05-08,造紙類指數,349.81
2024-05-08,鋼鐵類指數,144.91
2024-05-08,橡膠類指數,293.34
2024-05-08,汽車類指數,413.11
2024-05-08,電子工業類指數,1075.8
2024-05-08,半導體類指數,519.47
2024-05-08,電腦及週邊設備類指數,268.8
2024-05-08,光電類指數,37.91
2024-05-08,通信網路類指數,151.09
2024-05-08,電子零組件類指數,223.29
2024-05-08,電子通路類指數,286.9
2024-05-08,資訊服務類指數,201.18
2024-05-08,其他電子類指數,150.51
2024-05-08,建材營造類指數,600.93
2024-05-08,航運類指數,168.09
2024-05-08,觀光餐旅類指數,140.0
2024-05-08,金融保險類指數,1908.82
2024-05-08,貿易百貨類指數,293.79
2024-05-08,油電燃氣類指數,96.79
2024-05-08,綠能環保類指數,114.62
2024-05-08,數位雲端類指數,69.74
2024-05-08,運動休閒類指數,98.9
2024-05-08,居家生活類指數,110.34
2024-05-08,其他類指數,363.06
2024-05-07,發行量加權股價指數,20653.53
2024-05-07,水泥窯製類指數,614.57
2024-05-07,塑膠化工類指數,770.47
2024-05-07,機電類指數,6024.05
2024-05-07,水泥類指數,161.75
2024-05-07,食品類指數,2143.55
2024-05-07,塑膠類指數,192.47
2024-05-07,紡織纖維類指數,637.83
2024-05-07,電機機械類指數,443.66
2024-05-07,電器電纜類指數,119.89
2024-05-07,化學生技醫療類指數,131.36
2024-05-07,化學類指數,168.22
2024-05-07,生技醫療類指數,69.87
2024-05-07,玻璃陶瓷類指數,48.56
2024-05-07,造紙類指數,352.78
2024-05-07,鋼鐵類指數,144.92
2024-05-07,橡膠類指數,293.4
2024-05-07,汽車類指數,412.51
2024-05-07,電子工業類指數,1071.27
2024-05-07,半導體類指數,517.02
2024-05-07,電腦及週邊設備類指數,266.32
2024-05-07,光電類指數,38.1
2024-05-07,通信網路類指數,150.73
2024-05-07,電子零組件類指數,221.34
2024-05-07,電子通路類指數,295.54
2024-05-07,資訊服務類指數,199.5
2024-05-07,其他電子類指數,150.58
2024-05-07,建材營造類指數,618.89
2024-05-07,航運類指數,168.71
2024-05-07,觀光餐旅類指數,138.68
2024-05-07,金融保險類指數,1908.13
2024-05-07,貿易百貨類指數,294.71
2024-05-07,油電燃氣類指數,97.39
2024-05-07,綠能環保類指數,114.57
2024-05-07,數位雲端類指數,70.74
2024-05-07,運動休閒類指數,98.6
2024-05-07,居家生活類指數,110.6
2024-05-07,其他類指數,374.7
2024-05-06,發行量加權股價指數,20523.31
2024-05-06,水泥窯製類指數,615.62
2024-05-06,塑膠化工類指數,776.9
2024-05-06,機電類指數,5954.96
2024-05-06,水泥類指數,161.91
2024-05-06,食品類指數,2151.64
2024-05-06,塑膠類指數,194.6
2024-05-06,紡織纖維類指數,641.51
2024-05-06,電機機械類指數,438.36
2024-05-06,電器電纜類指數,116.09
2024-05-06,化學生技醫療類指數,132.45
2024-05-06,化學類指數,168.98
2024-05-06,生技醫療類指數,70.65
2024-05-06,玻璃陶瓷類指數,48.88
2024-05-06,造紙類指數,359.9
2024-05-06,鋼鐵類指數,146.43
2024-05-06,橡膠類指數,292.5
2024-05-06,汽車類指數,415.59
2024-05-06,電子工業類指數,1059.16
2024-05-06,半導體類指數,509.62
2024-05-06,電腦及週邊設備類指數,262.65
2024-05-06,光電類指數,38.13
2024-05-06,通信網路類指數,151.14
2024-05-06,電子零組件類指數,220.7
2024-05-06,電子通路類指數,293.69
2024-05-06,資訊服務類指數,197.27
2024-05-06,其他電子類指數,149.35
2024-05-06,建材營造類指數,640.06
2024-05-06,航運類指數,167.97
2024-05-06,觀光餐旅類指數,139.64
2024-05-06,金融保險類指數,1911.37
2024-05-06,貿易百貨類指數,295.15
2024-05-06,油電燃氣類指數,97.37
2024-05-06,綠能環保類指數,115.07
2024-05-06,數位雲端類指數,71.49
2024-05-06,運動休閒類指數,97.45
2024-05-06,居家生活類指數,109.83
2024-05-06,其他類指數,380.42
2024-05-03,發行量加權股價指數,20330.32
2024-05-03,水泥窯製類指數,608.01
2024-05-03,塑膠化工類指數,772.28
2024-05-03,機電類指數,5902.03
2024-05-03,水泥類指數,159.65
2024-05-03,食品類指數,2118.99
2024-05-03,塑膠類指數,192.72
2024-05-03,紡織纖維類指數,639.4
2024-05-03,電機機械類指數,439.93
2024-05-03,電器電纜類指數,116.82
2024-05-03,化學生技醫療類指數,132.68
2024-05-03,化學類指數,169.23
2024-05-03,生技醫療類指數,70.79
2024-05-03,玻璃陶瓷類指數,48.84
2024-05-03,造紙類指數,360.03
2024-05-03,鋼鐵類指數,146.11
2024-05-03,橡膠類指數,287.99
2024-05-03,汽車類指數,415.34
2024-05-03,電子工業類指數,1049.22
2024-05-03,半導體類指數,507.56
2024-05-03,電腦及週邊設備類指數,258.72
2024-05-03,光電類指數,37.92
2024-05-03,通信網路類指數,149.51
2024-05-03,電子零組件類指數,219.47
2024-05-03,電子通路類指數,290.19
2024-05-03,資訊服務類指數,195.79
2024-05-03,其他電子類指數,141.93
2024-05-03,建材營造類指數,633.77
2024-05-03,航運類指數,167.81
2024-05-03,觀光餐旅類指數,138.36
2024-05-03,金融保險類指數,1870.32
2024-05-03,貿易百貨類指數,294.89
2024-05-03,油電燃氣類指數,97.6
2024-05-03,綠能環保類指數,113.66
2024-05-03,數位雲端類指數,69.35
2024-05-03,運動休閒類指數,98.21
2024-05-03,居家生活類指數,109.89
2024-05-03,其他類指數,377.85
2024-05-02,發行量加權股價指數,20222.44
2024-05-02,水泥窯製類指數,607.59
2024-05-02,塑膠化工類指數,776.54
2024-05-02,機電類指數,5859.2
2024-05-02,水泥類指數,159.37
2024-05-02,食品類指數,2120.19
2024-05-02,塑膠類指數,193.64
2024-05-02,紡織纖維類指數,642.51
2024-05-02,電機機械類指數,444.76
2024-05-02,電器電纜類指數,119.02
2024-05-02,化學生技醫療類指數,133.83
2024-05-02,化學類指數,171.13
2024-05-02,生技醫療類指數,71.26
2024-05-02,玻璃陶瓷類指數,49.16
2024-05-02,造紙類指數,361.32
2024-05-02,鋼鐵類指數,146.53
2024-05-02,橡膠類指數,287.44
2024-05-02,汽車類指數,414.53
2024-05-02,電子工業類指數,1040.81
2024-05-02,半導體類指數,501.82
2024-05-02,電腦及週邊設備類指數,260.77
2024-05-02,光電類指數,37.69
2024-05-02,通信網路類指數,150.55
2024-05-02,電子零組件類指數,216.73
2024-05-02,電子通路類指數,290.35
2024-05-02,資訊服務類指數,195.63
2024-05-02,其他電子類指數,140.29
2024-05-02,建材營造類指數,617.21
2024-05-02,航運類指數,168.25
2024-05-02,觀光餐旅類指數,138.16
2024-05-02,金融保險類指數,1865.2
2024-05-02,貿易百貨類指數,294.4
2024-05-02,油電燃氣類指數,97.56
2024-05-02,綠能環保類指數,114.22
2024-05-02,數位雲端類指數,72.23
2024-05-02,運動休閒類指數,98.25
2024-05-02,居家生活類指數,113.58
2024-05-02,其他類指數,375.6
2024-04-30,發行量加權股價指數,20396.6
2024-04-30,水泥窯製類指數,603.27
2024-04-30,塑膠化工類指數,772.75
2024-04-30,機電類指數,5944.37
2024-04-30,水泥類指數,158.16
2024-04-30,食品類指數,2124.67
2024-04-30,塑膠類指數,192.15
2024-04-30,紡織纖維類指數,641.37
2024-04-30,電機機械類指數,452.46
2024-04-30,電器電纜類指數,118.91
2024-04-30,化學生技醫療類指數,133.64
2024-04-30,化學類指數,171.12
2024-04-30,生技醫療類指數,71.08
2024-04-30,玻璃陶瓷類指數,48.98
2024-04-30,造紙類指數,355.2
2024-04-30,鋼鐵類指數,145.65
2024-04-30,橡膠類指數,286.23
2024-04-30,汽車類指數,410.03
2024-04-30,電子工業類指數,1055.96
2024-04-30,半導體類指數,510.98
2024-04-30,電腦及週邊設備類指數,263.61
2024-04-30,光電類指數,37.93
2024-04-30,通信網路類指數,150.09
2024-04-30,電子零組件類指數,219.44
2024-04-30,電子通路類指數,285.18
2024-04-30,資訊服務類指數,197.41
2024-04-30,其他電子類指數,142.38
2024-04-30,建材營造類指數,598.25
2024-04-30,航運類指數,169.39
2024-04-30,觀光餐旅類指數,136.98
2024-04-30,金融保險類指數,1858.49
2024-04-30,貿易百貨類指數,291.8
2024-04-30,油電燃氣類指數,98.3
2024-04-30,綠能環保類指數,114.35
2024-04-30,數位雲端類指數,72.25
2024-04-30,運動休閒類指數,98.99
2024-04-30,居家生活類指數,115.24
2024-04-30,其他類指數,371.7
2024-04-29,發行量加權股價指數,20495.52
2024-04-29,水泥窯製類指數,606.8
2024-04-29,塑膠化工類指數,779.01
2024-04-29,機電類指數,5970.46
2024-04-29,水泥類指數,158.93
2024-04-29,食品類指數,2138.13
2024-04-29,塑膠類指數,194.3
2024-04-29,紡織纖維類指數,649.71
2024-04-29,電機機械類指數,454.53
2024-04-29,電器電纜類指數,120.06
2024-04-29,化學生技醫療類指數,134.3
2024-04-29,化學類指數,171.02
2024-04-29,生技醫療類指數,71.75
2024-04-29,玻璃陶瓷類指數,49.62
2024-04-29,造紙類指數,362.53
2024-04-29,鋼鐵類指數,146.11
2024-04-29,橡膠類指數,287.72
2024-04-29,汽車類指數,410.87
2024-04-29,電子工業類指數,1060.55
2024-04-29,半導體類指數,514.04
2024-04-29,電腦及週邊設備類指數,263.93
2024-04-29,光電類指數,37.92
2024-04-29,通信網路類指數,149.79
2024-04-29,電子零組件類指數,219.7
2024-04-29,電子通路類指數,281.01
2024-04-29,資訊服務類指數,196.27
2024-04-29,其他電子類指數,143.76
2024-04-29,建材營造類指數,603.74
2024-04-29,航運類指數,171.16
2024-04-29,觀光餐旅類指數,137.05
2024-04-29,金融保險類指數,1865.05
2024-04-29,貿易百貨類指數,294.38
2024-04-29,油電燃氣類指數,98.79
2024-04-29,綠能環保類指數,113.29
2024-04-29,數位雲端類指數,72.29
2024-04-29,運動休閒類指數,100.31
2024-04-29,居家生活類指數,114.38
2024-04-29,其他類指數,373.64
2024-04-26,發行量加權股價指數,20120.51
2024-04-26,水泥窯製類指數,594.67
2024-04-26,塑膠化工類指數,758.03
2024-04-26,機電類指數,5877.94
2024-04-26,水泥類指數,155.77
2024-04-26,食品類指數,2113.66
2024-04-26,塑膠類指數,188.2
2024-04-26,紡織纖維類指數,636.05
2024-04-26,電機機械類指數,456.26
2024-04-26,電器電纜類指數,120.55
2024-04-26,化學生技醫療類指數,131.09
2024-04-26,化學類指數,167.0
2024-04-26,生技醫療類指數,70.02
2024-04-26,玻璃陶瓷類指數,48.58
2024-04-26,造紙類指數,348.85
2024-04-26,鋼鐵類指數,143.38
2024-04-26,橡膠類指數,282.62
2024-04-26,汽車類指數,402.87
2024-04-26,電子工業類指數,1043.31
2024-04-26,半導體類指數,505.46
2024-04-26,電腦及週邊設備類指數,260.66
2024-04-26,光電類指數,37.44
2024-04-26,通信網路類指數,147.94
2024-04-26,電子零組件類指數,215.5
2024-04-26,電子通路類指數,275.85
2024-04-26,資訊服務類指數,192.33
2024-04-26,其他電子類指數,141.13
2024-04-26,建材營造類指數,584.2
2024-04-26,航運類指數,168.97
2024-04-26,觀光餐旅類指數,133.81
2024-04-26,金融保險類指數,1804.25
2024-04-26,貿易百貨類指數,291.38
2024-04-26,油電燃氣類指數,97.06
2024-04-26,綠能環保類指數,113.59
2024-04-26,數位雲端類指數,69.23
2024-04-26,運動休閒類指數,98.61
2024-04-26,居家生活類指數,113.73
2024-04-26,其他類指數,366.32
2024-04-25,發行量加權股價指數,19857.42
2024-04-25,水泥窯製類指數,595.12
2024-04-25,塑膠化工類指數,757.15
2024-04-25,機電類指數,5783.97
2024-04-25,水泥類指數,155.98
2024-04-25,食品類指數,2107.06
2024-04-25,塑膠類指數,188.55
2024-04-25,紡織纖維類指數,632.24
2024-04-25,電機機械類指數,458.03
2024-04-25,電器電纜類指數,120.53
2024-04-25,化學生技醫療類指數,130.81
2024-04-25,化學類指數,165.81
2024-04-25,生技醫療類指數,70.14
2024-04-25,玻璃陶瓷類指數,48.41
2024-04-25,造紙類指數,348.17
2024-04-25,鋼鐵類指數,143.01
2024-04-25,橡膠類指數,279.58
2024-04-25,汽車類指數,402.25
2024-04-25,電子工業類指數,1025.82
2024-04-25,半導體類指數,495.79
2024-04-25,電腦及週邊設備類指數,257.0
2024-04-25,光電類指數,37.08
2024-04-25,通信網路類指數,146.58
2024-04-25,電子零組件類指數,212.21
2024-04-25,電子通路類指數,276.99
2024-04-25,資訊服務類指數,191.94
2024-04-25,其他電子類指數,138.9
2024-04-25,建材營造類指數,571.89
2024-04-25,航運類指數,161.85
2024-04-25,觀光餐旅類指數,132.59
2024-04-25,金融保險類指數,1796.79
2024-04-25,貿易百貨類指數,290.43
2024-04-25,油電燃氣類指數,98.02
2024-04-25,綠能環保類指數,113.34
2024-04-25,數位雲端類指數,69.39
2024-04-25,運動休閒類指數,97.89
2024-04-25,居家生活類指數,113.7
2024-04-25,其他類指數,366.74
2024-04-24,發行量加權股價指數,20131.74
2024-04-24,水泥窯製類指數,595.96
2024-04-24,塑膠化工類指數,762.76
2024-04-24,機電類指數,5887.47
2024-04-24,水泥類指數,156.14
2024-04-24,食品類指數,2122.34
2024-04-24,塑膠類指數,190.71
2024-04-24,紡織纖維類指數,630.19
2024-04-24,電機機械類指數,460.98
2024-04-24,電器電纜類指數,122.1
2024-04-24,化學生技醫療類指數,131.42
2024-04-24,化學類指數,166.43
2024-04-24,生技醫療類指數,70.52
2024-04-24,玻璃陶瓷類指數,48.61
2024-04-24,造紙類指數,346.16
2024-04-24,鋼鐵類指數,143.59
2024-04-24,橡膠類指數,279.22
2024-04-24,汽車類指數,403.32
2024-04-24,電子工業類指數,1044.61
2024-04-24,半導體類指數,506.35
2024-04-24,電腦及週邊設備類指數,261.36
2024-04-24,光電類指數,36.77
2024-04-24,通信網路類指數,147.8
2024-04-24,電子零組件類指數,214.3
2024-04-24,電子通路類指數,282.78
2024-04-24,資訊服務類指數,193.69
2024-04-24,其他電子類指數,142.05
2024-04-24,建材營造類指數,562.34
2024-04-24,航運類指數,161.85
2024-04-24,觀光餐旅類指數,132.87
2024-04-24,金融保險類指數,1814.43
2024-04-24,貿易百貨類指數,291.26
2024-04-24,油電燃氣類指數,99.17
2024-04-24,綠能環保類指數,113.41
2024-04-24,數位雲端類指數,66.79
2024-04-24,運動休閒類指數,98.36
2024-04-24,居家生活類指數,114.54
2024-04-24,其他類指數,367.61
2024-04-23,發行量加權股價指數,19599.28
2024-04-23,水泥窯製類指數,599.29
2024-04-23,塑膠化工類指數,761.79
2024-04-23,機電類指數,5669.35
2024-04-23,水泥類指數,157.28
2024-04-23,食品類指數,2144.6
2024-04-23,塑膠類指數,191.42
2024-04-23,紡織纖維類指數,629.45
2024-04-23,電機機械類指數,444.6
2024-04-23,電器電纜類指數,121.13
2024-04-23,化學生技醫療類指數,129.92
2024-04-23,化學類指數,163.88
2024-04-23,生技醫療類指數,69.94
2024-04-23,玻璃陶瓷類指數,48.28
2024-04-23,造紙類指數,348.6
2024-04-23,鋼鐵類指數,143.74
2024-04-23,橡膠類指數,282.16
2024-04-23,汽車類指數,401.23
2024-04-23,電子工業類指數,1005.64
2024-04-23,半導體類指數,487.7
2024-04-23,電腦及週邊設備類指數,247.79
2024-04-23,光電類指數,36.25
2024-04-23,通信網路類指數,147.45
2024-04-23,電子零組件類指數,206.29
2024-04-23,電子通路類指數,277.39
2024-04-23,資訊服務類指數,190.7
2024-04-23,其他電子類指數,133.63
2024-04-23,建材營造類指數,562.82
2024-04-23,航運類指數,158.19
2024-04-23,觀光餐旅類指數,130.51
2024-04-23,金融保險類指數,1813.46
2024-04-23,貿易百貨類指數,290.69
2024-04-23,油電燃氣類指數,99.13
2024-04-23,綠能環保類指數,113.35
2024-04-23,數位雲端類指數,66.9
2024-04-23,運動休閒類指數,97.41
2024-04-23,居家生活類指數,113.2
2024-04-23,其他類指數,366.37
2024-04-22,發行量加權股價指數,19411.22
2024-04-22,水泥窯製類指數,599.47
2024-04-22,塑膠化工類指數,759.75
2024-04-22,機電類指數,5604.97
2024-04-22,水泥類指數,157.47
2024-04-22,食品類指數,2138.08
2024-04-22,塑膠類指數,192.66
2024-04-22,紡織纖維類指數,622.31
2024-04-22,電機機械類指數,443.95
2024-04-22,電器電纜類指數,122.54
2024-04-22,化學生技醫療類指數,128.06
2024-04-22,化學類指數,162.99
2024-04-22,生技醫療類指數,68.45
2024-04-22,玻璃陶瓷類指數,47.96
2024-04-22,造紙類指數,347.29
2024-04-22,鋼鐵類指數,143.46
2024-04-22,橡膠類指數,280.89
2024-04-22,汽車類指數,398.02
2024-04-22,電子工業類指數,993.71
2024-04-22,半導體類指數,480.76
2024-04-22,電腦及週邊設備類指數,245.96
2024-04-22,光電類指數,35.54
2024-04-22,通信網路類指數,147.21
2024-04-22,電子零組件類指數,205.17
2024-04-22,電子通路類指數,276.03
2024-04-22,資訊服務類指數,189.85
2024-04-22,其他電子類指數,132.01
2024-04-22,建材營造類指數,555.35
2024-04-22,航運類指數,156.98
2024-04-22,觀光餐旅類指數,128.72
2024-04-22,金融保險類指數,1803.78
2024-04-22,貿易百貨類指數,291.21
2024-04-22,油電燃氣類指數,98.75
2024-04-22,綠能環保類指數,113.95
2024-04-22,數位雲端類指數,66.24
2024-04-22,運動休閒類指數,95.41
2024-04-22,居家生活類指數,111.19
2024-04-22,其他類指數,365.05
2024-04-19,發行量加權股價指數,19527.12
2024-04-19,水泥窯製類指數,589.73
2024-04-19,塑膠化工類指數,743.5
2024-04-19,機電類指數,5695.02
2024-04-19,水泥類指數,154.8
2024-04-19,食品類指數,2088.93
2024-04-19,塑膠類指數,185.18
2024-04-19,紡織纖維類指數,604.7
2024-04-19,電機機械類指數,461.44
2024-04-19,電器電纜類指數,128.5
2024-04-19,化學生技醫療類指數,128.02
2024-04-19,化學類指數,164.18
2024-04-19,生技醫療類指數,68.01
2024-04-19,玻璃陶瓷類指數,47.43
2024-04-19,造紙類指數,335.53
2024-04-19,鋼鐵類指數,143.65
2024-04-19,橡膠類指數,277.4
2024-04-19,汽車類指數,394.38
2024-04-19,電子工業類指數,1008.64
2024-04-19,半導體類指數,487.82
2024-04-19,電腦及週邊設備類指數,254.27
2024-04-19,光電類指數,36.03
2024-04-19,通信網路類指數,146.07
2024-04-19,電子零組件類指數,208.75
2024-04-19,電子通路類指數,281.65
2024-04-19,資訊服務類指數,189.7
2024-04-19,其他電子類指數,132.67
2024-04-19,建材營造類指數,551.41
2024-04-19,航運類指數,155.54
2024-04-19,觀光餐旅類指數,129.67
2024-04-19,金融保險類指數,1772.58
2024-04-19,貿易百貨類指數,284.38
2024-04-19,油電燃氣類指數,94.69
2024-04-19,綠能環保類指數,116.88
2024-04-19,數位雲端類指數,64.58
2024-04-19,運動休閒類指數,94.41
2024-04-19,居家生活類指數,110.86
2024-04-19,其他類指數,361.72
2024-04-18,發行量加權股價指數,20301.2
2024-04-18,水泥窯製類指數,599.17
2024-04-18,塑膠化工類指數,759.28
2024-04-18,機電類指數,5985.34
2024-04-18,水泥類指數,157.0
2024-04-18,食品類指數,2110.42
2024-04-18,塑膠類指數,188.17
2024-04-18,紡織纖維類指數,612.92
2024-04-18,電機機械類指數,472.68
2024-04-18,電器電纜類指數,131.65
2024-04-18,化學生技醫療類指數,132.11
2024-04-18,化學類指數,168.69
2024-04-18,生技醫療類指數,70.43
2024-04-18,玻璃陶瓷類指數,48.83
2024-04-18,造紙類指數,342.02
2024-04-18,鋼鐵類指數,145.6
2024-04-18,橡膠類指數,279.57
2024-04-18,汽車類指數,403.5
2024-04-18,電子工業類指數,1061.2
2024-04-18,半導體類指數,519.65
2024-04-18,電腦及週邊設備類指數,263.11
2024-04-18,光電類指數,37.08
2024-04-18,通信網路類指數,147.89
2024-04-18,電子零組件類指數,215.69
2024-04-18,電子通路類指數,287.41
2024-04-18,資訊服務類指數,192.15
2024-04-18,其他電子類指數,137.24
2024-04-18,建材營造類指數,551.22
2024-04-18,航運類指數,154.19
2024-04-18,觀光餐旅類指數,131.76
2024-04-18,金融保險類指數,1802.67
2024-04-18,貿易百貨類指數,285.98
2024-04-18,油電燃氣類指數,96.05
2024-04-18,綠能環保類指數,116.83
2024-04-18,數位雲端類指數,66.24
2024-04-18,運動休閒類指數,96.76
2024-04-18,居家生活類指數,112.12
2024-04-18,其他類指數,367.62
2024-04-17,發行量加權股價指數,20213.33
2024-04-17,水泥窯製類指數,594.67
2024-04-17,塑膠化工類指數,757.51
2024-04-17,機電類指數,5971.6
2024-04-17,水泥類指數,155.74
2024-04-17,食品類指數,2088.31
2024-04-17,塑膠類指數,186.69
2024-04-17,紡織纖維類指數,610.09
2024-04-17,電機機械類指數,472.17
2024-04-17,電器電纜類指數,126.71
2024-04-17,化學生技醫療類指數,132.88
2024-04-17,化學類指數,168.91
2024-04-17,生技醫療類指數,71.1
2024-04-17,玻璃陶瓷類指數,48.64
2024-04-17,造紙類指數,334.9
2024-04-17,鋼鐵類指數,143.04
2024-04-17,橡膠類指數,278.0
2024-04-17,汽車類指數,404.81
2024-04-17,電子工業類指數,1059.01
2024-04-17,半導體類指數,520.17
2024-04-17,電腦及週邊設備類指數,261.18
2024-04-17,光電類指數,36.88
2024-04-17,通信網路類指數,147.27
2024-04-17,電子零組件類指數,212.09
2024-04-17,電子通路類指數,290.85
2024-04-17,資訊服務類指數,191.45
2024-04-17,其他電子類指數,136.65
2024-04-17,建材營造類指數,529.9
2024-04-17,航運類指數,153.53
2024-04-17,觀光餐旅類指數,130.64
2024-04-17,金融保險類指數,1787.74
2024-04-17,貿易百貨類指數,284.59
2024-04-17,油電燃氣類指數,96.05
2024-04-17,綠能環保類指數,114.17
2024-04-17,數位雲端類指數,64.81
2024-04-17,運動休閒類指數,95.5
2024-04-17,居家生活類指數,110.47
2024-04-17,其他類指數,361.83
2024-04-16,發行量加權股價指數,19901.96
2024-04-16,水泥窯製類指數,590.74
2024-04-16,塑膠化工類指數,756.42
2024-04-16,機電類指數,5857.41
2024-04-16,水泥類指數,154.82
2024-04-16,食品類指數,2072.15
2024-04-16,塑膠類指數,187.45
2024-04-16,紡織纖維類指數,609.96
2024-04-16,電機機械類指數,443.38
2024-04-16,電器電纜類指數,118.61
2024-04-16,化學生技醫療類指數,131.88
2024-04-16,化學類指數,167.38
2024-04-16,生技醫療類指數,70.64
2024-04-16,玻璃陶瓷類指數,48.07
2024-04-16,造紙類指數,332.74
2024-04-16,鋼鐵類指數,141.41
2024-04-16,橡膠類指數,276.74
2024-04-16,汽車類指數,401.23
2024-04-16,電子工業類指數,1040.61
2024-04-16,半導體類指數,510.84
2024-04-16,電腦及週邊設備類指數,256.7
2024-04-16,光電類指數,36.63
2024-04-16,通信網路類指數,148.16
2024-04-16,電子零組件類指數,208.83
2024-04-16,電子通路類指數,280.31
2024-04-16,資訊服務類指數,188.44
2024-04-16,其他電子類指數,132.19
2024-04-16,建材營造類指數,512.81
2024-04-16,航運類指數,153.18
2024-04-16,觀光餐旅類指數,128.95
2024-04-16,金融保險類指數,1777.67
2024-04-16,貿易百貨類指數,282.41
2024-04-16,油電燃氣類指數,96.75
2024-04-16,綠能環保類指數,109.44
2024-04-16,數位雲端類指數,63.97
2024-04-16,運動休閒類指數,94.78
2024-04-16,居家生活類指數,109.27
2024-04-16,其他類指數,359.02
2024-04-15,發行量加權股價指數,20449.77
2024-04-15,水泥窯製類指數,594.69
2024-04-15,塑膠化工類指數,776.43
2024-04-15,機電類指數,6026.1
2024-04-15,水泥類指數,155.68
2024-04-15,食品類指數,2119.47
2024-04-15,塑膠類指數,192.21
2024-04-15,紡織纖維類指數,623.04
2024-04-15,電機機械類指數,457.7
2024-04-15,電器電纜類指數,123.07
2024-04-15,化學生技醫療類指數,135.59
2024-04-15,化學類指數,173.43
2024-04-15,生技醫療類指數,72.19
2024-04-15,玻璃陶瓷類指數,48.79
2024-04-15,造紙類指數,341.04
2024-04-15,鋼鐵類指數,143.0
2024-04-15,橡膠類指數,283.73
2024-04-15,汽車類指數,415.51
2024-04-15,電子工業類指數,1070.4
2024-04-15,半導體類指數,523.98
2024-04-15,電腦及週邊設備類指數,266.89
2024-04-15,光電類指數,37.7
2024-04-15,通信網路類指數,151.2
2024-04-15,電子零組件類指數,217.05
2024-04-15,電子通路類指數,287.82
2024-04-15,資訊服務類指數,192.28
2024-04-15,其他電子類指數,136.44
2024-04-15,建材營造類指數,527.77
2024-04-15,航運類指數,158.72
2024-04-15,觀光餐旅類指數,131.96
2024-04-15,金融保險類指數,1819.28
2024-04-15,貿易百貨類指數,288.45
2024-04-15,油電燃氣類指數,99.92
2024-04-15,綠能環保類指數,110.86
2024-04-15,數位雲端類指數,65.02
2024-04-15,運動休閒類指數,97.79
2024-04-15,居家生活類指數,109.87
2024-04-15,其他類指數,365.43
2024-04-12,發行量加權股價指數,20736.57
2024-04-12,水泥窯製類指數,591.51
2024-04-12,塑膠化工類指數,778.85
2024-04-12,機電類指數,6144.64
2024-04-12,水泥類指數,154.87
2024-04-12,食品類指數,2124.14
2024-04-12,塑膠類指數,192.66
2024-04-12,紡織纖維類指數,626.87
2024-04-12,電機機械類指數,473.68
2024-04-12,電器電纜類指數,120.14
2024-04-12,化學生技醫療類指數,136.66
2024-04-12,化學類指數,173.77
2024-04-12,生技醫療類指數,73.1
2024-04-12,玻璃陶瓷類指數,48.49
2024-04-12,造紙類指數,342.03
2024-04-12,鋼鐵類指數,143.46
2024-04-12,橡膠類指數,281.04
2024-04-12,汽車類指數,417.57
2024-04-12,電子工業類指數,1091.26
2024-04-12,半導體類指數,533.66
2024-04-12,電腦及週邊設備類指數,272.22
2024-04-12,光電類指數,38.16
2024-04-12,通信網路類指數,152.31
2024-04-12,電子零組件類指數,223.89
2024-04-12,電子通路類指數,292.19
2024-04-12,資訊服務類指數,195.02
2024-04-12,其他電子類指數,140.09
2024-04-12,建材營造類指數,529.36
2024-04-12,航運類指數,158.85
2024-04-12,觀光餐旅類指數,131.16
2024-04-12,金融保險類指數,1820.9
2024-04-12,貿易百貨類指數,287.87
2024-04-12,油電燃氣類指數,98.62
2024-04-12,綠能環保類指數,110.08
2024-04-12,數位雲端類指數,65.77
2024-04-12,運動休閒類指數,97.7
2024-04-12,居家生活類指數,108.67
2024-04-12,其他類指數,366.19
2024-04-11,發行量加權股價指數,20753.22
2024-04-11,水泥窯製類指數,594.69
2024-04-11,塑膠化工類指數,779.74
2024-04-11,機電類指數,6145.07
2024-04-11,水泥類指數,155.72
2024-04-11,食品類指數,2121.62
2024-04-11,塑膠類指數,193.8
2024-04-11,紡織纖維類指數,632.75
2024-04-11,電機機械類指數,450.14
2024-04-11,電器電纜類指數,115.94
2024-04-11,化學生技醫療類指數,136.41
2024-04-11,化學類指數,172.57
2024-04-11,生技醫療類指數,73.26
2024-04-11,玻璃陶瓷類指數,48.71
2024-04-11,造紙類指數,343.26
2024-04-11,鋼鐵類指數,144.83
2024-04-11,橡膠類指數,278.33
2024-04-11,汽車類指數,415.58
2024-04-11,電子工業類指數,1093.38
2024-04-11,半導體類指數,534.97
2024-04-11,電腦及週邊設備類指數,275.78
2024-04-11,光電類指數,37.95
2024-04-11,通信網路類指數,153.39
2024-04-11,電子零組件類指數,222.86
2024-04-11,電子通路類指數,287.22
2024-04-11,資訊服務類指數,193.81
2024-04-11,其他電子類指數,138.95
2024-04-11,建材營造類指數,526.31
2024-04-11,航運類指數,157.84
2024-04-11,觀光餐旅類指數,129.71
2024-04-11,金融保險類指數,1832.71
2024-04-11,貿易百貨類指數,289.64
2024-04-11,油電燃氣類指數,99.58
2024-04-11,綠能環保類指數,108.83
2024-04-11,數位雲端類指數,67.36
2024-04-11,運動休閒類指數,97.26
2024-04-11,居家生活類指數,108.81
2024-04-11,其他類指數,365.45
2024-04-10,發行量加權股價指數,20763.53
2024-04-10,水泥窯製類指數,601.64
2024-04-10,塑膠化工類指數,788.42
2024-04-10,機電類指數,6142.8
2024-04-10,水泥類指數,157.3
2024-04-10,食品類指數,2130.36
2024-04-10,塑膠類指數,196.86
2024-04-10,紡織纖維類指數,638.43
2024-04-10,電機機械類指數,452.08
2024-04-10,電器電纜類指數,117.36
2024-04-10,化學生技醫療類指數,137.55
2024-04-10,化學類指數,173.78
2024-04-10,生技醫療類指數,73.95
2024-04-10,玻璃陶瓷類指數,49.83
2024-04-10,造紙類指數,345.74
2024-04-10,鋼鐵類指數,147.45
2024-04-10,橡膠類指數,278.24
2024-04-10,汽車類指數,418.1
2024-04-10,電子工業類指數,1092.72
2024-04-10,半導體類指數,532.65
2024-04-10,電腦及週邊設備類指數,273.6
2024-04-10,光電類指數,38.69
2024-04-10,通信網路類指數,153.59
2024-04-10,電子零組件類指數,226.14
2024-04-10,電子通路類指數,282.24
2024-04-10,資訊服務類指數,197.32
2024-04-10,其他電子類指數,141.72
2024-04-10,建材營造類指數,524.91
2024-04-10,航運類指數,155.73
2024-04-10,觀光餐旅類指數,128.11
2024-04-10,金融保險類指數,1832.24
2024-04-10,貿易百貨類指數,289.6
2024-04-10,油電燃氣類指數,100.46
2024-04-10,綠能環保類指數,109.59
2024-04-10,數位雲端類指數,67.28
2024-04-10,運動休閒類指數,95.44
2024-04-10,居家生活類指數,108.73
2024-04-10,其他類指數,368.54
2024-04-09,發行量加權股價指數,20796.2
2024-04-09,水泥窯製類指數,597.43
2024-04-09,塑膠化工類指數,784.57
2024-04-09,機電類指數,6158.35
2024-04-09,水泥類指數,156.08
2024-04-09,食品類指數,2132.14
2024-04-09,塑膠類指數,196.49
2024-04-09,紡織纖維類指數,633.96
2024-04-09,電機機械類指數,455.75
2024-04-09,電器電纜類指數,116.78
2024-04-09,化學生技醫療類指數,136.12
2024-04-09,化學類指數,173.56
2024-04-09,生技醫療類指數,72.65
2024-04-09,玻璃陶瓷類指數,49.76
2024-04-09,造紙類指數,344.17
2024-04-09,鋼鐵類指數,149.17
2024-04-09,橡膠類指數,278.49
2024-04-09,汽車類指數,417.31
2024-04-09,電子工業類指數,1095.36
2024-04-09,半導體類指數,532.37
2024-04-09,電腦及週邊設備類指數,277.08
2024-04-09,光電類指數,38.66
2024-04-09,通信網路類指數,152.67
2024-04-09,電子零組件類指數,228.91
2024-04-09,電子通路類指數,276.91
2024-04-09,資訊服務類指數,195.5
2024-04-09,其他電子類指數,143.64
2024-04-09,建材營造類指數,518.69
2024-04-09,航運類指數,156.17
2024-04-09,觀光餐旅類指數,127.44
2024-04-09,金融保險類指數,1838.93
2024-04-09,貿易百貨類指數,286.65
2024-04-09,油電燃氣類指數,99.67
2024-04-09,綠能環保類指數,108.9
2024-04-09,數位雲端類指數,66.07
2024-04-09,運動休閒類指數,95.99
2024-04-09,居家生活類指數,108.74
2024-04-09,其他類指數,366.34
2024-04-08,發行量加權股價指數,20417.7
2024-04-08,水泥窯製類指數,593.43
2024-04-08,塑膠化工類指數,777.15
2024-04-08,機電類指數,6028.16
2024-04-08,水泥類指數,155.12
2024-04-08,食品類指數,2113.49
2024-04-08,塑膠類指數,193.43
2024-04-08,紡織纖維類指數,628.25
2024-04-08,電機機械類指數,439.42
2024-04-08,電器電纜類指數,113.2
2024-04-08,化學生技醫療類指數,136.32
2024-04-08,化學類指數,173.77
2024-04-08,生技醫療類指數,72.77
2024-04-08,玻璃陶瓷類指數,49.22
2024-04-08,造紙類指數,343.11
2024-04-08,鋼鐵類指數,143.89
2024-04-08,橡膠類指數,273.07
2024-04-08,汽車類指數,415.41
2024-04-08,電子工業類指數,1072.77
2024-04-08,半導體類指數,514.2
2024-04-08,電腦及週邊設備類指數,279.01
2024-04-08,光電類指數,38.3
2024-04-08,通信網路類指數,153.5
2024-04-08,電子零組件類指數,229.51
2024-04-08,電子通路類指數,277.84
2024-04-08,資訊服務類指數,193.15
2024-04-08,其他電子類指數,143.5
2024-04-08,建材營造類指數,510.23
2024-04-08,航運類指數,153.11
2024-04-08,觀光餐旅類指數,126.64
2024-04-08,金融保險類指數,1820.14
2024-04-08,貿易百貨類指數,285.17
2024-04-08,油電燃氣類指數,98.77
2024-04-08,綠能環保類指數,108.16
2024-04-08,數位雲端類指數,66.19
2024-04-08,運動休閒類指數,95.3
2024-04-08,居家生活類指數,107.8
2024-04-08,其他類指數,363.29
2024-04-03,發行量加權股價指數,20337.6
2024-04-03,水泥窯製類指數,586.51
2024-04-03,塑膠化工類指數,773.86
2024-04-03,機電類指數,6014.05
2024-04-03,水泥類指數,153.3
2024-04-03,食品類指數,2111.33
2024-04-03,塑膠類指數,191.87
2024-04-03,紡織纖維類指數,629.24
2024-04-03,電機機械類指數,440.35
2024-04-03,電器電纜類指數,108.78
2024-04-03,化學生技醫療類指數,136.19
2024-04-03,化學類指數,173.8
2024-04-03,生技醫療類指數,72.64
2024-04-03,玻璃陶瓷類指數,48.66
2024-04-03,造紙類指數,339.36
2024-04-03,鋼鐵類指數,142.38
2024-04-03,橡膠類指數,273.54
2024-04-03,汽車類指數,411.72
2024-04-03,電子工業類指數,1070.38
2024-04-03,半導體類指數,513.93
2024-04-03,電腦及週邊設備類指數,276.84
2024-04-03,光電類指數,38.5
2024-04-03,通信網路類指數,152.16
2024-04-03,電子零組件類指數,227.38
2024-04-03,電子通路類指數,277.28
2024-04-03,資訊服務類指數,192.11
2024-04-03,其他電子類指數,143.86
2024-04-03,建材營造類指數,498.61
2024-04-03,航運類指數,151.78
2024-04-03,觀光餐旅類指數,127.44
2024-04-03,金融保險類指數,1803.18
2024-04-03,貿易百貨類指數,282.63
2024-04-03,油電燃氣類指數,98.38
2024-04-03,綠能環保類指數,108.41
2024-04-03,數位雲端類指數,65.43
2024-04-03,運動休閒類指數,94.85
2024-04-03,居家生活類指數,106.84
2024-04-03,其他類指數,362.45
2024-04-02,發行量加權股價指數,20466.57
2024-04-02,水泥窯製類指數,585.46
2024-04-02,塑膠化工類指數,776.3
2024-04-02,機電類指數,6052.7
2024-04-02,水泥類指數,153.0
2024-04-02,食品類指數,2118.57
2024-04-02,塑膠類指數,194.03
2024-04-02,紡織纖維類指數,635.01
2024-04-02,電機機械類指數,440.18
2024-04-02,電器電纜類指數,109.9
2024-04-02,化學生技醫療類指數,135.22
2024-04-02,化學類指數,173.87
2024-04-02,生技醫療類指數,71.69
2024-04-02,玻璃陶瓷類指數,48.64
2024-04-02,造紙類指數,339.98
2024-04-02,鋼鐵類指數,140.36
2024-04-02,橡膠類指數,274.22
2024-04-02,汽車類指數,414.49
2024-04-02,電子工業類指數,1077.45
2024-04-02,半導體類指數,519.05
2024-04-02,電腦及週邊設備類指數,275.13
2024-04-02,光電類指數,38.81
2024-04-02,通信網路類指數,153.34
2024-04-02,電子零組件類指數,227.48
2024-04-02,電子通路類指數,279.53
2024-04-02,資訊服務類指數,194.11
2024-04-02,其他電子類指數,144.34
2024-04-02,建材營造類指數,501.53
2024-04-02,航運類指數,152.88
2024-04-02,觀光餐旅類指數,129.07
2024-04-02,金融保險類指數,1825.18
2024-04-02,貿易百貨類指數,284.12
2024-04-02,油電燃氣類指數,98.3
2024-04-02,綠能環保類指數,108.7
2024-04-02,數位雲端類指數,65.98
2024-04-02,運動休閒類指數,95.41
2024-04-02,居家生活類指數,107.09
2024-04-02,其他類指數,363.09
2024-04-01,發行量加權股價指數,20222.33
2024-04-01,水泥窯製類指數,589.58
2024-04-01,塑膠化工類指數,775.61
2024-04-01,機電類指數,5947.61
2024-04-01,水泥類指數,153.92
2024-04-01,食品類指數,2134.84
2024-04-01,塑膠類指數,194.43
2024-04-01,紡織纖維類指數,632.83
2024-04-01,電機機械類指數,437.33
2024-04-01,電器電纜類指數,111.1
2024-04-01,化學生技醫療類指數,134.21
2024-04-01,化學類指數,171.75
2024-04-01,生技醫療類指數,71.42
2024-04-01,玻璃陶瓷類指數,49.34
2024-04-01,造紙類指數,343.13
2024-04-01,鋼鐵類指數,139.7
2024-04-01,橡膠類指數,276.66
2024-04-01,汽車類指數,416.74
2024-04-01,電子工業類指數,1058.19
2024-04-01,半導體類指數,508.26
2024-04-01,電腦及週邊設備類指數,272.02
2024-04-01,光電類指數,38.69
2024-04-01,通信網路類指數,153.73
2024-04-01,電子零組件類指數,226.56
2024-04-01,電子通路類指數,275.45
2024-04-01,資訊服務類指數,193.42
2024-04-01,其他電子類指數,138.26
2024-04-01,建材營造類指數,500.46
2024-04-01,航運類指數,154.08
2024-04-01,觀光餐旅類指數,129.77
2024-04-01,金融保險類指數,1826.53
2024-04-01,貿易百貨類指數,282.86
2024-04-01,油電燃氣類指數,97.76
2024-04-01,綠能環保類指數,108.74
2024-04-01,數位雲端類指數,66.41
2024-04-01,運動休閒類指數,95.18
2024-04-01,居家生活類指數,107.35
2024-04-01,其他類指數,363.13
2024-03-29,發行量加權股價指數,20294.45
2024-03-29,水泥窯製類指數,588.41
2024-03-29,塑膠化工類指數,763.4
2024-03-29,機電類指數,5988.26
2024-03-29,水泥類指數,153.69
2024-03-29,食品類指數,2144.51
2024-03-29,塑膠類指數,190.04
2024-03-29,紡織纖維類指數,632.45
2024-03-29,電機機械類指數,429.14
2024-03-29,電器電纜類指數,111.61
2024-03-29,化學生技醫療類指數,132.63
2024-03-29,化學類指數,170.9
2024-03-29,生技醫療類指數,70.19
2024-03-29,玻璃陶瓷類指數,49.09
2024-03-29,造紙類指數,339.92
2024-03-29,鋼鐵類指數,139.16
2024-03-29,橡膠類指數,277.08
2024-03-29,汽車類指數,412.39
2024-03-29,電子工業類指數,1066.28
2024-03-29,半導體類指數,514.12
2024-03-29,電腦及週邊設備類指數,275.83
2024-03-29,光電類指數,38.2
2024-03-29,通信網路類指數,152.79
2024-03-29,電子零組件類指數,225.26
2024-03-29,電子通路類指數,280.19
2024-03-29,資訊服務類指數,192.03
2024-03-29,其他電子類指數,138.01
2024-03-29,建材營造類指數,492.01
2024-03-29,航運類指數,154.33
2024-03-29,觀光餐旅類指數,128.74
2024-03-29,金融保險類指數,1835.02
2024-03-29,貿易百貨類指數,280.69
2024-03-29,油電燃氣類指數,94.95
2024-03-29,綠能環保類指數,107.26
2024-03-29,數位雲端類指數,65.73
2024-03-29,運動休閒類指數,95.76
2024-03-29,居家生活類指數,107.3
2024-03-29,其他類指數,359.11
2024-03-28,發行量加權股價指數,20146.55
2024-03-28,水泥窯製類指數,583.43
2024-03-28,塑膠化工類指數,760.26
2024-03-28,機電類指數,5934.75
2024-03-28,水泥類指數,152.09
2024-03-28,食品類指數,2125.87
2024-03-28,塑膠類指數,187.92
2024-03-28,紡織纖維類指數,629.12
2024-03-28,電機機械類指數,426.17
2024-03-28,電器電纜類指數,112.37
2024-03-28,化學生技醫療類指數,133.19
2024-03-28,化學類指數,172.62
2024-03-28,生技醫療類指數,70.16
2024-03-28,玻璃陶瓷類指數,49.32
2024-03-28,造紙類指數,340.25
2024-03-28,鋼鐵類指數,139.31
2024-03-28,橡膠類指數,276.66
2024-03-28,汽車類指數,414.67
2024-03-28,電子工業類指數,1056.58
2024-03-28,半導體類指數,506.92
2024-03-28,電腦及週邊設備類指數,271.57
2024-03-28,光電類指數,38.28
2024-03-28,通信網路類指數,152.2
2024-03-28,電子零組件類指數,224.77
2024-03-28,電子通路類指數,281.08
2024-03-28,資訊服務類指數,193.17
2024-03-28,其他電子類指數,141.32
2024-03-28,建材營造類指數,492.86
2024-03-28,航運類指數,155.2
2024-03-28,觀光餐旅類指數,129.41
2024-03-28,金融保險類指數,1820.57
2024-03-28,貿易百貨類指數,280.38
2024-03-28,油電燃氣類指數,93.92
2024-03-28,綠能環保類指數,107.2
2024-03-28,數位雲端類指數,66.52
2024-03-28,運動休閒類指數,96.29
2024-03-28,居家生活類指數,107.76
2024-03-28,其他類指數,359.07
2024-03-27,發行量加權股價指數,20200.12
2024-03-27,水泥窯製類指數,584.78
2024-03-27,塑膠化工類指數,764.12
2024-03-27,機電類指數,5948.73
2024-03-27,水泥類指數,152.35
2024-03-27,食品類指數,2124.36
2024-03-27,塑膠類指數,189.68
2024-03-27,紡織纖維類指數,637.24
2024-03-27,電機機械類指數,431.16
2024-03-27,電器電纜類指數,112.87
2024-03-27,化學生技醫療類指數,133.35
2024-03-27,化學類指數,173.43
2024-03-27,生技醫療類指數,70.04
2024-03-27,玻璃陶瓷類指數,49.61
2024-03-27,造紙類指數,341.79
2024-03-27,鋼鐵類指數,139.34
2024-03-27,橡膠類指數,276.63
2024-03-27,汽車類指數,411.58
2024-03-27,電子工業類指數,1058.75
2024-03-27,半導體類指數,512.07
2024-03-27,電腦及週邊設備類指數,267.2
2024-03-27,光電類指數,38.31
2024-03-27,通信網路類指數,153.08
2024-03-27,電子零組件類指數,223.84
2024-03-27,電子通路類指數,280.71
2024-03-27,資訊服務類指數,194.69
2024-03-27,其他電子類指數,136.52
2024-03-27,建材營造類指數,491.59
2024-03-27,航運類指數,155.51
2024-03-27,觀光餐旅類指數,130.52
2024-03-27,金融保險類指數,1829.8
2024-03-27,貿易百貨類指數,282.08
2024-03-27,油電燃氣類指數,94.87
2024-03-27,綠能環保類指數,107.35
2024-03-27,數位雲端類指數,65.4
2024-03-27,運動休閒類指數,96.72
2024-03-27,居家生活類指數,107.67
2024-03-27,其他類指數,359.5
2024-03-26,發行量加權股價指數,20126.49
2024-03-26,水泥窯製類指數,584.04
2024-03-26,塑膠化工類指數,759.17
2024-03-26,機電類指數,5934.9
2024-03-26,水泥類指數,152.37
2024-03-26,食品類指數,2101.92
2024-03-26,塑膠類指數,191.04
2024-03-26,紡織纖維類指數,633.48
2024-03-26,電機機械類指數,440.37
2024-03-26,電器電纜類指數,112.58
2024-03-26,化學生技醫療類指數,130.51
2024-03-26,化學類指數,169.77
2024-03-26,生技醫療類指數,68.53
2024-03-26,玻璃陶瓷類指數,49.1
2024-03-26,造紙類指數,336.51
2024-03-26,鋼鐵類指數,139.28
2024-03-26,橡膠類指數,272.14
2024-03-26,汽車類指數,408.26
2024-03-26,電子工業類指數,1055.52
2024-03-26,半導體類指數,512.96
2024-03-26,電腦及週邊設備類指數,266.33
2024-03-26,光電類指數,38.12
2024-03-26,通信網路類指數,151.76
2024-03-26,電子零組件類指數,222.52
2024-03-26,電子通路類指數,278.71
2024-03-26,資訊服務類指數,192.93
2024-03-26,其他電子類指數,131.61
2024-03-26,建材營造類指數,481.1
2024-03-26,航運類指數,152.9
2024-03-26,觀光餐旅類指數,128.19
2024-03-26,金融保險類指數,1823.22
2024-03-26,貿易百貨類指數,279.11
2024-03-26,油電燃氣類指數,95.83
2024-03-26,綠能環保類指數,108.9
2024-03-26,數位雲端類指數,65.26
2024-03-26,運動休閒類指數,94.68
2024-03-26,居家生活類指數,105.35
2024-03-26,其他類指數,357.52
2024-03-25,發行量加權股價指數,20192.25
2024-03-25,水泥窯製類指數,579.83
2024-03-25,塑膠化工類指數,755.07
2024-03-25,機電類指數,5966.62
2024-03-25,水泥類指數,150.82
2024-03-25,食品類指數,2104.53
2024-03-25,塑膠類指數,187.77
2024-03-25,紡織纖維類指數,631.88
2024-03-25,電機機械類指數,435.86
2024-03-25,電器電纜類指數,110.86
2024-03-25,化學生技醫療類指數,131.86
2024-03-25,化學類指數,171.4
2024-03-25,生技醫療類指數,69.29
2024-03-25,玻璃陶瓷類指數,49.72
2024-03-25,造紙類指數,339.86
2024-03-25,鋼鐵類指數,139.84
2024-03-25,橡膠類指數,270.5
2024-03-25,汽車類指數,411.06
2024-03-25,電子工業類指數,1061.83
2024-03-25,半導體類指數,513.03
2024-03-25,電腦及週邊設備類指數,270.47
2024-03-25,光電類指數,38.64
2024-03-25,通信網路類指數,151.78
2024-03-25,電子零組件類指數,228.34
2024-03-25,電子通路類指數,281.63
2024-03-25,資訊服務類指數,197.52
2024-03-25,其他電子類指數,134.03
2024-03-25,建材營造類指數,480.92
2024-03-25,航運類指數,155.49
2024-03-25,觀光餐旅類指數,127.58
2024-03-25,金融保險類指數,1811.08
2024-03-25,貿易百貨類指數,280.69
2024-03-25,油電燃氣類指數,93.9
2024-03-25,綠能環保類指數,108.79
2024-03-25,數位雲端類指數,65.59
2024-03-25,運動休閒類指數,95.63
2024-03-25,居家生活類指數,105.56
2024-03-25,其他類指數,359.6
2024-03-22,發行量加權股價指數,20228.43
2024-03-22,水泥窯製類指數,579.91
2024-03-22,塑膠化工類指數,749.56
2024-03-22,機電類指數,5986.97
2024-03-22,水泥類指數,150.98
2024-03-22,食品類指數,2103.58
2024-03-22,塑膠類指數,186.55
2024-03-22,紡織纖維類指數,632.31
2024-03-22,電機機械類指數,415.15
2024-03-22,電器電纜類指數,109.58
2024-03-22,化學生技醫療類指數,130.56
2024-03-22,化學類指數,169.23
2024-03-22,生技醫療類指數,68.77
2024-03-22,玻璃陶瓷類指數,49.42
2024-03-22,造紙類指數,338.44
2024-03-22,鋼鐵類指數,139.33
2024-03-22,橡膠類指數,269.93
2024-03-22,汽車類指數,410.28
2024-03-22,電子工業類指數,1067.23
2024-03-22,半導體類指數,516.17
2024-03-22,電腦及週邊設備類指數,272.08
2024-03-22,光電類指數,38.46
2024-03-22,通信網路類指數,151.81
2024-03-22,電子零組件類指數,230.29
2024-03-22,電子通路類指數,279.88
2024-03-22,資訊服務類指數,196.57
2024-03-22,其他電子類指數,134.11
2024-03-22,建材營造類指數,475.05
2024-03-22,航運類指數,154.15
2024-03-22,觀光餐旅類指數,126.47
2024-03-22,金融保險類指數,1816.78
2024-03-22,貿易百貨類指數,279.44
2024-03-22,油電燃氣類指數,93.34
2024-03-22,綠能環保類指數,107.8
2024-03-22,數位雲端類指數,66.34
2024-03-22,運動休閒類指數,96.01
2024-03-22,居家生活類指數,106.49
2024-03-22,其他類指數,357.14
2024-03-21,發行量加權股價指數,20199.09
2024-03-21,水泥窯製類指數,583.82
2024-03-21,塑膠化工類指數,753.27
2024-03-21,機電類指數,5962.08
2024-03-21,水泥類指數,152.12
2024-03-21,食品類指數,2121.21
2024-03-21,塑膠類指數,187.49
2024-03-21,紡織纖維類指數,636.98
2024-03-21,電機機械類指數,413.37
2024-03-21,電器電纜類指數,107.38
2024-03-21,化學生技醫療類指數,130.96
2024-03-21,化學類指數,171.68
2024-03-21,生技醫療類指數,68.33
2024-03-21,玻璃陶瓷類指數,49.48
2024-03-21,造紙類指數,338.34
2024-03-21,鋼鐵類指數,140.12
2024-03-21,橡膠類指數,272.93
2024-03-21,汽車類指數,411.69
2024-03-21,電子工業類指數,1062.9
2024-03-21,半導體類指數,515.91
2024-03-21,電腦及週邊設備類指數,269.85
2024-03-21,光電類指數,38.39
2024-03-21,通信網路類指數,150.08
2024-03-21,電子零組件類指數,226.44
2024-03-21,電子通路類指數,282.49
2024-03-21,資訊服務類指數,193.64
2024-03-21,其他電子類指數,132.64
2024-03-21,建材營造類指數,474.95
2024-03-21,航運類指數,154.86
2024-03-21,觀光餐旅類指數,126.05
2024-03-21,金融保險類指數,1822.76
2024-03-21,貿易百貨類指數,279.39
2024-03-21,油電燃氣類指數,94.42
2024-03-21,綠能環保類指數,105.76
2024-03-21,數位雲端類指數,67.33
2024-03-21,運動休閒類指數,97.28
2024-03-21,居家生活類指數,107.15
2024-03-21,其他類指數,361.81
2024-03-20,發行量加權股價指數,19784.45
2024-03-20,水泥窯製類指數,574.37
2024-03-20,塑膠化工類指數,744.05
2024-03-20,機電類指數,5817.63
2024-03-20,水泥類指數,149.59
2024-03-20,食品類指數,2118.55
2024-03-20,塑膠類指數,184.2
2024-03-20,紡織纖維類指數,631.67
2024-03-20,電機機械類指數,401.41
2024-03-20,電器電纜類指數,105.26
2024-03-20,化學生技醫療類指數,130.17
2024-03-20,化學類指數,168.28
2024-03-20,生技醫療類指數,68.71
2024-03-20,玻璃陶瓷類指數,48.83
2024-03-20,造紙類指數,335.57
2024-03-20,鋼鐵類指數,138.24
2024-03-20,橡膠類指數,270.25
2024-03-20,汽車類指數,409.7
2024-03-20,電子工業類指數,1037.27
2024-03-20,半導體類指數,501.6
2024-03-20,電腦及週邊設備類指數,266.1
2024-03-20,光電類指數,38.25
2024-03-20,通信網路類指數,148.56
2024-03-20,電子零組件類指數,220.69
2024-03-20,電子通路類指數,277.73
2024-03-20,資訊服務類指數,194.54
2024-03-20,其他電子類指數,128.94
2024-03-20,建材營造類指數,466.69
2024-03-20,航運類指數,154.45
2024-03-20,觀光餐旅類指數,125.38
2024-03-20,金融保險類指數,1791.85
2024-03-20,貿易百貨類指數,276.52
2024-03-20,油電燃氣類指數,94.91
2024-03-20,綠能環保類指數,103.82
2024-03-20,數位雲端類指數,66.42
2024-03-20,運動休閒類指數,96.48
2024-03-20,居家生活類指數,106.11
2024-03-20,其他類指數,355.94
2024-03-19,發行量加權股價指數,19857.2
2024-03-19,水泥窯製類指數,578.58
2024-03-19,塑膠化工類指數,750.02
2024-03-19,機電類指數,5837.83
2024-03-19,水泥類指數,150.86
2024-03-19,食品類指數,2105.9
2024-03-19,塑膠類指數,187.5
2024-03-19,紡織纖維類指數,631.45
2024-03-19,電機機械類指數,397.07
2024-03-19,電器電纜類指數,105.77
2024-03-19,化學生技醫療類指數,130.1
2024-03-19,化學類指數,169.16
2024-03-19,生技醫療類指數,68.34
2024-03-19,玻璃陶瓷類指數,48.83
2024-03-19,造紙類指數,332.17
2024-03-19,鋼鐵類指數,139.09
2024-03-19,橡膠類指數,268.56
2024-03-19,汽車類指數,409.83
2024-03-19,電子工業類指數,1041.29
2024-03-19,半導體類指數,504.68
2024-03-19,電腦及週邊設備類指數,265.69
2024-03-19,光電類指數,37.84
2024-03-19,通信網路類指數,148.95
2024-03-19,電子零組件類指數,221.99
2024-03-19,電子通路類指數,282.83
2024-03-19,資訊服務類指數,195.13
2024-03-19,其他電子類指數,128.04
2024-03-19,建材營造類指數,467.92
2024-03-19,航運類指數,155.59
2024-03-19,觀光餐旅類指數,125.92
2024-03-19,金融保險類指數,1803.1
2024-03-19,貿易百貨類指數,276.97
2024-03-19,油電燃氣類指數,95.31
2024-03-19,綠能環保類指數,104.11
2024-03-19,數位雲端類指數,67.07
2024-03-19,運動休閒類指數,95.21
2024-03-19,居家生活類指數,106.82
2024-03-19,其他類指數,356.31
2024-03-18,發行量加權股價指數,19879.85
2024-03-18,水泥窯製類指數,584.51
2024-03-18,塑膠化工類指數,753.74
2024-03-18,機電類指數,5842.2
2024-03-18,水泥類指數,152.37
2024-03-18,食品類指數,2111.7
2024-03-18,塑膠類指數,188.39
2024-03-18,紡織纖維類指數,640.26
2024-03-18,電機機械類指數,397.69
2024-03-18,電器電纜類指數,107.0
2024-03-18,化學生技醫療類指數,130.3
2024-03-18,化學類指數,170.49
2024-03-18,生技醫療類指數,68.09
2024-03-18,玻璃陶瓷類指數,49.4
2024-03-18,造紙類指數,333.5
2024-03-18,鋼鐵類指數,139.25
2024-03-18,橡膠類指數,273.32
2024-03-18,汽車類指數,411.68
2024-03-18,電子工業類指數,1041.97
2024-03-18,半導體類指數,506.82
2024-03-18,電腦及週邊設備類指數,263.43
2024-03-18,光電類指數,37.92
2024-03-18,通信網路類指數,149.56
2024-03-18,電子零組件類指數,219.65
2024-03-18,電子通路類指數,280.73
2024-03-18,資訊服務類指數,194.56
2024-03-18,其他電子類指數,127.5
2024-03-18,建材營造類指數,469.24
2024-03-18,航運類指數,151.86
2024-03-18,觀光餐旅類指數,125.44
2024-03-18,金融保險類指數,1806.13
2024-03-18,貿易百貨類指數,278.91
2024-03-18,油電燃氣類指數,96.33
2024-03-18,綠能環保類指數,104.56
2024-03-18,數位雲端類指數,68.46
2024-03-18,運動休閒類指數,95.54
2024-03-18,居家生活類指數,108.35
2024-03-18,其他類指數,358.06
2024-03-15,發行量加權股價指數,19682.5
2024-03-15,水泥窯製類指數,584.71
2024-03-15,塑膠化工類指數,749.94
2024-03-15,機電類指數,5754.71
2024-03-15,水泥類指數,152.84
2024-03-15,食品類指數,2127.61
2024-03-15,塑膠類指數,188.47
2024-03-15,紡織纖維類指數,644.84
2024-03-15,電機機械類指數,384.65
2024-03-15,電器電纜類指數,106.42
2024-03-15,化學生技醫療類指數,129.09
2024-03-15,化學類指數,167.99
2024-03-15,生技醫療類指數,67.77
2024-03-15,玻璃陶瓷類指數,48.52
2024-03-15,造紙類指數,333.03
2024-03-15,鋼鐵類指數,139.54
2024-03-15,橡膠類指數,269.19
2024-03-15,汽車類指數,409.35
2024-03-15,電子工業類指數,1026.84
2024-03-15,半導體類指數,498.72
2024-03-15,電腦及週邊設備類指數,263.33
2024-03-15,光電類指數,37.87
2024-03-15,通信網路類指數,148.84
2024-03-15,電子零組件類指數,214.02
2024-03-15,電子通路類指數,276.51
2024-03-15,資訊服務類指數,191.43
2024-03-15,其他電子類指數,124.61
2024-03-15,建材營造類指數,467.46
2024-03-15,航運類指數,152.96
2024-03-15,觀光餐旅類指數,124.3
2024-03-15,金融保險類指數,1816.27
2024-03-15,貿易百貨類指數,278.14
2024-03-15,油電燃氣類指數,96.93
2024-03-15,綠能環保類指數,103.5
2024-03-15,數位雲端類指數,67.68
2024-03-15,運動休閒類指數,94.5
2024-03-15,居家生活類指數,108.05
2024-03-15,其他類指數,359.13
2024-03-14,發行量加權股價指數,19937.92
2024-03-14,水泥窯製類指數,587.92
2024-03-14,塑膠化工類指數,756.98
2024-03-14,機電類指數,5840.99
2024-03-14,水泥類指數,153.16
2024-03-14,食品類指數,2145.88
2024-03-14,塑膠類指數,191.62
2024-03-14,紡織纖維類指數,646.86
2024-03-14,電機機械類指數,383.95
2024-03-14,電器電纜類指數,105.63
2024-03-14,化學生技醫療類指數,129.45
2024-03-14,化學類指數,167.7
2024-03-14,生技醫療類指數,68.21
2024-03-14,玻璃陶瓷類指數,49.9
2024-03-14,造紙類指數,334.79
2024-03-14,鋼鐵類指數,140.44
2024-03-14,橡膠類指數,268.85
2024-03-14,汽車類指數,412.72
2024-03-14,電子工業類指數,1042.87
2024-03-14,半導體類指數,514.8
2024-03-14,電腦及週邊設備類指數,260.54
2024-03-14,光電類指數,38.02
2024-03-14,通信網路類指數,149.41
2024-03-14,電子零組件類指數,215.16
2024-03-14,電子通路類指數,265.66
2024-03-14,資訊服務類指數,190.99
2024-03-14,其他電子類指數,117.48
2024-03-14,建材營造類指數,471.54
2024-03-14,航運類指數,158.49
2024-03-14,觀光餐旅類指數,124.56
2024-03-14,金融保險類指數,1826.24
2024-03-14,貿易百貨類指數,278.3
2024-03-14,油電燃氣類指數,97.08
2024-03-14,綠能環保類指數,104.26
2024-03-14,數位雲端類指數,68.42
2024-03-14,運動休閒類指數,94.71
2024-03-14,居家生活類指數,108.8
2024-03-14,其他類指數,361.84
2024-03-13,發行量加權股價指數,19928.51
2024-03-13,水泥窯製類指數,581.82
2024-03-13,塑膠化工類指數,750.74
2024-03-13,機電類指數,5857.39
2024-03-13,水泥類指數,151.07
2024-03-13,食品類指數,2149.14
2024-03-13,塑膠類指數,189.12
2024-03-13,紡織纖維類指數,634.89
2024-03-13,電機機械類指數,377.95
2024-03-13,電器電纜類指數,102.57
2024-03-13,化學生技醫療類指數,129.31
2024-03-13,化學類指數,168.86
2024-03-13,生技醫療類指數,67.69
2024-03-13,玻璃陶瓷類指數,50.45
2024-03-13,造紙類指數,334.37
2024-03-13,鋼鐵類指數,140.66
2024-03-13,橡膠類指數,266.08
2024-03-13,汽車類指數,410.05
2024-03-13,電子工業類指數,1046.55
2024-03-13,半導體類指數,514.6
2024-03-13,電腦及週邊設備類指數,265.97
2024-03-13,光電類指數,37.93
2024-03-13,通信網路類指數,149.05
2024-03-13,電子零組件類指數,217.42
2024-03-13,電子通路類指數,276.39
2024-03-13,資訊服務類指數,191.87
2024-03-13,其他電子類指數,117.84
2024-03-13,建材營造類指數,468.99
2024-03-13,航運類指數,161.79
2024-03-13,觀光餐旅類指數,123.57
2024-03-13,金融保險類指數,1792.89
2024-03-13,貿易百貨類指數,279.27
2024-03-13,油電燃氣類指數,96.59
2024-03-13,綠能環保類指數,103.45
2024-03-13,數位雲端類指數,67.57
2024-03-13,運動休閒類指數,93.58
2024-03-13,居家生活類指數,111.24
2024-03-13,其他類指數,361.25
2024-03-12,發行量加權股價指數,19914.55
2024-03-12,水泥窯製類指數,587.64
2024-03-12,塑膠化工類指數,760.07
2024-03-12,機電類指數,5852.04
2024-03-12,水泥類指數,152.23
2024-03-12,食品類指數,2124.75
2024-03-12,塑膠類指數,192.09
2024-03-12,紡織纖維類指數,635.9
2024-03-12,電機機械類指數,372.8
2024-03-12,電器電纜類指數,103.24
2024-03-12,化學生技醫療類指數,130.82
2024-03-12,化學類指數,171.03
2024-03-12,生技醫療類指數,68.41
2024-03-12,玻璃陶瓷類指數,51.72
2024-03-12,造紙類指數,335.4
2024-03-12,鋼鐵類指數,141.46
2024-03-12,橡膠類指數,266.01
2024-03-12,汽車類指數,417.24
2024-03-12,電子工業類指數,1045.9
2024-03-12,半導體類指數,511.82
2024-03-12,電腦及週邊設備類指數,271.41
2024-03-12,光電類指數,38.24
2024-03-12,通信網路類指數,149.46
2024-03-12,電子零組件類指數,219.3
2024-03-12,電子通路類指數,277.88
2024-03-12,資訊服務類指數,190.05
2024-03-12,其他電子類指數,116.68
2024-03-12,建材營造類指數,467.65
2024-03-12,航運類指數,162.11
2024-03-12,觀光餐旅類指數,124.47
2024-03-12,金融保險類指數,1773.96
2024-03-12,貿易百貨類指數,278.93
2024-03-12,油電燃氣類指數,97.07
2024-03-12,綠能環保類指數,103.57
2024-03-12,數位雲端類指數,68.92
2024-03-12,運動休閒類指數,94.33
2024-03-12,居家生活類指數,111.49
2024-03-12,其他類指數,361.27
2024-03-11,發行量加權股價指數,19726.08
2024-03-11,水泥窯製類指數,584.95
2024-03-11,塑膠化工類指數,753.84
2024-03-11,機電類指數,5795.3
2024-03-11,水泥類指數,151.51
2024-03-11,食品類指數,2119.06
2024-03-11,塑膠類指數,190.62
2024-03-11,紡織纖維類指數,633.44
2024-03-11,電機機械類指數,368.99
2024-03-11,電器電纜類指數,102.23
2024-03-11,化學生技醫療類指數,129.53
2024-03-11,化學類指數,168.69
2024-03-11,生技醫療類指數,67.95
2024-03-11,玻璃陶瓷類指數,51.54
2024-03-11,造紙類指數,333.18
2024-03-11,鋼鐵類指數,139.79
2024-03-11,橡膠類指數,264.69
2024-03-11,汽車類指數,408.46
2024-03-11,電子工業類指數,1035.78
2024-03-11,半導體類指數,509.66
2024-03-11,電腦及週邊設備類指數,266.91
2024-03-11,光電類指數,37.71
2024-03-11,通信網路類指數,149.12
2024-03-11,電子零組件類指數,217.17
2024-03-11,電子通路類指數,275.83
2024-03-11,資訊服務類指數,187.33
2024-03-11,其他電子類指數,109.75
2024-03-11,建材營造類指數,458.99
2024-03-11,航運類指數,159.28
2024-03-11,觀光餐旅類指數,122.18
2024-03-11,金融保險類指數,1761.42
2024-03-11,貿易百貨類指數,278.68
2024-03-11,油電燃氣類指數,97.02
2024-03-11,綠能環保類指數,102.89
2024-03-11,數位雲端類指數,68.27
2024-03-11,運動休閒類指數,93.66
2024-03-11,居家生活類指數,110.73
2024-03-11,其他類指數,357.91
2024-03-08,發行量加權股價指數,19785.32
2024-03-08,水泥窯製類指數,584.45
2024-03-08,塑膠化工類指數,749.6
2024-03-08,機電類指數,5834.51
2024-03-08,水泥類指數,151.48
2024-03-08,食品類指數,2089.82
2024-03-08,塑膠類指數,189.16
2024-03-08,紡織纖維類指數,632.39
2024-03-08,電機機械類指數,363.99
2024-03-08,電器電纜類指數,100.78
2024-03-08,化學生技醫療類指數,128.99
2024-03-08,化學類指數,168.47
2024-03-08,生技醫療類指數,67.51
2024-03-08,玻璃陶瓷類指數,51.28
2024-03-08,造紙類指數,328.59
2024-03-08,鋼鐵類指數,140.17
2024-03-08,橡膠類指數,264.36
2024-03-08,汽車類指數,404.03
2024-03-08,電子工業類指數,1043.49
2024-03-08,半導體類指數,518.75
2024-03-08,電腦及週邊設備類指數,263.62
2024-03-08,光電類指數,37.06
2024-03-08,通信網路類指數,148.18
2024-03-08,電子零組件類指數,216.39
2024-03-08,電子通路類指數,279.53
2024-03-08,資訊服務類指數,184.97
2024-03-08,其他電子類指數,106.65
2024-03-08,建材營造類指數,452.95
2024-03-08,航運類指數,158.1
2024-03-08,觀光餐旅類指數,120.36
2024-03-08,金融保險類指數,1753.64
2024-03-08,貿易百貨類指數,277.47
2024-03-08,油電燃氣類指數,96.21
2024-03-08,綠能環保類指數,104.5
2024-03-08,數位雲端類指數,68.29
2024-03-08,運動休閒類指數,93.18
2024-03-08,居家生活類指數,110.07
2024-03-08,其他類指數,355.88
2024-03-07,發行量加權股價指數,19693.52
2024-03-07,水泥窯製類指數,587.34
2024-03-07,塑膠化工類指數,763.45
2024-03-07,機電類指數,5788.26
2024-03-07,水泥類指數,151.95
2024-03-07,食品類指數,2117.37
2024-03-07,塑膠類指數,191.96
2024-03-07,紡織纖維類指數,624.65
2024-03-07,電機機械類指數,377.74
2024-03-07,電器電纜類指數,101.46
2024-03-07,化學生技醫療類指數,132.67
2024-03-07,化學類指數,173.41
2024-03-07,生技醫療類指數,69.39
2024-03-07,玻璃陶瓷類指數,52.13
2024-03-07,造紙類指數,330.56
2024-03-07,鋼鐵類指數,140.34
2024-03-07,橡膠類指數,264.6
2024-03-07,汽車類指數,408.98
2024-03-07,電子工業類指數,1033.87
2024-03-07,半導體類指數,508.17
2024-03-07,電腦及週邊設備類指數,266.45
2024-03-07,光電類指數,37.55
2024-03-07,通信網路類指數,149.57
2024-03-07,電子零組件類指數,217.75
2024-03-07,電子通路類指數,283.46
2024-03-07,資訊服務類指數,185.71
2024-03-07,其他電子類指數,108.84
2024-03-07,建材營造類指數,457.57
2024-03-07,航運類指數,156.98
2024-03-07,觀光餐旅類指數,120.83
2024-03-07,金融保險類指數,1740.05
2024-03-07,貿易百貨類指數,277.01
2024-03-07,油電燃氣類指數,96.95
2024-03-07,綠能環保類指數,107.06
2024-03-07,數位雲端類指數,68.86
2024-03-07,運動休閒類指數,94.11
2024-03-07,居家生活類指數,111.56
2024-03-07,其他類指數,363.31
2024-03-06,發行量加權股價指數,19499.45
2024-03-06,水泥窯製類指數,587.21
2024-03-06,塑膠化工類指數,766.51
2024-03-06,機電類指數,5707.61
2024-03-06,水泥類指數,151.61
2024-03-06,食品類指數,2116.8
2024-03-06,塑膠類指數,192.51
2024-03-06,紡織纖維類指數,627.66
2024-03-06,電機機械類指數,382.01
2024-03-06,電器電纜類指數,103.24
2024-03-06,化學生技醫療類指數,133.65
2024-03-06,化學類指數,175.81
2024-03-06,生技醫療類指數,69.53
2024-03-06,玻璃陶瓷類指數,52.79
2024-03-06,造紙類指數,334.38
2024-03-06,鋼鐵類指數,140.97
2024-03-06,橡膠類指數,263.85
2024-03-06,汽車類指數,414.54
2024-03-06,電子工業類指數,1018.54
2024-03-06,半導體類指數,493.82
2024-03-06,電腦及週邊設備類指數,271.74
2024-03-06,光電類指數,37.75
2024-03-06,通信網路類指數,151.04
2024-03-06,電子零組件類指數,219.38
2024-03-06,電子通路類指數,284.51
2024-03-06,資訊服務類指數,186.94
2024-03-06,其他電子類指數,108.06
2024-03-06,建材營造類指數,456.41
2024-03-06,航運類指數,155.99
2024-03-06,觀光餐旅類指數,121.01
2024-03-06,金融保險類指數,1729.76
2024-03-06,貿易百貨類指數,279.78
2024-03-06,油電燃氣類指數,97.06
2024-03-06,綠能環保類指數,107.47
2024-03-06,數位雲端類指數,69.69
2024-03-06,運動休閒類指數,93.73
2024-03-06,居家生活類指數,111.57
2024-03-06,其他類指數,364.1
2024-03-05,發行量加權股價指數,19386.92
2024-03-05,水泥窯製類指數,585.91
2024-03-05,塑膠化工類指數,767.41
2024-03-05,機電類指數,5667.28
2024-03-05,水泥類指數,151.57
2024-03-05,食品類指數,2106.95
2024-03-05,塑膠類指數,192.96
2024-03-05,紡織纖維類指數,627.92
2024-03-05,電機機械類指數,378.33
2024-03-05,電器電纜類指數,103.05
2024-03-05,化學生技醫療類指數,133.66
2024-03-05,化學類指數,174.56
2024-03-05,生技醫療類指數,69.95
2024-03-05,玻璃陶瓷類指數,52.02
2024-03-05,造紙類指數,335.11
2024-03-05,鋼鐵類指數,140.73
2024-03-05,橡膠類指數,263.82
2024-03-05,汽車類指數,411.3
2024-03-05,電子工業類指數,1011.38
2024-03-05,半導體類指數,490.31
2024-03-05,電腦及週邊設備類指數,270.86
2024-03-05,光電類指數,37.67
2024-03-05,通信網路類指數,150.93
2024-03-05,電子零組件類指數,216.02
2024-03-05,電子通路類指數,278.41
2024-03-05,資訊服務類指數,186.19
2024-03-05,其他電子類指數,107.49
2024-03-05,建材營造類指數,452.36
2024-03-05,航運類指數,157.67
2024-03-05,觀光餐旅類指數,121.18
2024-03-05,金融保險類指數,1719.63
2024-03-05,貿易百貨類指數,278.22
2024-03-05,油電燃氣類指數,97.49
2024-03-05,綠能環保類指數,108.06
2024-03-05,數位雲端類指數,70.9
2024-03-05,運動休閒類指數,92.35
2024-03-05,居家生活類指數,109.37
2024-03-05,其他類指數,362.15
2024-03-04,發行量加權股價指數,19305.31
2024-03-04,水泥窯製類指數,586.1
2024-03-04,塑膠化工類指數,772.81
2024-03-04,機電類指數,5630.44
2024-03-04,水泥類指數,151.63
2024-03-04,食品類指數,2100.67
2024-03-04,塑膠類指數,195.18
2024-03-04,紡織纖維類指數,628.17
2024-03-04,電機機械類指數,380.1
2024-03-04,電器電纜類指數,103.72
2024-03-04,化學生技醫療類指數,133.76
2024-03-04,化學類指數,175.61
2024-03-04,生技醫療類指數,69.71
2024-03-04,玻璃陶瓷類指數,52.01
2024-03-04,造紙類指數,337.88
2024-03-04,鋼鐵類指數,140.82
2024-03-04,橡膠類指數,266.02
2024-03-04,汽車類指數,414.71
2024-03-04,電子工業類指數,1004.41
2024-03-04,半導體類指數,487.32
2024-03-04,電腦及週邊設備類指數,264.93
2024-03-04,光電類指數,37.93
2024-03-04,通信網路類指數,150.84
2024-03-04,電子零組件類指數,215.27
2024-03-04,電子通路類指數,278.87
2024-03-04,資訊服務類指數,184.27
2024-03-04,其他電子類指數,106.79
2024-03-04,建材營造類指數,448.54
2024-03-04,航運類指數,157.35
2024-03-04,觀光餐旅類指數,120.93
2024-03-04,金融保險類指數,1717.81
2024-03-04,貿易百貨類指數,278.37
2024-03-04,油電燃氣類指數,98.14
2024-03-04,綠能環保類指數,107.02
2024-03-04,數位雲端類指數,72.04
2024-03-04,運動休閒類指數,92.63
2024-03-04,居家生活類指數,109.68
2024-03-04,其他類指數,361.96
2024-03-01,發行量加權股價指數,18935.93
2024-03-01,水泥窯製類指數,585.93
2024-03-01,塑膠化工類指數,774.62
2024-03-01,機電類指數,5475.87
2024-03-01,水泥類指數,151.54
2024-03-01,食品類指數,2093.54
2024-03-01,塑膠類指數,196.91
2024-03-01,紡織纖維類指數,631.98
2024-03-01,電機機械類指數,384.04
2024-03-01,電器電纜類指數,103.69
2024-03-01,化學生技醫療類指數,132.98
2024-03-01,化學類指數,172.93
2024-03-01,生技醫療類指數,69.85
2024-03-01,玻璃陶瓷類指數,52.09
2024-03-01,造紙類指數,332.52
2024-03-01,鋼鐵類指數,141.13
2024-03-01,橡膠類指數,266.21
2024-03-01,汽車類指數,414.27
2024-03-01,電子工業類指數,975.57
2024-03-01,半導體類指數,467.57
2024-03-01,電腦及週邊設備類指數,264.95
2024-03-01,光電類指數,37.73
2024-03-01,通信網路類指數,149.83
2024-03-01,電子零組件類指數,213.86
2024-03-01,電子通路類指數,276.25
2024-03-01,資訊服務類指數,184.39
2024-03-01,其他電子類指數,103.41
2024-03-01,建材營造類指數,446.68
2024-03-01,航運類指數,155.83
2024-03-01,觀光餐旅類指數,121.48
2024-03-01,金融保險類指數,1716.56
2024-03-01,貿易百貨類指數,279.75
2024-03-01,油電燃氣類指數,98.5
2024-03-01,綠能環保類指數,105.6
2024-03-01,數位雲端類指數,72.47
2024-03-01,運動休閒類指數,92.47
2024-03-01,居家生活類指數,110.83
2024-03-01,其他類指數,362.63
2024-02-29,發行量加權股價指數,18966.77
2024-02-29,水泥窯製類指數,588.1
2024-02-29,塑膠化工類指數,779.55
2024-02-29,機電類指數,5476.91
2024-02-29,水泥類指數,152.01
2024-02-29,食品類指數,2105.55
2024-02-29,塑膠類指數,199.28
2024-02-29,紡織纖維類指數,629.14
2024-02-29,電機機械類指數,383.68
2024-02-29,電器電纜類指數,104.97
2024-02-29,化學生技醫療類指數,132.92
2024-02-29,化學類指數,172.1
2024-02-29,生技醫療類指數,70.07
2024-02-29,玻璃陶瓷類指數,52.49
2024-02-29,造紙類指數,332.98
2024-02-29,鋼鐵類指數,141.65
2024-02-29,橡膠類指數,267.09
2024-02-29,汽車類指數,415.35
2024-02-29,電子工業類指數,975.71
2024-02-29,半導體類指數,469.12
2024-02-29,電腦及週邊設備類指數,259.4
2024-02-29,光電類指數,37.97
2024-02-29,通信網路類指數,150.47
2024-02-29,電子零組件類指數,212.39
2024-02-29,電子通路類指數,283.16
2024-02-29,資訊服務類指數,185.65
2024-02-29,其他電子類指數,103.91
2024-02-29,建材營造類指數,444.5
2024-02-29,航運類指數,157.14
2024-02-29,觀光餐旅類指數,121.74
2024-02-29,金融保險類指數,1725.53
2024-02-29,貿易百貨類指數,278.91
2024-02-29,油電燃氣類指數,101.04
2024-02-29,綠能環保類指數,106.25
2024-02-29,數位雲端類指數,74.21
2024-02-29,運動休閒類指數,92.23
2024-02-29,居家生活類指數,109.1
2024-02-29,其他類指數,363.35
2026-08-17,發行量加權股價指數,45857.27
2026-08-17,水泥窯製類指數,617.79
2026-08-17,塑膠化工類指數,1079.6
2026-08-17,機電類指數,16140.87
2026-08-17,水泥類指數,119.8
2026-08-17,食品類指數,1909.81
2026-08-17,塑膠類指數,337.46
2026-08-17,紡織纖維類指數,475.57
2026-08-17,電機機械類指數,558.44
2026-08-17,電器電纜類指數,109.37
2026-08-17,化學生技醫療類指數,171.95
2026-08-17,化學類指數,190.9
2026-08-17,生技醫療類指數,99.22
2026-08-17,玻璃陶瓷類指數,139.7
2026-08-17,造紙類指數,282.45
2026-08-17,鋼鐵類指數,120.52
2026-08-17,橡膠類指數,194.03
2026-08-17,汽車類指數,294.27
2026-08-17,電子工業類指數,2932.26
2026-08-17,半導體類指數,1538.32
2026-08-17,電腦及週邊設備類指數,459.27
2026-08-17,光電類指數,66.68
2026-08-17,通信網路類指數,239.44
2026-08-17,電子零組件類指數,968.63
2026-08-17,電子通路類指數,362.67
2026-08-17,資訊服務類指數,227.06
2026-08-17,其他電子類指數,284.2
2026-08-17,建材營造類指數,458.59
2026-08-17,航運類指數,202.27
2026-08-17,觀光餐旅類指數,100.33
2026-08-17,金融保險類指數,3155.65
2026-08-17,貿易百貨類指數,235.78
2026-08-17,油電燃氣類指數,96.92
2026-08-17,綠能環保類指數,136.34
2026-08-17,數位雲端類指數,41.27
2026-08-17,運動休閒類指數,58.35
2026-08-17,居家生活類指數,100.86
2026-08-17,其他類指數,278.18
2026-08-18,發行量加權股價指數,45308.68
2026-08-18,水泥窯製類指數,609.01
2026-08-18,塑膠化工類指數,1075.96
2026-08-18,機電類指數,15896.73
2026-08-18,水泥類指數,119.45
2026-08-18,食品類指數,1926.04
2026-08-18,塑膠類指數,336.84
2026-08-18,紡織纖維類指數,472.71
2026-08-18,電機機械類指數,553.88
2026-08-18,電器電纜類指數,106.54
2026-08-18,化學生技醫療類指數,170.84
2026-08-18,化學類指數,188.65
2026-08-18,生技醫療類指數,98.79
2026-08-18,玻璃陶瓷類指數,134.83
2026-08-18,造紙類指數,279.7
2026-08-18,鋼鐵類指數,120.59
2026-08-18,橡膠類指數,195.08
2026-08-18,汽車類指數,291.72
2026-08-18,電子工業類指數,2887.68
2026-08-18,半導體類指數,1515.6
2026-08-18,電腦及週邊設備類指數,450.23
2026-08-18,光電類指數,66.33
2026-08-18,通信網路類指數,236.74
2026-08-18,電子零組件類指數,952.3
2026-08-18,電子通路類指數,359.64
2026-08-18,資訊服務類指數,224.8
2026-08-18,其他電子類指數,279.28
2026-08-18,建材營造類指數,456.24
2026-08-18,航運類指數,206.5
2026-08-18,觀光餐旅類指數,99.77
2026-08-18,金融保險類指數,3178.56
2026-08-18,貿易百貨類指數,237.04
2026-08-18,油電燃氣類指數,97.9
2026-08-18,綠能環保類指數,133.96
2026-08-18,數位雲端類指數,40.86
2026-08-18,運動休閒類指數,57.74
2026-08-18,居家生活類指數,100.66
2026-08-18,其他類指數,276.8
2026-08-19,發行量加權股價指數,44719.35
2026-08-19,水泥窯製類指數,611.37
2026-08-19,塑膠化工類指數,1044.42
2026-08-19,機電類指數,15678.19
2026-08-19,水泥類指數,119.66
2026-08-19,食品類指數,1944.86
2026-08-19,塑膠類指數,319.1
2026-08-19,紡織纖維類指數,472.2
2026-08-19,電機機械類指數,549.16
2026-08-19,電器電纜類指數,105.96
2026-08-19,化學生技醫療類指數,170.62
2026-08-19,化學類指數,187.59
2026-08-19,生技醫療類指數,98.83
2026-08-19,玻璃陶瓷類指數,135.89
2026-08-19,造紙類指數,282.67
2026-08-19,鋼鐵類指數,120.96
2026-08-19,橡膠類指數,194.46
2026-08-19,汽車類指數,290.75
2026-08-19,電子工業類指數,2847.7
2026-08-19,半導體類指數,1494.45
2026-08-19,電腦及週邊設備類指數,452.87
2026-08-19,光電類指數,66.43
2026-08-19,通信網路類指數,232.79
2026-08-19,電子零組件類指數,932.86
2026-08-19,電子通路類指數,356.99
2026-08-19,資訊服務類指數,227.01
2026-08-19,其他電子類指數,272.13
2026-08-19,建材營造類指數,456.33
2026-08-19,航運類指數,208.28
2026-08-19,觀光餐旅類指數,100.3
2026-08-19,金融保險類指數,3145.21
2026-08-19,貿易百貨類指數,240.15
2026-08-19,油電燃氣類指數,95.74
2026-08-19,綠能環保類指數,130.5
2026-08-19,數位雲端類指數,40.76
2026-08-19,運動休閒類指數,58.59
2026-08-19,居家生活類指數,100.24
2026-08-19,其他類指數,276.93
